Date,Prev Close,Open,High,Low,Close,Volume,Turnover,Trades
2017-01-02,71.45,71.0,71.0,67.5,70.15,11218,784524.1,256
2017-01-03,70.15,70.0,77.15,69.0,77.15,78658,5972286.85,787
2017-01-04,77.15,81.5,83.0,76.15,76.7,68109,5366411.15,1051
2017-01-05,76.7,77.0,78.05,76.2,76.5,13695,1052468.2,223
2017-01-06,76.5,76.5,77.8,74.65,75.25,18196,1381325.2,413
2017-01-09,75.25,73.4,77.9,73.4,76.4,13933,1065043.35,288
2017-01-10,76.4,77.05,78.8,76.2,76.55,21387,1654718.95,294
2017-01-11,76.55,78.5,78.5,75.05,76.1,10771,822432.15,194
2017-01-12,76.1,78.95,78.95,75.0,76.3,10980,839478.35,199
2017-01-13,76.3,76.8,78.5,75.55,77.15,19762,1527331.3,489
2017-01-16,77.15,77.55,77.85,76.1,76.6,12850,987986.85,183
2017-01-17,76.6,76.7,77.9,76.5,76.85,5450,419498.25,135
2017-01-18,76.85,77.0,78.25,77.0,77.1,13705,1061021.05,228
2017-01-19,77.1,76.8,78.0,76.8,77.6,5988,464116.6,126
2017-01-20,77.6,77.15,77.6,74.0,75.65,10235,781372.15,144
2017-01-23,75.65,77.0,77.0,75.1,75.55,2925,221656.65,99
2017-01-24,75.55,76.9,77.0,75.5,76.55,6273,480320.7,190
2017-01-25,76.55,76.2,77.45,75.5,76.15,9330,711017.3,202
2017-01-27,76.15,76.55,81.85,75.55,77.55,70858,5571233.75,1009
2017-01-30,77.55,78.8,78.8,76.55,77.35,15570,1209281.4,272
2017-01-31,77.35,78.0,78.0,75.55,76.0,9136,694926.2,184
2017-02-01,76.0,76.45,78.05,76.1,76.25,9915,760622.95,153
2017-02-02,76.25,76.0,77.0,75.0,75.4,10404,790228.45,153
2017-02-03,75.4,75.4,79.5,75.2,78.55,33192,2589725.05,475
2017-02-06,78.55,78.95,79.95,78.5,78.8,23022,1820204.15,312
2017-02-07,78.8,79.05,89.3,78.5,81.8,204114,17269124.15,3260
2017-02-08,81.8,82.0,84.8,82.0,82.95,36625,3041456.9,805
2017-02-09,82.95,82.9,88.9,82.5,83.5,28934,2424685.95,421
2017-02-10,83.5,83.3,88.2,82.5,84.4,178491,15329826.9,3073
2017-02-13,84.4,84.7,86.8,82.6,84.25,31520,2647368.6,442
2017-02-14,84.25,84.5,84.5,80.4,81.35,15401,1260902.55,411
2017-02-15,81.35,82.85,82.85,77.4,78.75,14641,1158098.3,366
2017-02-16,78.75,79.1,79.1,77.45,78.75,7990,626875.1,178
2017-02-17,78.75,78.9,79.0,75.5,77.15,8178,633794.35,199
2017-02-20,77.15,78.55,87.9,77.8,83.75,250940,21258141.2,3414
2017-02-21,83.75,83.1,84.0,81.25,81.9,24902,2054911.05,502
2017-02-22,81.9,81.7,82.5,79.55,80.3,18622,1507869.5,409
2017-02-23,80.3,80.05,81.8,79.0,80.15,19078,1533949.5,361
2017-02-27,80.15,81.0,81.5,78.6,79.05,18334,1458821.55,333
2017-02-28,79.05,80.0,80.5,79.05,79.35,9615,766182.85,223
2017-03-01,79.35,80.5,81.95,79.0,79.7,12241,982713.25,219
2017-03-02,79.7,80.05,80.85,78.2,79.3,28049,2223089.2,395
2017-03-03,79.3,79.15,79.15,77.2,78.05,9201,720845.35,179
2017-03-06,78.05,78.2,79.9,78.0,78.2,8612,676238.7,189
2017-03-07,78.2,78.25,79.0,77.5,77.9,11394,893557.3,153
2017-03-08,77.9,77.75,78.0,76.2,76.55,14988,1158962.3,190
2017-03-09,76.55,77.1,77.95,76.0,76.65,9148,701272.5,157
2017-03-10,76.65,77.9,77.9,76.2,76.6,5613,430569.8,123
2017-03-14,76.6,77.05,78.8,75.4,76.75,10310,793456.05,199
2017-03-15,76.75,77.05,79.0,76.2,76.6,17399,1347247.1,559
2017-03-16,76.6,77.9,82.75,77.3,79.65,83271,6707584.25,1155
2017-03-17,79.65,80.0,81.35,78.3,78.9,18180,1453398.25,293
2017-03-20,78.9,79.0,79.7,76.5,77.3,12219,944835.75,207
2017-03-21,77.3,77.0,77.85,74.0,76.2,14023,1068282.8,232
2017-03-22,76.2,77.0,77.0,74.95,75.25,10109,764629.5,166
2017-03-23,75.25,76.4,77.9,74.6,75.8,12421,945319.0,268
2017-03-24,75.8,76.4,78.4,76.0,76.5,13602,1042876.85,165
2017-03-27,76.5,76.5,77.65,75.2,75.65,9774,739812.05,168
2017-03-28,75.65,77.0,77.0,75.4,75.6,7356,558110.5,127
2017-03-29,75.6,77.1,77.1,74.8,75.1,13372,1009041.85,187
2017-03-30,75.1,76.5,76.9,74.5,74.65,10250,769435.8,153
2017-03-31,74.65,75.0,76.0,74.3,74.45,15843,1186669.25,245
2017-04-03,74.45,75.35,78.8,74.3,77.55,45594,3526096.3,556
2017-04-05,77.55,77.1,78.65,76.2,77.85,13937,1082187.7,174
2017-04-06,77.85,78.5,79.0,77.1,77.6,12408,967933.7,172
2017-04-07,77.6,77.0,82.0,77.0,78.1,54045,4299571.05,535
2017-04-10,78.1,78.8,78.8,77.25,78.0,6271,489168.25,162
2017-04-11,78.0,78.0,79.7,77.65,78.3,12912,1013408.75,194
2017-04-12,78.3,78.1,82.9,77.0,79.05,84195,6792839.1,1359
2017-04-13,79.05,80.4,81.5,78.2,78.65,28598,2274351.65,467
2017-04-17,78.65,78.5,80.5,78.0,78.45,12091,955150.0,238
2017-04-18,78.45,78.55,82.8,78.55,79.55,74314,5984056.6,1060
2017-04-19,79.55,79.75,79.75,78.3,78.6,9026,712451.95,153
2017-04-20,78.6,80.4,81.45,79.0,79.9,30137,2420353.8,443
2017-04-21,79.9,80.5,81.0,77.5,77.95,26314,2084410.7,416
2017-04-24,77.95,79.0,80.65,77.0,79.45,17274,1367119.05,318
2017-04-25,79.45,79.9,80.25,78.5,79.25,8450,672159.35,172
2017-04-26,79.25,79.95,82.25,79.15,79.75,57619,4643662.2,641
2017-04-27,79.75,79.5,80.5,78.9,79.2,7348,585300.35,119
2017-04-28,79.2,78.55,79.85,78.1,78.5,14283,1125121.15,152
2017-05-02,78.5,79.5,79.5,75.0,77.1,10223,790230.4,190
2017-05-03,77.1,77.1,80.5,77.1,78.3,27424,2167788.05,293
2017-05-04,78.3,78.1,80.45,77.55,77.9,13132,1032284.0,164
2017-05-05,77.9,79.0,79.0,77.2,77.45,5440,423395.6,130
2017-05-08,77.45,77.5,78.5,77.2,77.7,6532,509200.9,94
2017-05-09,77.7,77.6,78.3,77.0,77.25,11619,901213.25,171
2017-05-10,77.25,78.6,78.6,76.7,77.15,9162,709753.5,123
2017-05-11,77.15,78.4,78.5,77.2,77.65,17800,1386054.15,183
2017-05-12,77.65,78.1,78.1,77.05,77.4,9648,747058.75,94
2017-05-15,77.4,80.2,81.5,79.1,80.6,92009,7378650.3,1075
2017-05-16,80.6,81.0,85.9,81.0,82.45,97475,8111444.3,1365
2017-05-17,82.45,83.0,83.0,79.6,80.25,37887,3058216.2,783
2017-05-18,80.25,80.65,80.9,77.85,78.4,12935,1023017.5,212
2017-05-19,78.4,79.55,79.85,77.5,77.8,12947,1011718.95,230
2017-05-22,77.8,80.1,80.1,78.5,78.6,8394,662100.2,139
2017-05-23,78.6,79.75,80.0,73.5,76.05,23467,1801127.15,523
2017-05-24,76.05,78.55,78.55,74.1,74.85,17410,1314764.1,343
2017-05-25,74.85,74.8,75.9,73.25,74.35,14824,1103230.45,349
2017-05-26,74.35,74.75,75.4,73.75,74.5,10766,803873.55,185
2017-05-29,74.5,76.75,78.5,74.2,75.1,31603,2406099.15,493
2017-05-30,75.1,76.4,76.8,74.2,74.95,17206,1298862.7,233
2017-05-31,74.95,76.2,76.2,74.4,75.05,8568,642750.0,248
2017-06-01,75.05,75.0,75.3,74.2,74.4,6517,486658.3,128
2017-06-02,74.4,74.3,76.5,74.25,74.65,9612,719282.55,214
2017-06-05,74.65,75.25,84.75,74.85,80.9,230344,18846221.55,2882
2017-06-06,80.9,81.0,81.85,75.1,76.65,42249,3285985.5,816
2017-06-07,76.65,78.0,78.0,76.4,77.75,15261,1177934.45,343
2017-06-08,77.75,77.1,79.5,77.1,77.5,7511,586048.65,235
2017-06-09,77.5,77.2,78.0,76.3,76.55,8315,638900.55,145
2017-06-12,76.55,76.55,76.75,75.75,76.05,5978,455617.15,107
2017-06-13,76.05,77.75,77.75,76.15,76.4,6989,536236.55,221
2017-06-14,76.4,77.0,77.9,76.2,76.65,10629,817878.0,229
2017-06-15,76.65,76.5,77.7,75.85,76.0,11155,854138.25,119
2017-06-16,76.0,75.1,76.8,75.1,75.55,15489,1177279.2,211
2017-06-19,75.55,75.5,77.55,75.15,75.7,13183,1002727.95,222
2017-06-20,75.7,76.5,76.85,74.65,75.15,20013,1513656.1,244
2017-06-21,75.15,75.15,76.5,75.0,75.3,6178,466363.25,126
2017-06-22,75.3,75.4,76.9,74.5,75.1,20360,1539725.55,280
2017-06-23,75.1,75.5,75.85,73.2,73.45,10486,777989.15,173
2017-06-27,73.45,74.65,74.95,71.65,72.05,9618,701071.3,207
2017-06-28,72.05,71.3,73.0,71.1,71.6,6959,499237.35,116
2017-06-29,71.6,72.0,72.35,71.0,71.6,7651,549589.8,155
2017-06-30,71.6,72.0,72.0,71.05,71.55,6699,478942.4,134
2017-07-03,71.55,71.55,73.0,71.0,71.5,9314,668674.55,115
2017-07-04,71.5,72.4,73.25,72.0,72.4,9610,698210.45,139
2017-07-05,72.4,72.5,73.85,71.15,72.45,9633,698636.05,213
2017-07-06,72.45,73.15,74.7,71.7,72.8,24975,1825901.95,299
2017-07-07,72.8,72.0,74.35,72.0,72.75,8516,621853.1,143
2017-07-10,72.75,69.5,76.0,66.8,72.95,4261,304068.2,86
2017-07-11,72.95,72.15,74.3,72.15,73.3,6947,509962.8,155
2017-07-12,73.3,73.0,73.8,71.0,72.45,10300,745372.15,177
2017-07-13,72.45,72.4,73.65,72.2,72.75,6694,487958.15,112
2017-07-14,72.75,73.4,74.0,70.6,70.75,20212,1442378.45,263
2017-07-17,70.75,70.6,72.1,70.4,71.7,4365,311792.65,87
2017-07-18,71.7,72.0,74.7,70.5,72.8,28226,2063273.65,498
2017-07-19,72.8,73.0,73.0,71.5,71.9,8654,622126.65,160
2017-07-20,71.9,72.1,73.4,71.2,71.55,9326,672563.0,123
2017-07-21,71.55,72.5,72.5,69.0,70.7,23167,1637496.0,333
2017-07-24,70.7,70.5,72.45,69.2,70.1,24581,1746533.0,398
2017-07-25,70.1,70.35,71.35,69.0,70.0,10864,758835.9,175
2017-07-26,70.0,71.0,71.0,69.15,69.45,7818,546876.95,129
2017-07-27,69.45,69.2,70.45,69.0,69.05,12746,884234.0,168
2017-07-28,69.05,69.25,69.75,68.1,68.75,12036,830693.05,99
2017-07-31,68.75,69.1,69.9,66.55,67.0,20337,1374360.7,245
2017-08-01,67.0,67.75,67.95,66.0,66.1,9649,642916.8,161
2017-08-02,66.1,67.5,67.9,64.0,65.4,10813,712541.6,203
2017-08-03,65.4,65.5,65.5,64.4,64.7,8372,543157.1,101
2017-08-04,64.7,65.9,65.9,61.5,63.65,8565,547047.1,142
2017-08-07,63.65,65.5,67.2,64.3,64.4,4947,324220.2,79
2017-08-08,64.4,64.5,65.25,63.0,63.15,11591,741599.1,124
2017-08-09,63.15,63.15,63.4,61.0,61.3,9988,618296.5,160
2017-08-10,61.3,60.95,61.0,58.25,58.75,10946,648154.85,172
2017-08-11,58.75,56.15,57.9,55.3,57.2,9440,537095.2,139
2017-08-14,57.2,59.8,62.0,57.95,60.45,12399,751130.3,196
2017-08-16,60.45,60.6,61.8,60.5,60.95,5987,365914.65,58
2017-08-17,60.95,60.6,63.5,60.6,61.7,6956,428472.05,134
2017-08-18,61.7,61.0,61.0,59.05,60.1,3274,196797.65,96
2017-08-21,60.1,60.1,60.4,56.3,56.65,12777,744532.35,190
2017-08-22,56.65,56.75,58.75,52.0,52.95,27724,1519312.35,439
2017-08-23,52.95,55.0,55.4,54.0,54.95,11251,617983.55,160
2017-08-24,54.95,55.05,56.0,54.2,54.8,5242,287486.85,77
2017-08-28,54.8,55.0,56.95,55.0,55.8,8499,474862.5,110
2017-08-29,55.8,55.6,58.4,54.05,56.7,7386,415986.95,118
2017-08-30,56.7,57.7,58.9,56.0,57.85,19409,1126820.95,267
2017-08-31,57.85,58.0,58.9,56.5,57.6,9007,521031.6,196
2017-09-01,57.6,58.0,62.5,57.2,60.85,33832,2060996.7,421
2017-09-04,60.85,62.35,64.45,59.45,63.6,33675,2126435.3,523
2017-09-05,63.6,63.3,76.3,63.2,76.3,377465,28083561.55,2958
2017-09-06,76.3,80.0,87.8,78.2,85.05,1022275,86878466.7,11096
2017-09-07,85.05,85.65,85.65,76.7,77.75,226801,18138321.45,2669
2017-09-08,77.75,78.0,81.4,73.55,74.9,165490,12685797.8,2221
2017-09-11,74.9,74.5,74.85,67.9,68.6,92066,6490606.2,1446
2017-09-12,68.6,68.0,73.0,68.0,69.4,72655,5097738.85,1092
2017-09-13,69.4,68.3,71.7,67.9,68.4,56558,3918650.8,882
2017-09-14,68.4,69.0,70.6,67.1,67.95,33639,2317354.4,903
2017-09-15,67.95,68.1,68.35,65.65,66.25,20862,1396690.35,432
2017-09-18,66.25,66.9,67.35,65.05,65.35,16807,1112009.15,310
2017-09-19,65.35,66.0,71.85,65.15,68.6,170492,11969343.45,1182
2017-09-20,68.6,69.55,69.7,67.05,67.85,11368,775781.75,305
2017-09-21,67.85,68.5,68.85,66.45,66.55,13274,889771.95,345
2017-09-22,66.55,67.0,67.0,63.0,63.35,22183,1430568.8,338
2017-09-25,63.35,65.7,65.75,59.0,61.4,22320,1379600.25,462
2017-09-26,61.4,62.5,62.5,59.8,60.85,23859,1453976.8,594
2017-09-27,60.85,61.0,62.7,59.0,59.8,13044,791552.35,377
2017-09-28,59.8,60.0,61.7,59.15,61.35,7722,471799.05,177
2017-09-29,61.35,62.5,62.6,60.3,60.6,9292,571211.8,177
2017-10-03,60.6,63.0,63.0,60.0,60.5,5883,357036.45,163
2017-10-04,60.5,61.0,62.1,60.5,60.95,5919,362779.9,190
2017-10-05,60.95,60.1,61.8,60.1,60.75,14846,907103.9,202
2017-10-06,60.75,61.05,66.8,61.05,66.8,97790,6387675.9,1051
2017-10-09,66.8,72.0,80.15,70.0,80.15,1090761,85939701.8,5615
2017-10-10,80.15,81.3,81.4,71.25,72.9,322678,24470208.35,4114
2017-10-11,72.9,74.0,74.5,69.0,69.6,108950,7788321.4,1277
2017-10-12,69.6,71.0,71.1,68.65,69.25,39144,2737758.4,682
2017-10-13,69.25,70.0,73.45,70.0,71.15,77314,5565871.15,964
2017-10-16,71.15,72.95,73.95,71.05,71.35,26222,1892840.75,446
2017-10-17,71.35,72.8,72.8,69.1,69.95,20533,1437028.5,413
2017-10-18,69.95,69.95,73.7,68.95,70.0,44187,3130014.45,580
2017-10-19,70.0,70.5,71.6,69.1,69.85,9587,674838.0,106
2017-10-23,69.85,70.0,70.15,66.95,67.6,22165,1511215.85,317
2017-10-24,67.6,67.75,70.55,67.0,68.2,31351,2141835.15,479
2017-10-25,68.2,68.2,68.65,66.5,66.85,14273,959726.5,316
2017-10-26,66.85,68.9,71.9,66.9,68.15,18376,1253211.45,311
2017-10-27,68.15,67.05,78.8,67.0,73.45,393831,29485929.2,3993
2017-10-30,73.45,75.0,79.4,72.1,73.3,152311,11532630.35,1927
2017-10-31,73.3,73.3,78.0,72.05,75.1,120818,9110041.55,1147
2017-11-01,75.1,74.05,77.0,74.05,74.35,35656,2687253.0,531
2017-11-02,74.35,74.0,77.0,73.4,76.3,45552,3445524.95,481
2017-11-03,76.3,78.7,82.5,76.35,77.15,242155,19225578.9,2504
2017-11-06,77.15,76.7,77.95,74.2,74.65,27514,2071050.25,450
2017-11-07,74.65,74.5,75.8,72.5,73.0,22863,1685249.25,316
2017-11-08,73.0,73.0,73.95,70.2,71.1,24517,1749160.35,494
2017-11-09,71.1,70.55,72.5,69.6,70.05,18359,1297478.65,363
2017-11-10,70.05,70.5,73.1,68.3,70.15,66717,4724424.35,618
2017-11-13,70.15,71.2,80.0,70.2,73.5,207285,15634865.7,2096
2017-11-14,73.5,72.6,75.95,72.6,74.45,30169,2241836.9,435
2017-11-15,74.45,74.05,74.2,72.05,72.4,17799,1298572.2,348
2017-11-16,72.4,72.4,72.8,70.4,71.45,14044,1005506.95,261
2017-11-17,71.45,74.5,74.5,72.0,72.75,14212,1034113.8,230
2017-11-20,72.75,72.95,73.65,72.15,72.65,25004,1824709.3,260
2017-11-21,72.65,73.8,77.0,71.2,72.05,45661,3339609.7,690
2017-11-22,72.05,71.35,73.5,71.25,72.1,14191,1027129.4,192
2017-11-23,72.1,72.95,73.0,71.55,72.05,8876,643076.0,173
2017-11-24,72.05,73.0,74.15,72.1,72.7,34636,2538132.8,468
2017-11-27,72.7,73.05,74.85,70.05,72.85,36248,2653256.7,537
2017-11-28,72.85,73.8,73.9,72.0,72.15,17503,1268687.55,172
2017-11-29,72.15,72.5,74.0,71.05,72.0,28756,2081172.7,472
2017-11-30,72.0,72.0,72.7,71.1,71.35,10988,788053.0,324
2017-12-01,71.35,72.55,73.0,70.3,70.95,36734,2638088.2,450
2017-12-04,70.95,72.4,72.4,67.55,69.05,21971,1537188.05,485
2017-12-05,69.05,69.2,70.4,68.05,68.6,11051,763145.75,332
2017-12-06,68.6,69.0,69.9,68.1,68.6,9050,624049.75,233
2017-12-07,68.6,69.25,72.0,68.6,71.35,60560,4287650.3,515
2017-12-08,71.35,72.35,73.0,70.3,71.3,30792,2222613.25,839
2017-12-11,71.3,71.4,75.5,69.3,72.9,47700,3493079.75,720
2017-12-12,72.9,74.0,74.1,71.2,71.6,7421,536004.2,164
2017-12-13,71.6,71.25,72.6,70.3,70.8,11172,800438.65,342
2017-12-14,70.8,70.5,71.0,69.15,69.5,7707,537890.65,145
2017-12-15,69.5,72.8,72.8,69.7,70.05,7659,537602.25,159
2017-12-18,70.05,72.0,73.5,69.35,72.2,39999,2868718.4,750
2017-12-19,72.2,71.5,76.0,71.1,72.7,39556,2887543.3,541
2017-12-20,72.7,73.0,73.9,70.65,73.5,35397,2587171.8,757
2017-12-21,73.5,74.2,76.6,74.2,75.15,74121,5588930.5,1678
2017-12-22,75.15,76.6,76.6,72.3,73.25,25716,1910500.65,623
2017-12-26,73.25,73.8,74.65,72.55,73.75,27721,2043631.65,652
2017-12-27,73.75,73.5,74.55,72.55,73.0,19171,1409877.1,342
2017-12-28,73.0,74.0,74.5,72.0,72.5,11612,846383.2,123
2017-12-29,72.5,72.65,75.35,72.6,73.25,43786,3228144.05,463
2018-01-01,73.25,72.45,74.85,71.85,72.3,29567,2155489.5,440
2018-01-02,43.3,42.25,45.5,42.25,43.15,7038,307647.5,113
2018-01-03,73.45,73.95,73.95,72.5,73.15,25161,1839759.7,287
2018-01-04,73.15,73.85,74.25,72.5,73.0,14724,1077458.75,237
2018-01-05,73.0,73.0,79.5,73.0,76.6,97799,7507273.7,1228
2018-01-08,76.6,78.0,79.7,75.7,76.4,24079,1851513.95,292
2018-01-09,76.4,76.65,76.7,74.45,74.75,22077,1665512.8,197
2018-01-10,74.75,76.0,78.25,75.65,77.8,87291,6737353.55,994
2018-01-11,77.8,78.5,78.5,75.0,75.55,30209,2285759.6,512
2018-01-12,75.55,76.0,78.4,75.3,75.85,47159,3620124.85,612
2018-01-15,75.85,75.1,77.35,75.1,75.9,19627,1491898.85,252
2018-01-16,75.9,75.1,75.8,73.55,73.75,19408,1443564.1,191
2018-01-17,73.75,74.35,74.35,72.0,73.45,10825,790597.9,252
2018-01-18,73.45,73.15,74.0,71.0,71.8,16760,1215212.9,196
2018-01-19,71.8,73.7,73.7,70.4,71.2,13027,928428.4,233
2018-01-22,71.2,72.3,72.3,70.65,71.05,6010,427390.35,102
2018-01-23,71.05,70.3,72.7,70.0,70.4,7325,518314.85,166
2018-01-24,70.4,70.15,72.5,69.1,70.25,42656,3037456.3,500
2018-01-25,70.25,70.0,71.3,68.2,69.2,13889,962147.75,178
2018-01-29,69.2,68.95,71.4,67.55,68.0,15055,1036976.0,221
2018-01-30,68.0,68.0,69.1,65.3,65.95,13575,908385.75,344
2018-01-31,65.95,66.0,67.0,64.1,65.55,11276,741795.75,314
2018-02-01,65.55,67.0,68.5,64.05,65.0,14070,923353.95,195
2018-02-02,65.0,64.0,65.0,60.2,61.35,28937,1810567.3,694
2018-02-05,61.35,61.25,62.9,58.45,61.9,10346,631217.25,225
2018-02-06,61.9,61.85,61.85,57.0,57.85,25548,1479315.55,385
2018-02-07,57.85,58.95,59.9,58.5,59.0,8612,510108.1,120
2018-02-08,59.0,59.0,62.75,59.0,61.65,11296,689022.0,228
2018-02-09,61.65,60.0,61.45,58.9,60.6,4339,263137.1,93
2018-02-12,60.6,60.75,72.7,58.5,72.7,105438,7351487.6,1407
2018-02-14,72.7,81.7,87.2,78.05,87.05,1034269,87645580.6,9398
2018-02-15,87.05,90.0,92.1,79.15,81.4,527140,44934985.4,7713
2018-02-16,81.4,81.5,83.45,76.0,77.55,135373,10766248.85,2234
2018-02-19,77.55,77.0,79.0,74.6,77.5,64863,4969128.95,1223
2018-02-20,77.5,76.0,84.8,75.6,82.75,162693,13386232.85,3087
2018-02-21,82.75,83.9,85.9,81.0,82.25,146361,12153477.4,2065
2018-02-22,82.25,81.15,81.3,78.7,79.5,23310,1864944.05,589
2018-02-23,79.5,79.5,80.95,77.55,78.55,25002,1974934.4,600
2018-02-26,78.55,78.55,81.0,77.8,78.05,22246,1760230.55,341
2018-02-27,78.05,77.25,79.1,71.1,76.7,29297,2235552.75,549
2018-02-28,76.7,77.0,77.5,75.15,75.7,13837,1051864.95,276
2018-03-01,75.7,77.0,77.0,74.6,74.85,14832,1115857.6,193
2018-03-05,74.85,74.5,75.8,72.25,73.8,19304,1417154.55,375
2018-03-06,73.8,73.25,77.9,73.25,75.15,29065,2202413.5,797
2018-03-07,75.15,78.0,78.0,70.7,71.8,51726,3809416.35,544
2018-03-08,71.8,74.6,75.0,71.5,71.9,39988,2915324.9,399
2018-03-09,71.9,72.0,75.8,70.55,71.65,52675,3837075.8,633
2018-03-12,71.65,74.6,74.6,71.65,71.75,17546,1271896.85,283
2018-03-13,71.75,71.8,74.4,71.05,72.85,43510,3162005.5,585
2018-03-14,72.85,71.3,72.9,71.1,71.65,9206,659811.25,278
2018-03-15,71.65,71.5,78.8,71.15,74.15,103476,7854421.05,1104
2018-03-16,74.15,75.45,75.9,71.1,71.65,34067,2483952.75,602
2018-03-19,71.65,72.15,72.75,70.2,70.55,22341,1585566.6,241
2018-03-20,70.55,70.65,71.5,70.0,70.2,8114,572176.15,128
2018-03-21,70.2,70.15,71.9,69.1,69.65,12537,879897.1,386
2018-03-22,69.65,71.2,71.3,66.95,67.75,16935,1163644.05,541
2018-03-23,67.75,66.0,68.25,65.1,66.3,34689,2303423.25,500
2018-03-26,66.3,65.35,70.0,65.35,66.15,19800,1322915.35,510
2018-03-27,66.15,65.8,68.7,65.35,66.15,25478,1688094.4,307
2018-03-28,66.15,66.05,67.75,65.0,67.2,19584,1304942.5,311
2018-04-02,67.2,67.0,73.9,67.0,73.9,52749,3816487.7,341
2018-04-03,73.9,74.5,81.25,71.15,73.6,177851,13718346.1,1760
2018-04-04,73.6,75.7,75.7,69.5,70.35,35413,2557646.75,502
2018-04-05,70.35,71.6,72.85,71.3,72.2,18565,1336910.5,321
2018-04-06,72.2,72.45,75.9,72.45,73.6,65389,4848301.4,1334
2018-04-09,73.6,73.6,81.0,73.6,76.95,240241,18845812.3,3197
2018-04-10,76.95,79.0,80.9,76.55,77.2,114484,9030691.15,1552
2018-04-11,77.2,78.0,78.7,75.5,76.1,18171,1390201.95,382
2018-04-12,76.1,75.5,77.8,74.2,74.6,19927,1512424.85,381
2018-04-13,74.6,74.7,75.95,73.5,73.75,12714,944800.85,300
2018-04-16,73.75,73.5,74.6,71.25,73.75,21613,1587173.0,570
2018-04-17,73.75,73.15,76.85,73.1,75.5,21814,1643529.7,516
2018-04-18,75.5,75.5,78.0,73.6,75.7,38653,2950813.5,1860
2018-04-19,75.7,77.5,77.5,73.7,74.2,14262,1066218.45,468
2018-04-20,74.2,75.0,75.05,73.0,73.5,15715,1160299.2,304
2018-04-23,73.5,75.1,88.2,74.8,80.95,808480,68286516.5,8290
2018-04-24,80.95,82.5,82.5,77.0,77.9,112954,8970656.65,1665
2018-04-25,77.9,79.0,82.25,76.0,77.25,83447,6624441.3,1172
2018-04-26,77.25,78.45,78.5,77.1,77.6,22975,1789150.0,269
2018-04-27,77.6,78.55,78.8,75.6,76.5,15035,1161911.55,319
2018-04-30,76.5,77.95,78.6,74.0,75.65,17037,1298680.2,318
2018-05-02,75.65,77.75,79.9,73.8,74.45,35858,2759359.3,760
2018-05-03,74.45,75.0,76.5,72.25,73.7,14962,1108122.7,253
2018-05-04,73.7,73.05,74.85,70.5,72.6,18475,1345071.0,288
2018-05-07,72.6,75.9,75.9,72.15,72.9,18764,1372284.65,324
2018-05-08,72.9,73.0,74.35,71.5,72.5,7479,546133.35,143
2018-05-09,72.5,72.25,73.95,72.15,72.65,11336,824627.3,377
2018-05-10,72.65,72.65,73.65,70.7,71.0,11142,801336.55,230
2018-05-11,71.0,71.1,72.7,70.6,70.9,15660,1113310.9,180
2018-05-14,70.9,71.05,72.9,69.0,70.2,9029,640693.6,240
2018-05-15,70.2,71.05,77.4,69.1,70.9,46222,3358020.7,979
2018-05-16,70.9,70.5,70.8,66.0,68.5,38743,2665253.95,462
2018-05-17,68.5,70.5,71.25,65.45,67.7,15410,1056199.4,203
2018-05-18,67.7,67.75,68.85,66.1,66.35,11175,753628.95,211
2018-05-21,66.35,65.0,67.65,64.25,64.5,9583,623829.6,248
2018-05-22,64.5,64.5,70.0,62.15,64.4,70872,4642191.1,1344
2018-05-23,64.4,65.3,65.45,62.7,62.9,19922,1271090.3,373
2018-05-24,62.9,64.5,64.85,62.15,63.15,19461,1232835.0,347
2018-05-25,63.15,63.0,65.75,63.0,64.3,8536,550343.75,224
2018-05-28,64.3,65.0,66.0,63.65,65.6,6308,411908.85,141
2018-05-29,65.6,67.0,74.4,66.0,68.25,110802,7853089.3,2140
2018-05-30,68.25,66.0,74.0,66.0,69.5,20975,1475946.4,662
2018-05-31,69.5,65.6,66.85,63.5,63.95,42550,2768838.55,806
2018-06-01,63.95,62.5,66.0,62.5,64.1,20730,1323248.7,589
2018-06-04,64.1,63.4,64.45,60.4,61.05,15888,985082.0,588
2018-06-05,61.05,59.35,63.5,56.5,56.95,22774,1334679.9,625
2018-06-06,56.95,58.35,61.0,56.55,59.3,29721,1764703.8,639
2018-06-07,59.3,58.1,61.95,58.1,59.9,22384,1344493.15,488
2018-06-08,59.9,58.5,62.0,58.5,60.2,16367,994012.15,351
2018-06-11,60.2,61.85,61.85,59.45,60.75,8189,499244.7,324
2018-06-12,60.75,61.7,68.2,60.1,63.55,166794,10826281.5,2463
2018-06-13,63.55,65.3,65.3,61.65,62.25,23072,1462103.5,469
2018-06-14,62.25,62.95,64.35,62.05,62.15,7607,475012.6,232
2018-06-15,62.15,63.35,63.35,60.2,60.55,8111,494015.8,326
2018-06-18,60.55,60.15,62.6,59.75,60.35,8311,507349.4,281
2018-06-19,60.35,60.1,60.5,58.8,59.55,6892,410886.6,216
2018-06-20,59.55,57.55,59.9,57.55,59.3,10250,604871.85,246
2018-06-21,59.3,59.0,63.7,58.6,59.55,47449,2903829.65,638
2018-06-22,59.55,58.7,61.15,58.7,59.75,6937,415808.6,216
2018-06-25,59.75,58.2,60.4,58.2,58.6,5772,342176.6,301
2018-06-26,58.6,60.4,62.95,58.05,58.85,79457,4807981.45,1480
2018-06-27,58.85,60.5,60.5,51.65,54.3,30838,1741164.5,756
2018-06-28,54.3,55.35,55.35,52.15,52.55,13599,723380.85,414
2018-06-29,52.55,53.55,54.45,52.5,54.1,21009,1125306.65,502
2018-07-02,54.1,53.0,55.0,52.5,53.0,7463,398489.85,297
2018-07-03,53.0,54.05,54.4,50.05,52.7,23285,1227761.15,564
2018-07-04,52.7,53.7,54.35,52.3,53.15,6419,342867.7,386
2018-07-05,53.15,55.0,55.7,53.0,53.35,9696,523471.05,446
2018-07-06,53.35,54.8,54.8,52.6,53.0,5785,309345.25,255
2018-07-09,53.0,54.8,54.8,51.95,52.3,21763,1145123.35,332
2018-07-10,52.3,52.25,53.25,52.25,52.5,21050,1108969.3,188
2018-07-11,52.5,52.5,53.8,52.0,52.75,10398,550731.0,416
2018-07-12,52.75,53.3,54.8,52.05,52.25,11980,632358.45,340
2018-07-13,52.25,52.0,53.4,50.25,50.6,14865,764545.05,255
2018-07-16,50.6,51.0,51.0,44.45,45.6,19739,935366.75,527
2018-07-17,45.6,46.35,51.0,45.7,47.75,78884,3863855.05,886
2018-07-18,47.75,48.35,48.35,44.4,44.95,13942,637132.1,371
2018-07-19,44.95,45.65,45.65,41.1,41.85,18567,790806.85,344
2018-07-20,41.85,42.6,42.6,40.0,40.65,8964,368104.65,207
2018-07-23,40.65,41.3,44.9,40.5,42.8,27846,1195688.2,471
2018-07-24,42.8,43.65,44.9,43.0,44.15,14749,649114.2,217
2018-07-25,44.15,44.15,46.6,44.0,44.15,18894,847434.1,288
2018-07-26,44.15,43.55,44.5,43.55,43.95,6212,274104.9,64
2018-07-27,43.95,44.35,45.9,43.5,44.35,13435,598079.6,193
2018-07-30,44.35,45.15,45.35,44.5,44.85,8117,365212.85,97
2018-07-31,44.85,44.7,46.25,44.2,45.25,13229,601555.8,253
2018-08-01,45.25,45.25,46.15,44.0,44.7,15522,700393.55,159
2018-08-02,44.7,44.45,45.75,44.25,44.95,10048,453746.65,183
2018-08-03,44.95,45.7,46.8,45.7,46.35,8338,384370.95,114
2018-08-06,46.35,47.9,52.0,47.5,50.5,54811,2747080.6,707
2018-08-07,50.5,51.45,53.9,50.85,51.95,35700,1864852.4,667
2018-08-08,51.95,51.9,52.95,49.5,50.3,12537,637257.3,329
2018-08-09,50.3,52.0,52.3,50.8,51.4,9328,482600.5,161
2018-08-10,51.4,51.05,53.9,49.1,53.3,29890,1581072.2,504
2018-08-13,53.3,50.65,56.9,50.65,54.1,88578,4863343.35,1082
2018-08-14,54.1,54.6,54.6,51.1,51.3,18604,971512.15,258
2018-08-16,51.3,51.3,52.7,49.65,51.05,21666,1110368.7,248
2018-08-17,51.05,50.7,52.65,50.2,50.9,13917,712227.95,350
2018-08-20,50.9,51.8,52.8,51.1,51.55,14706,765455.75,225
2018-08-21,51.55,51.95,52.05,49.5,50.5,8200,416475.0,147
2018-08-23,50.5,51.0,52.0,50.2,50.5,5499,280641.9,253
2018-08-24,50.5,51.45,51.5,50.5,50.95,4630,236030.4,87
2018-08-27,50.95,51.05,51.8,51.0,51.05,6766,347893.65,82
2018-08-28,51.05,51.8,54.0,50.6,53.15,21782,1148176.05,304
2018-08-29,53.15,53.15,59.0,52.3,56.6,81340,4592968.2,1424
2018-08-30,56.6,56.0,67.9,53.45,60.05,581243,37286271.4,5131
2018-08-31,60.05,61.15,63.0,56.0,56.6,83353,4878727.15,1328
2018-09-03,56.6,57.05,57.4,55.4,55.7,17739,1000611.6,324
2018-09-04,55.7,56.0,60.65,54.0,55.2,45806,2611875.75,792
2018-09-05,55.2,54.0,56.35,53.3,53.85,12587,687990.85,468
2018-09-06,53.85,54.0,55.4,53.6,53.75,9947,541152.65,281
2018-09-07,53.75,54.75,54.75,53.15,54.0,7239,390008.4,164
2018-09-10,54.0,54.25,54.25,52.05,52.75,6293,335159.55,161
2018-09-11,52.75,53.75,53.75,52.5,53.0,10855,576400.5,156
2018-09-12,53.0,52.3,56.25,52.25,55.4,28135,1539476.55,518
2018-09-14,55.4,54.0,57.5,54.0,56.45,23108,1310559.3,375
2018-09-17,56.45,58.3,58.3,54.05,54.45,37166,2054244.1,296
2018-09-18,54.45,54.5,56.0,52.5,53.4,10552,578177.35,233
2018-09-19,53.4,53.5,54.45,52.25,52.65,4567,242828.3,140
2018-09-21,52.65,53.55,55.0,43.2,50.05,32628,1644839.2,479
2018-09-24,50.05,48.15,49.9,46.85,48.35,10435,501864.45,175
2018-09-25,48.35,49.2,49.2,45.35,46.4,13910,650724.2,339
2018-09-26,46.4,47.0,47.3,45.0,46.05,8511,392232.15,205
2018-09-27,46.05,46.8,47.65,46.0,46.35,4242,198659.45,126
2018-09-28,46.35,46.35,46.4,42.5,43.05,12437,546274.35,226
2018-10-01,43.05,43.0,43.0,39.15,42.7,6175,259391.2,139
2018-10-03,42.7,41.0,44.95,41.0,44.2,8321,364254.65,98
2018-10-04,44.2,43.05,45.0,42.1,42.5,8635,367309.95,95
2018-10-05,42.5,43.0,43.5,40.05,41.25,5632,234554.85,103
2018-10-08,41.25,42.05,42.05,39.5,40.45,6204,251226.2,159
2018-10-09,40.45,41.2,41.2,38.0,38.6,13271,521358.55,192
2018-10-10,38.6,39.0,43.05,38.8,41.9,11399,466473.0,182
2018-10-11,41.9,41.95,42.0,39.5,40.4,5304,214588.55,133
2018-10-12,40.4,39.4,43.5,39.4,41.25,9080,376764.5,165
2018-10-15,41.25,41.0,43.5,40.75,43.0,8495,356045.75,95
2018-10-16,43.0,43.0,45.0,42.95,43.7,7960,350013.75,121
2018-10-17,43.7,43.55,43.65,40.2,41.15,9072,381499.05,206
2018-10-19,41.15,40.3,43.9,39.1,40.5,8188,332293.45,201
2018-10-22,40.5,40.55,41.25,40.0,40.05,3310,134794.05,57
2018-10-23,40.05,40.8,40.8,39.25,39.45,6356,251113.0,67
2018-10-24,39.45,40.15,40.85,38.5,39.85,4482,176714.65,90
2018-10-25,39.85,39.3,39.6,39.0,39.05,1898,74528.15,51
2018-10-26,39.05,39.05,39.7,38.25,38.35,3240,124812.5,65
2018-10-29,38.35,39.05,39.85,38.6,39.45,4019,157936.05,63
2018-10-30,39.45,39.8,40.5,39.3,39.55,3995,158792.55,62
2018-10-31,39.55,39.2,41.0,38.6,40.5,5698,227057.85,62
2018-11-01,40.5,40.5,41.4,40.4,41.1,4515,185083.05,68
2018-11-02,41.1,40.8,43.0,40.8,41.5,5639,237061.9,133
2018-11-05,41.5,40.6,42.2,40.6,41.9,4346,180832.35,73
2018-11-06,41.9,42.5,43.9,40.2,41.8,9262,389119.2,124
2018-11-07,41.8,43.5,43.65,43.0,43.35,4258,184533.2,57
2018-11-09,43.35,44.0,45.45,42.0,44.45,10274,453531.7,168
2018-11-12,44.45,45.0,49.9,45.0,46.5,91264,4386957.8,1362
2018-11-13,46.5,47.5,47.5,45.2,46.1,11524,532047.9,205
2018-11-14,46.1,45.25,46.85,45.25,45.6,6375,291720.0,107
2018-11-15,45.6,45.0,47.5,44.15,47.25,29253,1360125.4,199
2018-11-16,47.25,48.4,52.6,46.0,48.95,42336,2068749.2,509
2018-11-19,48.95,53.0,53.0,48.5,49.5,86686,4365570.5,787
2018-11-20,49.5,48.0,50.95,47.1,47.9,14298,702541.6,237
2018-11-21,47.9,50.8,50.8,47.15,48.05,10054,489196.05,204
2018-11-22,48.05,48.1,49.2,47.85,48.0,8032,390204.45,107
2018-11-26,48.0,48.05,49.5,46.55,47.0,8343,399176.95,115
2018-11-27,47.0,48.0,48.0,44.5,45.05,11921,542586.15,220
2018-11-28,45.05,45.05,45.3,44.0,44.45,5091,227439.7,66
2018-11-29,44.45,44.1,47.9,43.1,44.8,11083,497159.3,170
2018-11-30,44.8,46.5,46.55,43.0,43.6,3271,144048.85,75
2018-12-03,43.6,45.0,45.0,43.45,43.45,4325,192175.45,57
2018-12-04,43.45,44.45,44.5,42.55,43.25,2119,92155.05,50
2018-12-05,43.25,43.3,43.65,42.0,42.65,2842,120160.85,80
2018-12-06,42.65,43.85,43.85,39.65,40.35,7140,292703.65,161
2018-12-07,40.35,41.65,41.65,38.35,40.75,6755,270954.8,122
2018-12-10,40.75,41.45,41.45,38.05,40.85,2578,103243.15,212
2018-12-11,40.85,40.85,41.45,39.75,41.1,9510,388323.05,128
2018-12-12,41.1,41.2,44.4,41.2,44.0,12526,548011.3,124
2018-12-13,44.0,43.65,44.8,42.3,43.55,6072,265545.6,121
2018-12-14,43.55,43.0,44.4,42.45,43.95,5795,252448.7,138
2018-12-17,43.95,44.6,44.75,41.5,42.9,6448,276871.6,128
2018-12-18,42.9,43.0,44.5,42.9,44.1,5257,229972.2,101
2018-12-19,44.1,43.6,45.85,43.0,43.55,9179,402908.0,111
2018-12-20,43.55,43.5,44.0,43.05,43.25,3082,133751.4,54
2018-12-21,43.25,44.0,45.0,42.4,43.35,6206,274005.8,86
2018-12-24,43.35,43.4,44.3,40.65,41.45,8309,349399.85,178
2018-12-26,41.45,44.1,44.1,41.1,42.0,2511,105225.45,83
2018-12-27,42.0,43.05,43.05,42.2,42.25,1408,59888.85,32
2018-12-28,42.25,42.8,43.0,41.75,42.45,3884,164177.5,63
2018-12-31,42.45,42.1,43.3,42.05,42.9,3517,149371.65,66
2019-01-01,42.9,45.5,45.5,43.05,43.3,5299,232354.9,113
2019-01-02,43.3,42.25,45.5,42.25,43.15,7038,307647.5,113
2019-01-03,43.15,44.05,44.4,42.2,43.85,4408,192291.55,83
2019-01-04,43.85,44.3,44.65,43.15,44.25,10439,461301.55,107
2019-01-07,44.25,43.7,43.7,43.1,43.45,1296,56256.1,42
2019-01-08,43.45,43.9,43.9,42.5,43.75,3482,151200.55,49
2019-01-09,43.75,44.0,44.5,41.2,43.4,7502,323169.2,196
2019-01-10,43.4,43.4,43.9,42.35,43.3,2451,105584.55,259
2019-01-11,43.3,43.2,43.2,42.05,42.6,2421,103152.4,44
2019-01-14,42.6,42.15,43.05,41.7,42.85,2035,86803.65,173
2019-01-15,42.85,43.9,44.55,42.2,44.2,3477,151980.3,122
2019-01-16,44.2,44.85,44.85,43.0,43.9,2564,111452.25,38
2019-01-17,43.9,44.5,44.5,42.3,43.15,828,35854.5,38
2019-01-18,43.15,43.7,43.7,42.25,42.6,766,32865.55,32
2019-01-21,42.6,43.75,43.9,42.05,42.6,2743,119305.7,48
2019-01-22,42.6,43.5,43.85,42.3,42.5,1470,63406.5,41
2019-01-23,42.5,42.55,44.05,42.05,43.85,3765,164709.9,55
2019-01-24,43.85,43.05,49.0,42.65,44.4,70222,3239804.75,865
2019-01-25,44.4,44.4,45.0,42.2,42.55,5792,251154.4,163
2019-01-28,42.55,44.7,44.7,40.05,40.45,6201,251646.75,128
2019-01-29,40.45,41.0,42.45,39.15,39.95,3518,141852.15,75
2019-01-30,39.95,40.05,41.9,40.0,41.35,2829,116123.35,53
2019-01-31,41.35,41.55,42.85,41.0,41.1,1963,80837.1,41
2019-02-01,41.1,40.35,42.3,40.05,40.25,3387,136788.8,74
2019-02-04,40.25,40.3,41.5,38.35,39.5,4494,176701.15,80
2019-02-05,39.5,39.0,41.3,38.75,39.55,8298,325376.55,81
2019-02-06,39.55,40.4,40.4,37.6,38.3,2988,114450.85,72
2019-02-07,38.3,38.5,40.9,35.8,39.9,11430,435965.7,251
2019-02-08,39.9,40.9,42.0,39.3,39.9,9080,368741.3,143
2019-02-11,39.9,39.05,40.0,37.65,38.45,8809,339618.55,174
2019-02-12,38.45,40.0,40.0,37.4,37.8,2527,96838.15,98
2019-02-13,37.8,37.25,38.8,36.85,37.6,2788,105477.3,45
2019-02-14,37.6,38.5,41.0,37.0,40.0,34596,1380866.85,296
2019-02-15,40.0,39.05,39.55,36.4,37.8,7200,271864.3,141
2019-02-18,37.8,37.1,38.0,36.15,36.85,4276,158722.95,63
2019-02-19,36.85,36.2,37.55,36.0,36.6,8048,294916.0,177
2019-02-20,36.6,36.05,37.2,36.0,36.8,2994,109911.95,50
2019-02-21,36.8,36.6,37.5,36.45,37.1,4808,177172.55,54
2019-02-22,37.1,37.05,37.5,36.55,37.2,3519,130365.25,72
2019-02-25,37.2,37.3,39.5,37.3,37.55,3238,123229.75,35
2019-02-26,37.55,37.15,38.95,36.35,37.25,3222,120044.5,78
2019-02-27,37.25,38.8,38.8,36.75,37.0,5114,190494.95,70
2019-02-28,37.0,37.1,37.4,36.6,36.7,1580,58074.75,77
2019-03-01,36.7,37.0,38.0,36.2,37.45,3908,146419.35,83
2019-03-05,37.45,37.8,41.4,37.5,39.9,37171,1481528.1,242
2019-03-06,39.9,42.5,42.5,40.0,40.25,16900,690376.5,167
2019-03-07,40.25,40.7,41.95,40.0,41.55,11582,473483.9,138
2019-03-08,41.55,40.25,41.4,40.25,41.4,2352,96816.8,25
2019-03-11,41.4,39.2,41.5,38.65,40.8,3394,137540.7,69
2019-03-12,40.8,40.2,48.95,40.15,48.75,1397192,65245448.75,4577
2019-03-13,48.75,50.2,56.0,46.8,49.25,1188628,61104283.65,5813
2019-03-14,49.25,49.0,51.4,47.0,47.6,76125,3749059.55,1001
2019-03-15,47.6,48.0,48.85,44.6,45.15,37017,1721385.45,714
2019-03-18,45.15,45.05,48.4,45.0,46.7,56177,2653692.45,720
2019-03-19,46.7,47.05,47.85,42.4,44.85,35813,1642770.4,344
2019-03-20,44.85,44.85,45.45,43.6,44.25,9676,432902.75,178
2019-03-22,44.25,43.05,46.0,43.05,44.75,31704,1426777.15,471
2019-03-25,44.75,45.45,45.45,43.25,43.65,14381,627427.9,159
2019-03-26,43.65,44.85,46.0,42.75,43.45,43446,1927298.95,525
2019-03-27,43.45,44.65,44.65,43.3,43.85,25283,1109717.75,185
2019-03-28,43.85,42.75,44.6,42.75,43.85,15551,680977.95,246
2019-03-29,43.85,43.5,44.75,43.05,44.45,11721,514867.9,137
2019-04-01,44.45,46.6,47.4,45.6,46.5,79672,3696398.95,547
2019-04-02,46.5,46.55,46.65,45.05,45.3,7430,339493.4,108
2019-04-03,45.3,45.8,45.8,43.0,44.0,14902,661667.7,223
2019-04-04,44.0,43.5,52.8,43.3,52.8,306875,15678604.85,2142
2019-04-05,52.8,55.9,59.5,48.75,50.1,948042,51953152.0,7784
2019-04-08,50.1,51.2,52.35,49.1,50.4,83945,4233690.6,1026
2019-04-09,50.4,50.1,51.25,47.65,48.2,32275,1573156.85,433
2019-04-10,48.2,48.2,49.2,47.1,47.8,17693,853832.0,348
2019-04-11,47.8,47.75,48.0,47.0,47.3,20695,980688.95,249
2019-04-12,47.3,47.15,48.2,46.25,46.65,12299,577965.1,396
2019-04-15,46.65,47.5,47.5,46.05,46.2,15811,734403.75,158
2019-04-16,46.2,46.6,47.1,46.0,46.3,9602,446101.65,187
2019-04-18,46.3,46.2,46.25,44.45,45.1,5858,264911.2,191
2019-04-22,45.1,45.15,45.85,44.15,44.35,7082,314582.8,126
2019-04-23,44.35,44.35,46.9,44.2,44.85,56966,2596587.7,404
2019-04-24,44.85,45.25,45.75,44.45,44.6,12190,546745.7,275
2019-04-25,44.6,44.75,45.4,44.25,44.4,10923,489594.25,142
2019-04-26,44.4,44.45,44.5,43.75,43.85,14506,637303.4,103
2019-04-30,43.85,43.75,43.75,41.65,42.3,10515,444894.65,149
2019-05-02,42.3,42.1,45.8,42.05,43.85,8139,361243.05,190
2019-05-03,43.85,44.4,44.6,43.0,43.25,5645,246858.0,96
2019-05-06,43.25,43.35,43.85,42.6,42.8,3786,163137.55,72
2019-05-07,42.8,43.6,48.85,43.0,44.15,65222,3017679.1,782
2019-05-08,44.15,44.5,44.8,42.2,43.1,10092,441670.95,136
2019-05-09,43.1,42.5,43.7,42.2,42.6,4835,206742.85,83
2019-05-10,42.6,42.55,43.3,42.35,42.75,1709,72997.0,69
2019-05-13,42.75,42.05,43.55,41.1,42.05,10680,453034.4,154
2019-05-14,42.05,41.75,42.65,41.75,42.15,4898,205715.9,58
2019-05-15,42.15,42.1,43.0,41.45,41.9,4272,179424.25,65
2019-05-16,41.9,41.4,42.7,41.0,41.75,3813,159002.15,90
2019-05-17,41.75,41.5,42.9,40.2,41.7,7052,293835.25,133
2019-05-20,41.7,44.65,44.65,41.0,42.35,6645,285048.05,235
2019-05-21,42.35,44.0,44.0,42.2,42.5,6005,259400.6,99
2019-05-22,42.5,42.1,44.5,42.0,44.0,5745,250969.3,100
2019-05-23,44.0,44.0,46.25,43.3,45.25,17893,800106.45,295
2019-05-24,45.25,45.15,45.85,42.8,45.25,18846,845767.7,308
2019-05-27,45.25,45.0,47.25,45.0,46.3,9240,427426.7,164
2019-05-28,46.3,46.1,49.5,43.65,48.75,47844,2263154.25,671
2019-05-29,48.75,49.35,51.0,46.5,47.45,92440,4536642.45,1035
2019-05-30,47.45,47.55,49.35,45.2,49.1,46640,2233990.4,719
2019-05-31,49.1,49.0,50.75,48.35,50.2,69240,3450101.25,602
2019-06-03,50.2,51.5,51.5,48.0,48.4,108146,5427046.15,1029
2019-06-04,48.4,49.8,49.9,46.4,47.9,11671,561117.65,165
2019-06-06,47.9,49.0,49.0,46.9,46.95,11173,526108.95,125
2019-06-07,46.95,46.75,46.75,45.25,45.55,12057,551105.55,181
2019-06-10,45.55,45.05,46.0,43.1,44.05,17761,782670.6,333
2019-06-11,44.05,44.1,44.8,43.3,43.75,3939,173986.8,63
2019-06-12,43.75,43.35,44.35,43.1,43.3,4576,199036.7,115
2019-06-13,43.3,43.15,43.5,40.65,41.6,19667,830626.1,297
2019-06-14,41.6,43.35,43.35,40.05,40.85,11832,490195.4,203
2019-06-17,40.85,40.25,41.4,40.25,40.65,8412,342842.0,123
2019-06-18,40.65,41.05,41.6,40.3,40.75,2502,102181.8,57
2019-06-19,40.75,40.85,42.55,34.25,37.35,31872,1191177.25,514
2019-06-20,37.35,38.9,39.0,36.25,38.0,8558,323294.95,154
2019-06-21,38.0,37.4,40.0,37.4,38.55,6646,259009.15,122
2019-06-24,38.55,38.65,39.85,37.4,37.7,4529,172093.6,95
2019-06-25,37.7,37.75,38.15,36.3,37.15,9856,367270.3,146
2019-06-26,37.15,37.0,38.3,36.6,37.75,10600,396503.9,179
2019-06-27,37.75,38.05,38.6,37.2,37.95,5088,193510.5,86
2019-06-28,37.95,37.75,40.5,37.25,38.35,20098,785010.65,264
2019-07-01,38.35,38.65,40.0,38.25,38.6,10466,408982.3,150
2019-07-02,38.6,38.5,39.85,38.0,39.35,25908,1012187.4,321
2019-07-03,39.35,39.4,40.5,39.1,39.8,7890,314558.75,125
2019-07-04,39.8,39.3,40.0,39.2,39.45,5715,225699.35,93
2019-07-05,39.45,39.5,40.85,36.65,38.1,11714,452211.85,244
2019-07-08,38.1,37.55,37.55,36.65,37.15,7707,284710.3,134
2019-07-09,37.15,37.45,37.45,35.8,36.5,5090,185798.8,217
2019-07-10,36.5,36.15,37.45,36.0,36.9,7617,280929.7,99
2019-07-11,36.9,36.7,37.95,36.1,36.9,2886,106690.9,69
2019-07-12,36.9,36.6,37.7,36.6,36.75,1825,67228.95,50
2019-07-15,36.75,36.85,37.7,36.05,36.45,2560,93757.45,73
2019-07-16,36.45,37.45,37.45,35.8,36.0,5132,185476.6,101
2019-07-17,36.0,35.95,37.8,35.95,36.75,8247,303686.75,130
2019-07-18,36.75,36.85,36.85,34.55,36.05,8127,290548.95,215
2019-07-19,36.05,35.75,35.75,34.9,35.15,3704,131468.7,69
2019-07-22,35.15,35.75,35.75,33.05,33.2,8550,287809.0,205
2019-07-23,33.2,34.15,34.45,33.3,34.15,6909,234842.5,413
2019-07-24,34.15,37.25,37.6,33.0,33.85,19847,685829.15,408
2019-07-25,33.85,33.85,35.0,33.0,33.65,13200,448239.95,767
2019-07-26,33.65,34.4,34.75,33.65,34.15,842,28779.4,21
2019-07-29,34.15,34.25,35.6,33.5,34.0,1421,48305.35,78
2019-07-30,34.0,34.75,34.75,32.5,32.7,7289,242957.15,200
2019-07-31,32.7,32.0,32.45,30.75,31.7,12293,385978.55,311
2019-08-01,31.7,33.0,33.0,30.75,31.5,4214,131561.55,68
2019-08-02,31.5,31.7,32.1,30.65,31.35,4109,128162.85,63
2019-08-05,31.35,30.6,30.95,30.25,30.45,5965,181988.8,61
2019-08-06,30.45,30.55,33.3,30.25,31.85,9393,297408.75,102
2019-08-07,31.85,31.3,33.0,31.3,31.95,5650,182842.85,124
2019-08-08,31.95,32.95,34.8,31.2,33.15,4081,132461.7,72
2019-08-09,33.15,33.0,33.6,32.7,33.05,4074,135103.0,194
2019-08-13,33.05,32.1,33.5,32.0,33.2,5875,192724.05,101
2019-08-14,33.2,32.15,37.8,32.05,34.3,20397,720399.15,435
2019-08-16,34.3,35.5,35.5,32.35,33.2,7956,262152.75,99
2019-08-19,33.2,33.55,33.85,31.65,32.5,3047,99067.0,215
2019-08-20,32.5,33.45,33.45,31.6,31.7,2922,93223.5,207
2019-08-21,31.7,31.0,32.0,30.7,30.75,2391,74024.15,77
2019-08-22,30.75,30.75,31.0,28.95,29.15,14055,415759.05,468
2019-08-23,29.15,28.8,29.4,28.25,28.8,7156,205713.75,300
2019-08-26,28.8,29.35,29.85,28.5,29.6,2553,74997.1,56
2019-08-27,29.6,30.95,31.0,29.5,29.75,5909,177989.05,242
2019-08-28,29.75,29.85,30.45,28.85,29.0,7533,222627.35,492
2019-08-29,29.0,29.15,29.7,28.35,28.35,6515,187147.75,709
2019-08-30,28.35,28.05,29.3,26.85,28.95,6114,174049.15,434
2019-09-03,28.95,27.2,30.4,27.2,28.15,3111,90020.2,174
2019-09-04,28.15,27.9,30.65,27.65,29.3,12095,350118.2,313
2019-09-05,29.3,31.0,31.0,28.25,29.05,3293,96559.1,108
2019-09-06,29.05,30.3,30.3,29.25,29.55,5924,174946.5,520
2019-09-09,29.55,29.85,30.9,29.85,30.6,5757,175044.55,89
2019-09-11,30.6,31.0,32.7,31.0,32.45,11356,362454.25,193
2019-09-12,32.45,32.85,33.5,32.0,32.75,3196,104225.4,57
2019-09-13,32.75,33.4,33.5,32.2,33.35,4570,151355.45,101
2019-09-16,33.35,33.3,34.9,32.25,33.85,2749,91872.5,60
2019-09-17,33.85,34.8,35.2,33.5,33.7,6906,237614.05,279
2019-09-18,33.7,33.15,34.0,31.55,32.6,8685,287663.5,432
2019-09-19,32.6,33.0,33.0,30.8,31.4,6267,197583.65,93
2019-09-20,31.4,31.7,33.0,30.3,31.8,5663,179359.55,166
2019-09-23,31.8,33.4,33.5,32.1,33.05,6798,222800.45,387
2019-09-24,33.05,33.85,33.85,31.65,32.75,4151,136845.25,67
2019-09-25,32.75,33.9,33.9,30.6,30.8,5346,170407.45,344
2019-09-26,30.8,32.75,33.0,31.0,32.5,4115,132819.4,200
2019-09-27,32.5,32.95,33.0,30.85,31.15,7644,244184.45,376
2019-09-30,31.15,32.4,32.4,30.15,30.9,5944,185185.85,378
2019-10-01,30.9,30.8,31.05,29.2,29.3,4556,136618.3,260
2019-10-03,29.3,30.9,35.15,28.65,32.05,38559,1292722.3,456
2019-10-04,32.05,34.0,34.0,30.65,30.7,5145,161301.55,185
2019-10-07,30.7,30.25,31.45,29.2,29.9,2222,67035.8,130
2019-10-09,29.9,30.8,31.95,29.8,29.8,4405,132150.9,132
2019-10-10,29.8,30.0,32.0,28.65,30.05,6603,198962.2,266
2019-10-11,30.05,31.4,31.4,28.65,29.7,2118,62975.7,295
2019-10-14,29.7,29.0,30.25,29.0,29.85,3753,111306.65,184
2019-10-15,29.85,29.65,30.5,29.35,29.5,1517,45128.9,63
2019-10-16,29.5,29.5,30.7,29.0,29.2,3781,110542.0,52
2019-10-17,29.2,30.6,30.6,28.65,29.45,1840,53542.0,45
2019-10-18,29.45,29.85,30.25,29.25,29.65,4320,128201.1,48
2019-10-22,29.65,29.9,30.4,28.35,29.0,5766,170044.35,147
2019-10-23,29.0,30.15,32.0,29.65,30.05,10292,308809.7,688
2019-10-24,30.05,31.8,31.8,29.3,29.55,5487,164615.9,463
2019-10-25,29.55,30.0,30.0,28.5,29.75,2773,82355.4,67
2019-10-29,29.45,30.0,30.0,28.55,29.5,8660,254909.05,265
2019-10-30,29.5,31.05,31.05,29.1,29.6,4973,147334.75,162
2019-10-31,29.6,30.0,30.35,29.8,30.1,5454,164119.55,266
2019-11-01,30.1,30.1,30.5,29.2,30.05,4844,145511.2,86
2019-11-04,30.05,30.5,32.1,29.75,31.85,16839,526351.05,415
2019-11-05,31.85,32.85,33.05,30.1,31.0,12364,390939.2,570
2019-11-06,31.0,31.0,31.0,29.9,30.3,9093,274077.45,144
2019-11-07,30.3,31.5,33.5,31.05,31.7,12057,390324.45,369
2019-11-08,31.7,31.5,33.4,30.15,30.95,14999,473104.05,742
2019-11-11,30.95,30.7,33.0,30.6,32.4,10675,338424.75,571
2019-11-13,32.4,32.5,33.95,30.9,32.3,26313,849000.5,899
2019-11-14,32.3,31.6,32.55,31.05,31.9,12002,384119.8,473
2019-11-15,31.9,32.5,33.1,32.1,32.85,8299,270467.4,198
2019-11-18,32.85,35.5,35.5,33.0,33.45,31135,1047942.0,310
2019-11-19,33.45,34.4,34.4,32.5,32.6,6638,220131.0,84
2019-11-20,32.6,32.6,32.95,31.7,31.95,7439,238516.8,125
2019-11-21,31.95,31.75,32.8,31.35,32.35,3340,106650.0,98
2019-11-22,32.35,32.75,32.75,31.5,31.95,1826,58643.3,50
2019-11-25,31.95,31.95,33.15,31.4,31.95,12618,406130.85,384
2019-11-26,31.95,32.6,32.6,30.8,31.1,2998,93890.15,115
2019-11-27,31.1,31.55,32.4,31.05,31.4,2094,65843.15,56
2019-11-28,31.4,30.8,32.0,30.75,31.0,4649,144962.8,163
2019-11-29,31.0,32.05,32.05,30.25,31.05,2522,78339.0,101
2019-12-02,31.05,31.15,32.75,29.75,30.7,16673,517433.8,389
2019-12-03,30.7,31.5,31.5,29.7,30.1,6869,208352.6,72
2019-12-04,30.1,30.8,30.8,29.75,29.95,5071,151658.55,46
2019-12-05,29.95,30.0,30.45,29.85,29.9,6316,190039.9,72
2019-12-06,29.9,31.25,31.25,29.0,29.25,4678,140331.05,425
2019-12-09,29.25,29.35,30.8,28.9,29.45,7595,223852.1,333
2019-12-10,29.45,30.35,30.35,28.9,28.9,1688,49370.85,188
2019-12-11,28.9,29.4,29.6,27.6,27.9,6988,198247.1,304
2019-12-12,27.9,28.15,28.6,27.65,28.05,7062,199306.05,72
2019-12-13,28.05,28.0,31.0,28.0,29.85,9297,272645.6,214
2019-12-16,29.85,30.1,30.1,28.6,28.9,11435,334219.45,162
2019-12-17,28.9,29.0,29.45,28.25,28.7,3074,88300.8,88
2019-12-18,28.7,29.5,31.0,27.95,30.2,14890,440548.35,415
2019-12-19,30.2,30.0,30.35,29.25,29.5,3444,102201.85,392
2019-12-20,29.5,32.3,32.3,29.1,29.3,4093,120759.25,224
2019-12-23,29.3,29.6,31.4,29.0,30.4,3801,114783.8,171
2019-12-24,30.4,29.35,31.95,29.2,30.05,2365,71291.2,196
2019-12-26,30.05,29.9,31.8,29.4,29.55,3672,109660.5,222
2019-12-27,29.55,29.1,31.2,29.1,29.95,3074,91847.55,281
2019-12-30,29.95,29.2,30.9,29.2,29.6,3782,111543.55,87
2019-12-31,29.6,30.2,30.35,29.5,29.8,4285,128356.05,161
2020-01-01,29.8,29.5,30.45,29.3,30.2,4876,145011.55,153
2020-01-02,30.2,30.1,33.2,30.05,32.75,21734,690047.9,574
2020-01-03,32.75,32.6,33.75,32.0,32.5,9706,317427.8,230
2020-01-06,32.5,32.4,32.85,30.0,30.85,4814,151006.5,143
2020-01-07,30.85,31.25,32.5,30.5,31.85,10498,331999.45,457
2020-01-08,31.85,32.0,32.2,30.5,30.9,8404,262520.95,198
2020-01-09,30.9,31.85,33.75,30.0,32.55,36246,1177964.25,633
2020-01-10,32.55,32.2,33.65,32.2,32.9,7142,235452.55,120
2020-01-13,32.9,33.0,39.0,32.9,35.8,128383,4679935.75,2622
2020-01-14,35.8,36.9,38.9,34.2,34.95,23950,859547.4,670
2020-01-15,34.95,35.0,35.0,34.0,34.55,4317,148333.75,92
2020-01-16,34.55,35.3,39.95,34.05,36.6,149388,5695741.05,1987
2020-01-17,36.6,35.95,39.75,34.7,39.35,86725,3274472.1,1330
2020-01-20,39.35,40.9,40.9,37.7,38.65,51401,2045627.0,509
2020-01-21,38.65,38.0,38.5,36.5,37.9,10334,387581.75,524
2020-01-22,37.9,38.65,38.7,36.5,36.9,8392,314745.95,310
2020-01-23,36.9,36.9,39.3,36.55,38.6,19409,743861.7,341
2020-01-24,38.6,39.35,40.2,36.85,39.3,71002,2797911.65,704
2020-01-27,39.3,39.9,40.7,37.0,38.45,48356,1880853.85,1032
2020-01-28,38.45,38.75,38.75,36.55,36.7,17672,661043.3,607
2020-01-29,36.7,37.65,37.75,36.05,36.4,10051,368541.55,207
2020-01-30,36.4,36.7,37.6,35.3,36.05,4716,171001.85,142
2020-01-31,36.05,35.5,36.4,35.5,36.0,4653,167261.45,54
2020-02-03,34.2,34.9,35.5,32.15,33.3,3177,106365.5,166
2020-02-04,33.3,34.4,35.9,33.0,34.05,9544,324905.7,263
2020-02-05,34.05,35.5,39.05,33.95,36.45,33035,1203346.1,967
2020-02-06,36.45,37.25,37.25,34.15,34.75,16920,608631.75,241
2020-02-07,34.75,35.85,35.85,34.15,35.5,17577,613495.7,600
2020-02-10,35.5,35.0,35.1,33.6,34.45,12201,418209.95,434
2020-02-11,34.45,34.15,35.0,33.6,34.1,5272,180330.65,77
2020-02-12,34.1,34.55,34.55,33.75,34.0,4207,142820.9,66
2020-02-13,34.0,34.3,34.5,32.3,34.15,21004,715514.4,111
2020-02-14,34.15,34.9,35.9,33.2,33.65,11205,381538.5,122
2020-02-17,33.65,34.4,34.4,32.0,32.85,6861,225776.1,116
2020-02-18,32.85,33.5,33.5,31.55,32.85,5587,180393.25,84
2020-02-19,32.85,33.0,33.5,32.1,32.5,4108,133777.0,66
2020-02-20,32.5,33.65,33.7,31.65,32.9,3305,107357.4,140
2020-02-24,32.9,33.5,33.5,32.0,32.5,1947,62839.05,47
2020-02-25,32.5,32.7,33.35,32.0,32.15,1185,38712.25,39
2020-02-26,32.15,31.85,32.8,30.5,31.15,9500,299329.8,141
2020-02-27,31.15,30.3,31.5,30.3,30.6,4237,130333.8,57
2020-02-28,30.6,32.9,32.9,29.2,29.75,12074,362982.05,114
2020-03-02,29.75,30.35,31.4,29.3,30.25,6821,207178.25,78
2020-03-03,30.25,29.5,30.8,27.45,28.8,13319,380926.55,359
2020-03-04,28.8,28.3,29.85,27.5,28.2,7981,225474.25,113
2020-03-05,28.2,27.3,29.35,26.65,28.5,3191,89794.35,86
2020-03-06,28.5,28.0,28.4,26.4,26.95,5984,160915.45,159
2020-03-09,26.95,27.45,27.45,24.5,24.65,6185,155646.65,165
2020-03-11,24.65,26.4,27.0,25.05,26.65,4945,128791.0,123
2020-03-12,26.65,25.3,25.4,22.9,23.15,9026,214919.1,242
2020-03-13,23.15,23.05,24.8,19.0,23.05,25763,581853.3,205
2020-03-16,23.05,21.8,23.35,21.75,22.3,7003,158981.25,75
2020-03-17,22.3,22.3,23.65,21.25,22.05,10842,241316.2,127
2020-03-18,22.05,22.05,22.05,18.55,19.25,8800,179369.1,147
2020-03-19,19.25,18.7,20.0,17.45,19.65,7558,142922.6,140
2020-03-20,19.65,20.95,20.95,18.7,20.15,6798,134442.05,90
2020-03-23,20.15,20.15,20.15,18.15,18.15,11751,215366.6,56
2020-03-24,18.15,18.2,18.4,17.0,17.95,9879,177480.8,62
2020-03-25,17.95,17.95,19.0,16.2,17.65,4955,88631.6,91
2020-03-26,17.65,18.55,19.1,18.0,18.7,6621,122399.3,206
2020-03-27,18.7,20.0,20.0,18.5,19.0,4034,77085.75,77
2020-03-30,19.0,17.9,20.9,17.9,18.65,4409,86326.35,79
2020-03-31,18.65,19.5,20.0,19.0,19.5,4128,80672.65,77
2020-04-01,19.5,19.5,21.0,19.5,20.6,9667,197706.05,82
2020-04-03,20.6,20.75,20.75,18.95,20.0,1916,37501.5,54
2020-04-07,20.0,21.6,21.6,18.7,20.1,11358,228360.9,214
2020-04-08,20.1,21.5,22.1,20.55,21.05,5553,117960.3,59
2020-04-09,21.05,21.9,24.9,21.55,24.0,5266,123539.6,108
2020-04-13,24.0,26.0,26.8,21.5,22.25,10472,233559.7,192
2020-04-15,22.25,24.95,25.0,22.45,23.9,8509,205617.05,136
2020-04-16,23.9,25.1,25.1,23.6,24.0,1863,45119.4,49
2020-04-17,24.0,25.1,25.1,22.5,23.7,5244,123214.4,70
2020-04-20,23.7,24.95,24.95,23.65,24.0,5007,121332.75,98
2020-04-21,24.0,23.2,24.8,22.45,24.1,1703,40104.55,102
2020-04-22,24.1,23.75,23.75,22.5,23.4,4338,101287.75,58
2020-04-23,23.4,22.5,24.75,22.5,23.55,4184,99466.4,89
2020-04-24,23.55,23.65,23.9,22.55,22.55,3885,90250.8,98
2020-04-27,22.55,25.15,25.15,22.55,22.65,1020,23480.85,48
2020-04-28,22.65,22.6,24.1,21.85,23.05,2456,55803.0,61
2020-04-29,23.05,24.55,24.55,22.45,24.35,8553,204813.8,104
2020-04-30,24.35,25.35,25.35,22.1,24.0,3552,86010.55,94
2020-05-04,24.0,23.6,24.2,21.25,22.1,4599,103486.9,225
2020-05-05,22.1,24.9,24.9,21.7,22.45,4640,106926.4,110
2020-05-06,22.45,22.15,24.5,20.4,21.85,2692,60226.5,98
2020-05-07,21.85,22.55,22.9,20.95,21.4,5782,123970.45,137
2020-05-08,21.4,21.8,25.65,20.85,21.75,13680,313923.95,225
2020-05-11,21.75,21.8,23.4,21.6,21.7,1309,28804.75,64
2020-05-12,21.7,22.8,23.95,21.1,22.05,2933,64001.95,85
2020-05-13,22.05,22.9,24.8,22.0,22.95,7652,173218.9,121
2020-05-14,22.95,22.9,23.45,22.0,22.45,3120,70557.5,67
2020-05-15,22.45,23.75,23.75,21.0,21.6,8183,178641.6,189
2020-05-18,21.6,22.0,23.05,20.1,21.5,8075,172673.05,137
2020-05-19,21.5,22.0,22.65,20.55,21.3,1153,24950.2,34
2020-05-20,21.3,21.8,22.75,20.95,21.45,4665,100334.55,55
2020-05-21,21.45,21.35,22.75,20.95,22.0,4635,100072.25,47
2020-05-22,22.0,22.65,22.7,20.55,21.75,1595,34221.75,63
2020-05-26,21.75,21.0,22.8,20.95,21.3,9348,201780.0,93
2020-05-27,21.3,22.3,22.45,21.0,21.5,1685,36349.85,39
2020-05-28,21.5,21.5,22.6,20.95,21.55,922,20020.2,37
2020-05-29,21.55,22.45,23.35,21.0,21.5,6019,130132.95,95
2020-06-01,21.5,22.5,23.85,21.7,23.65,17032,393518.05,204
2020-06-02,23.65,24.75,24.9,22.35,24.15,10509,249758.5,117
2020-06-03,24.15,24.45,28.95,24.45,28.95,107222,2973763.05,693
2020-06-04,28.95,30.0,34.0,26.1,26.85,75790,2176007.75,720
2020-06-05,26.85,27.45,28.0,25.5,26.45,13148,353343.15,204
2020-06-08,26.45,26.85,28.3,26.85,27.15,22043,607941.35,186
2020-06-09,27.15,27.5,28.45,26.0,27.4,7299,196931.6,130
2020-06-10,27.4,26.55,27.4,26.5,27.2,3792,101637.9,55
2020-06-11,27.2,27.9,27.9,25.85,27.4,5594,151198.85,84
2020-06-12,27.4,26.0,27.7,26.0,27.05,3509,94458.75,51
2020-06-15,27.05,27.45,28.0,26.4,26.75,6076,165671.65,138
2020-06-16,26.75,27.55,27.55,25.4,26.1,4424,116966.75,122
2020-06-17,26.1,26.6,26.9,24.95,26.25,5546,143884.1,188
2020-06-18,26.25,27.4,28.0,25.55,27.75,7919,214812.2,117
2020-06-19,27.75,27.15,29.45,26.95,27.7,15770,435438.4,178
2020-06-22,27.7,27.75,33.15,26.4,31.15,169788,5364327.35,1510
2020-06-23,31.15,30.35,31.4,29.2,30.75,40283,1215775.25,335
2020-06-24,30.75,30.95,32.05,30.05,30.35,13331,412336.35,258
2020-06-25,30.35,30.15,32.2,27.8,29.95,18243,548569.95,236
2020-06-26,29.95,29.45,31.65,29.45,29.85,5654,170353.4,164
2020-06-29,29.85,30.25,31.9,28.0,28.95,15649,452502.3,334
2020-06-30,28.95,29.6,33.0,26.25,27.7,25936,748182.25,367
2020-07-01,27.7,27.4,27.8,25.25,27.15,20084,532911.5,394
2020-07-02,27.15,27.25,28.5,26.3,27.75,23484,650571.85,359
2020-07-03,27.75,28.3,28.4,27.1,28.0,13413,373643.9,242
2020-07-06,28.0,28.75,28.8,27.25,27.35,11762,326183.1,131
2020-07-07,27.35,27.35,32.8,25.4,30.45,57332,1678697.3,651
2020-07-08,30.45,30.45,35.55,28.6,31.3,425073,14148655.45,2907
2020-07-09,31.3,33.0,33.0,30.2,30.6,30354,957293.7,314
2020-07-10,30.6,30.3,30.3,28.55,29.05,40553,1186875.7,588
2020-07-13,29.05,29.05,30.0,28.0,28.05,15427,441313.05,238
2020-07-14,28.05,29.0,29.5,28.05,28.2,13717,390229.75,162
2020-07-15,28.2,28.2,28.95,27.5,27.7,7477,209386.55,123
2020-07-16,27.7,28.05,28.25,27.1,27.6,5498,151731.4,94
2020-07-17,27.6,27.15,28.15,27.1,27.7,10883,300285.0,168
2020-07-20,27.7,30.2,31.75,27.5,28.05,16036,460112.45,257
2020-07-21,28.05,28.25,28.85,27.4,27.55,6991,196151.4,116
2020-07-22,27.55,27.85,27.85,25.8,27.15,12787,343809.55,288
2020-07-23,27.15,27.25,27.9,26.8,27.55,9438,259675.75,150
2020-07-24,27.55,27.55,29.0,27.45,28.15,15295,431776.7,177
2020-07-27,28.15,29.55,29.55,27.3,27.45,7462,207300.4,126
2020-07-28,27.45,27.45,28.1,26.7,26.9,5053,137205.8,111
2020-07-29,26.9,27.0,28.1,26.55,26.95,4582,124097.75,119
2020-07-30,26.95,27.3,27.55,26.5,26.7,5906,157387.75,71
2020-07-31,26.7,26.35,27.5,26.05,26.65,4539,120977.95,109
2020-08-03,26.65,26.95,27.0,25.4,25.7,8122,210402.3,160
2020-08-04,25.7,26.3,26.65,26.1,26.5,4283,113003.55,65
2020-08-05,26.5,27.2,27.45,26.0,26.7,5556,147978.8,91
2020-08-06,26.7,27.4,28.0,26.3,26.65,3017,81648.4,97
2020-08-07,26.65,26.65,27.65,26.65,27.45,7445,201557.3,117
2020-08-10,27.45,27.2,28.3,26.55,27.85,4762,130270.2,109
2020-08-11,27.85,28.35,28.35,27.3,28.0,4886,136043.65,61
2020-08-12,28.0,27.9,30.5,26.4,29.65,35853,1044630.05,399
2020-08-13,29.65,29.75,32.05,27.75,31.6,57292,1744657.15,545
2020-08-14,31.6,32.45,34.85,31.5,32.6,211336,7137206.4,1345
2020-08-17,32.6,32.5,32.5,30.15,30.65,19177,601615.85,262
2020-08-18,30.65,30.0,30.95,29.5,30.1,22632,681164.75,334
2020-08-19,30.1,30.05,30.95,29.6,30.85,18757,572840.75,169
2020-08-20,30.85,31.9,34.2,30.85,33.5,65836,2168058.7,575
2020-08-21,33.5,34.8,37.95,32.85,34.6,471349,16836433.5,2789
2020-08-24,34.6,34.2,35.4,33.2,34.15,34416,1166170.8,363
2020-08-25,34.15,34.0,38.5,33.2,35.15,328581,12129002.5,2156
2020-08-26,35.15,35.55,35.6,34.15,34.4,18349,634721.15,226
2020-08-27,34.4,34.05,35.3,33.3,33.75,22314,757029.2,239
2020-08-28,33.75,34.7,34.7,33.1,33.3,10640,358152.75,159
2020-08-31,33.3,34.45,34.5,29.5,30.7,31425,981308.85,381
2020-09-01,30.7,33.5,33.5,29.05,30.0,11806,355468.35,168
2020-09-02,30.0,30.8,30.8,29.5,30.2,4652,140237.25,82
2020-09-03,30.2,31.0,31.0,27.8,29.25,14426,428469.2,178
2020-09-04,29.25,29.1,29.9,28.45,29.7,7603,223770.4,118
2020-09-07,29.7,30.35,31.7,28.4,29.2,4469,132848.75,123
2020-09-08,29.2,29.9,30.0,28.75,29.15,6346,185611.25,83
2020-09-09,29.15,30.2,30.2,28.1,28.75,3275,94593.8,97
2020-09-10,28.75,28.75,30.0,28.25,29.4,4532,132308.1,90
2020-09-11,29.4,29.85,34.95,29.85,30.65,13801,435005.45,170
2020-09-14,30.65,30.65,31.0,29.85,30.15,9393,284813.6,124
2020-09-15,30.15,32.0,32.0,30.1,30.65,2946,90540.8,74
2020-09-16,30.65,30.65,31.4,28.0,29.1,21940,641665.65,270
2020-09-17,29.1,30.25,30.25,29.0,29.95,2843,84006.6,93
2020-09-18,29.95,31.0,31.0,29.05,29.95,3744,112049.05,75
2020-09-21,29.95,30.35,30.35,27.9,28.7,6300,181986.7,87
2020-09-22,28.7,28.2,30.0,26.25,29.35,11512,325290.8,265
2020-09-23,29.35,29.35,29.55,28.15,28.35,2173,62086.15,69
2020-09-24,28.35,28.9,28.9,27.05,27.15,3842,106058.2,89
2020-09-25,27.15,27.3,29.0,27.2,28.6,4071,115477.8,78
2020-09-28,28.6,29.7,32.0,27.7,28.9,5818,170257.75,109
2020-09-29,28.9,28.55,29.0,27.55,28.25,4167,117437.75,73
2020-09-30,28.25,29.2,29.2,26.8,27.0,14323,390542.6,222
2020-10-01,27.0,27.9,28.25,27.35,27.95,4913,136802.0,111
2020-10-05,27.95,28.1,30.0,27.35,29.6,26256,770779.55,281
2020-10-06,29.6,29.4,30.65,28.55,28.95,14596,426637.25,244
2020-10-07,28.95,29.6,29.6,28.2,28.35,5685,163159.6,135
2020-10-08,28.35,29.0,29.9,28.35,29.1,7071,207315.35,92
2020-10-09,29.1,29.4,29.5,28.2,28.8,1711,49637.25,68
2020-10-12,28.8,29.1,29.15,27.7,28.15,3394,96640.3,124
2020-10-13,28.15,28.65,29.0,28.0,28.9,1334,38105.7,37
2020-10-14,28.9,28.25,28.5,27.5,27.65,8892,246593.55,110
2020-10-15,27.65,28.3,28.3,27.1,27.15,2478,68656.4,65
2020-10-16,27.15,28.2,28.9,26.1,27.45,10620,289125.95,221
2020-10-19,27.45,28.1,28.25,27.0,27.85,1073,29961.55,49
2020-10-20,27.85,27.0,28.65,27.0,27.15,5558,151794.25,136
2020-10-21,27.15,27.9,28.5,27.0,28.15,8580,238313.3,154
2020-10-22,28.15,28.55,28.65,27.55,27.85,3447,96849.4,49
2020-10-23,27.85,28.5,30.3,27.35,28.5,16209,466985.65,217
2020-10-26,28.5,30.2,30.4,28.25,28.55,3389,98152.95,78
2020-10-27,28.55,28.05,29.8,27.4,27.75,7821,219987.95,98
2020-10-28,27.75,28.9,28.9,27.1,27.6,4179,116349.1,72
2020-10-29,27.6,27.9,27.95,26.2,27.55,4916,134808.45,89
2020-10-30,27.55,28.0,28.9,27.05,27.85,3034,84672.3,54
2020-11-02,27.85,28.05,28.8,27.2,27.95,3555,100288.55,54
2020-11-03,27.95,28.7,28.7,27.3,27.5,4261,118300.55,64
2020-11-04,27.5,27.0,27.5,27.0,27.15,2658,72660.75,82
2020-11-05,27.15,27.3,28.1,27.3,27.65,3446,95672.0,61
2020-11-06,27.65,27.95,28.0,27.05,27.3,4763,130368.25,56
2020-11-09,27.3,27.55,28.15,27.15,27.4,4401,121398.85,58
2020-11-10,27.4,27.9,28.1,27.55,27.6,5598,156135.7,82
2020-11-11,27.6,27.15,28.1,27.0,27.5,3254,89582.65,133
2020-11-12,27.5,27.5,28.5,26.6,28.35,6917,194782.3,91
2020-11-13,28.35,28.3,28.75,27.15,28.05,4763,134264.45,117
2020-11-17,28.65,29.7,29.7,28.25,29.05,5114,148535.25,74
2020-11-18,29.05,29.05,29.65,28.0,28.5,6631,189974.9,107
2020-11-19,28.5,29.1,29.1,28.2,28.25,5168,147720.15,83
2020-11-20,28.25,28.5,29.3,27.4,27.95,10275,289618.05,104
2020-11-23,27.95,28.15,28.95,27.8,28.1,1896,53033.7,46
2020-11-24,28.1,28.05,29.15,27.85,28.65,5053,143083.55,68
2020-11-25,28.65,28.95,29.15,28.05,28.65,8120,232013.6,83
2020-11-26,28.65,28.7,29.7,28.25,29.05,9478,273187.3,154
2020-11-27,29.05,29.25,29.7,28.55,29.2,5953,173737.8,79
2020-12-01,29.2,30.2,30.2,28.85,29.5,8083,238951.9,98
2020-12-02,29.5,28.5,31.3,28.5,31.0,26130,797802.05,224
2020-12-03,31.0,31.5,33.0,31.2,32.4,32109,1030136.05,319
2020-12-04,32.4,32.8,34.85,32.0,34.15,98771,3343601.8,898
2020-12-07,34.15,34.35,35.9,33.15,34.2,44775,1555150.25,373
2020-12-08,34.2,34.25,35.6,32.2,34.05,32471,1096114.55,434
2020-12-09,34.05,34.0,35.0,33.2,34.55,35589,1219710.8,382
2020-12-10,34.55,34.55,41.45,31.2,41.45,764726,28923441.3,1811
2020-12-11,41.45,45.0,49.7,44.0,49.7,756798,35626249.5,5194
2020-12-14,49.7,54.65,54.65,54.65,54.65,118895,6497611.75,259
2020-12-15,54.65,58.8,58.8,49.2,49.2,217823,11190735.85,1740
2020-12-16,49.2,50.25,52.1,44.45,50.45,233315,11695090.25,2401
2020-12-17,50.45,53.0,53.0,49.55,50.05,77351,3991070.15,1069
2020-12-18,50.05,48.0,50.0,47.0,49.35,42064,2034834.65,709
2020-12-21,49.35,49.85,51.0,44.45,44.7,44673,2124614.4,625
2020-12-22,44.7,44.7,46.0,40.65,45.0,75608,3239369.9,881
2020-12-23,45.0,47.5,48.7,45.2,47.95,45482,2166051.1,780
2020-12-24,47.95,50.5,50.65,46.0,47.35,32164,1549359.35,450
2020-12-28,47.35,47.5,49.7,47.0,47.4,16785,804924.45,321
2020-12-29,47.4,49.55,51.45,46.0,50.25,60261,2970021.6,631
2020-12-30,50.25,49.8,50.0,48.25,48.45,19002,926487.3,324
2020-12-31,48.45,47.35,49.5,47.35,47.9,7171,345719.35,125
2021-01-01,47.9,49.4,50.5,48.05,48.3,27635,1357777.0,407
2021-01-04,48.3,48.75,50.4,47.55,48.4,31518,1535267.0,473
2021-01-05,48.4,48.7,49.75,47.55,48.8,17012,821921.8,290
2021-01-06,48.8,48.25,49.2,47.5,48.05,21140,1021043.25,322
2021-01-07,48.05,48.2,49.45,46.6,47.45,29890,1440178.3,474
2021-01-08,47.45,46.7,48.6,45.15,46.85,76462,3576425.95,1140
2021-01-11,46.85,47.85,48.95,46.0,46.8,23253,1096655.0,363
2021-01-12,46.8,47.7,48.15,45.4,46.0,28852,1333524.3,402
2021-01-13,46.0,46.85,47.25,46.0,46.25,13932,650409.2,228
2021-01-14,46.25,45.15,49.7,45.15,47.8,45661,2205817.4,558
2021-01-15,47.8,48.85,48.85,46.05,46.4,7320,345189.75,158
2021-01-18,46.4,45.3,47.35,45.3,46.2,13111,604492.4,229
2021-01-19,46.2,46.2,49.0,46.2,47.55,33648,1611336.3,413
2021-01-20,47.55,46.3,48.0,46.3,47.35,13024,612202.55,192
2021-01-21,47.35,46.55,47.75,46.55,47.1,17738,834412.1,138
2021-01-22,47.1,46.85,47.5,45.5,45.8,9401,438158.5,156
2021-01-25,45.8,46.0,48.0,44.2,45.05,11720,544576.7,191
2021-01-27,45.05,45.75,46.6,44.7,45.55,7815,355463.1,115
2021-01-28,45.55,45.05,46.5,43.25,46.0,19707,893066.55,330
2021-01-29,46.0,45.35,46.65,43.3,44.25,11343,507657.85,267
2021-02-01,44.25,46.95,46.95,44.0,46.0,5927,268332.85,133
2021-02-02,46.0,46.55,47.85,45.05,45.35,12764,581943.8,315
2021-02-03,45.35,46.7,46.7,44.8,45.5,9333,424686.25,169
2021-02-04,45.5,46.45,46.5,44.4,46.1,6616,301517.3,105
2021-02-05,46.1,46.5,49.85,46.5,48.75,48433,2352565.95,500
2021-02-08,48.75,49.95,49.95,46.3,48.05,12940,619304.15,291
2021-02-09,48.05,46.6,47.75,46.4,47.1,14127,662441.55,213
2021-02-10,47.1,46.65,47.6,43.8,45.2,9421,431148.85,225
2021-02-11,45.2,44.8,46.55,44.65,46.0,10289,470063.65,243
2021-02-12,46.0,45.95,47.5,44.65,45.05,7029,322095.5,181
2021-02-15,45.05,48.0,54.05,47.95,54.05,450811,23821603.0,4276
2021-02-16,54.05,54.9,57.3,50.7,51.15,346213,18334499.9,3677
2021-02-17,51.15,51.0,53.8,49.2,50.2,104259,5401722.7,1828
2021-02-18,50.2,50.2,51.25,50.0,50.15,19682,995477.35,401
2021-02-19,50.15,49.7,49.8,47.0,47.9,41265,1998934.3,789
2021-02-22,47.9,46.8,48.4,42.35,44.7,47784,2155700.3,1167
2021-02-23,44.7,44.7,48.55,44.25,46.15,41331,1922846.05,837
2021-02-24,46.15,47.55,47.7,45.0,46.4,11319,529794.7,240
2021-02-25,46.4,47.2,47.7,45.5,46.5,25583,1186339.4,537
2021-02-26,46.5,46.0,47.0,45.3,46.4,20303,938395.2,423
2021-03-01,46.4,47.5,47.7,45.5,46.4,41051,1911866.7,452
2021-03-02,46.4,45.6,48.2,45.6,47.55,23708,1123722.0,435
2021-03-03,47.55,47.05,48.15,46.85,47.4,18409,874124.45,336
2021-03-04,47.4,47.9,47.9,46.15,46.85,42122,1991397.05,531
2021-03-05,46.85,47.6,56.2,45.5,56.2,437235,24137959.55,3066
2021-03-08,56.2,58.35,67.4,54.5,67.4,1183451,76060740.25,13744
2021-03-09,67.4,69.8,73.0,60.7,61.25,577110,38403383.4,8633
2021-03-10,61.25,62.25,67.0,62.0,63.5,241770,15653751.25,3423
2021-03-12,63.5,64.65,65.95,61.0,61.45,84356,5389325.7,1164
2021-03-15,61.45,61.0,62.8,57.35,60.6,76268,4572605.55,1070
2021-03-16,60.6,60.6,62.3,60.5,60.95,37902,2324290.6,409
2021-03-17,60.95,62.5,62.85,60.0,60.9,62870,3898279.15,839
2021-03-18,60.9,62.45,62.5,54.85,56.5,96304,5633411.45,868
2021-03-19,56.5,56.0,60.5,50.85,53.75,88345,4704745.2,1052
2021-03-22,53.75,56.0,56.0,52.3,54.15,21544,1156411.65,391
2021-03-23,54.15,54.15,55.2,53.2,54.2,17605,951990.55,347
2021-03-24,54.2,54.0,54.8,52.5,53.15,37536,2020384.75,681
2021-03-25,53.15,50.75,52.05,48.15,49.35,88664,4411042.35,969
2021-03-26,49.35,48.5,51.25,48.5,50.45,29303,1473676.1,503
2021-03-30,50.45,50.45,51.6,48.55,49.6,24546,1223013.35,304
2021-03-31,49.6,49.65,50.05,48.7,49.0,15906,783984.85,371
2021-04-01,49.0,50.9,53.9,49.05,53.9,70896,3720079.25,495
2021-04-05,53.9,54.05,59.25,54.05,57.3,174120,10045539.4,1713
2021-04-06,57.3,57.5,59.4,54.1,54.8,30193,1690605.45,610
2021-04-07,54.8,55.7,56.0,53.9,54.3,13024,712983.55,494
2021-04-08,54.3,54.35,55.7,53.9,54.45,41872,2294006.5,704
2021-04-09,54.45,55.65,59.7,54.55,56.6,49352,2818072.55,716
2021-04-12,56.6,53.8,54.95,50.75,51.9,40868,2156362.05,1079
2021-04-13,51.9,52.7,54.95,51.65,53.6,20396,1091840.45,722
2021-04-15,53.6,53.2,55.75,52.1,53.85,21852,1174864.4,555
2021-04-16,53.85,54.35,54.7,50.5,51.95,21873,1171071.65,627
2021-04-19,51.95,52.6,53.45,49.3,50.15,24081,1232333.9,418
2021-04-20,50.15,52.8,55.4,50.3,50.95,21605,1146305.5,421
2021-04-22,50.95,51.5,53.0,50.8,52.35,13010,674283.05,296
2021-04-23,52.35,50.4,53.7,50.4,51.8,16493,859966.5,372
2021-04-26,51.8,51.8,53.5,51.7,52.25,25045,1309253.65,301
2021-04-27,52.25,52.3,53.5,52.25,52.95,10911,577922.2,161
2021-04-28,52.95,53.5,54.85,52.0,53.75,23385,1246645.5,384
2021-04-29,53.75,54.85,61.4,54.05,56.65,250720,14788708.2,4000
2021-04-30,56.65,56.8,58.65,55.0,55.6,24903,1402866.6,620
2021-05-03,55.6,54.0,56.9,54.0,56.15,36157,2013492.1,779
2021-05-04,56.15,56.95,56.95,54.9,55.1,11525,641961.45,300
2021-05-05,55.1,56.35,59.35,55.9,58.4,64466,3751631.75,1067
2021-05-06,58.4,59.9,64.0,58.35,60.4,157065,9676542.45,1908
2021-05-07,60.4,60.0,60.9,58.15,58.8,35612,2107054.45,482
2021-05-10,58.8,62.85,62.85,59.6,60.15,23530,1437680.75,590
2021-05-11,60.15,60.15,63.0,60.0,62.15,51762,3183275.1,785
2021-05-12,62.15,60.1,63.9,60.1,61.3,51184,3190830.45,1560
2021-05-14,61.3,60.6,63.45,59.0,62.1,75495,4674760.3,1352
2021-05-17,62.1,63.75,67.55,61.5,63.95,195867,12783006.95,2701
2021-05-18,63.95,63.95,64.0,61.05,61.8,43017,2665396.85,1003
2021-05-19,61.8,62.75,64.8,61.3,62.7,25340,1602982.2,875
2021-05-20,62.7,62.2,64.75,62.15,62.5,43352,2736230.8,834
2021-05-21,62.5,63.0,65.2,62.5,64.05,64980,4167645.55,864
2021-05-24,64.05,63.0,66.1,63.0,64.45,39546,2551624.95,862
2021-05-25,64.45,64.4,67.35,63.05,64.3,69929,4569772.55,1274
2021-05-26,64.3,64.05,68.0,64.05,66.1,50819,3383356.05,836
2021-05-27,66.1,66.3,67.15,65.25,65.75,29682,1962639.7,640
2021-05-28,65.75,65.6,67.95,63.85,67.1,81767,5427275.05,1022
2021-05-31,67.1,72.0,77.95,70.2,71.45,812952,60989282.8,9614
2021-06-01,71.45,72.0,72.05,66.6,67.9,77947,5369088.4,1795
2021-06-02,67.9,68.0,73.3,66.15,72.0,140104,10047084.7,2493
2021-06-03,72.0,72.9,72.9,70.0,70.5,45385,3226400.1,1489
2021-06-04,70.5,70.55,73.5,70.0,71.9,196544,14156487.8,2395
2021-06-07,71.9,72.8,72.8,70.0,70.7,58197,4172934.75,1245
2021-06-08,70.7,71.3,71.5,69.5,70.1,31921,2242325.85,752
2021-06-09,70.1,70.6,70.8,66.2,67.15,65770,4531675.05,1350
2021-06-10,67.15,68.3,68.65,67.35,68.1,24508,1665329.7,737
2021-06-11,68.1,67.95,71.0,67.95,70.4,33585,2348927.0,1051
2021-06-14,70.4,71.85,71.9,66.3,67.6,33546,2284669.55,604
2021-06-15,67.6,69.0,69.6,68.05,69.1,15381,1061096.25,401
2021-06-16,69.1,69.45,82.9,69.0,82.9,940563,74778332.5,6173
2021-06-17,82.9,82.7,85.5,75.25,76.85,662386,53539148.1,7940
2021-06-18,76.85,77.2,89.75,72.25,87.2,1332654,111772946.3,12796
2021-06-21,87.2,86.8,94.7,85.0,90.7,950758,86910563.9,12676
2021-06-22,90.7,91.6,92.25,86.65,87.95,171579,15285355.5,4146
2021-06-23,87.95,88.85,88.9,84.0,85.5,94901,8140689.4,1442
2021-06-24,85.5,86.7,88.0,82.6,83.05,73927,6275056.0,1416
2021-06-25,83.05,83.8,93.6,80.25,89.85,323660,28724786.25,3112
2021-06-28,89.85,93.65,104.0,90.15,96.6,720837,70481995.45,10113
2021-06-29,96.6,97.0,102.8,96.1,96.95,191796,18935648.85,2380
2021-06-30,96.95,97.5,98.95,93.2,94.8,91729,8826021.35,1573
2021-07-01,94.8,96.5,98.25,96.0,96.7,53326,5154535.6,1872
2021-07-02,96.7,98.5,98.5,95.05,95.75,66544,6410405.9,2490
2021-07-05,95.75,96.85,99.6,92.45,95.25,126021,12254116.0,3072
2021-07-06,95.25,94.9,102.0,92.6,96.6,240988,23812128.95,4838
2021-07-07,96.6,97.5,97.5,96.0,96.15,38551,3721558.5,1287
2021-07-08,96.15,97.25,102.0,95.2,100.5,139807,13913576.75,2435
2021-07-09,100.5,104.05,111.95,104.05,105.95,1201183,129859515.05,22368
2021-07-12,105.95,106.7,106.75,102.1,103.6,151832,15751939.15,3538
2021-07-13,103.6,104.45,111.0,103.6,104.65,254810,27158933.65,8152
2021-07-14,104.65,105.6,110.5,105.45,107.85,208296,22581798.45,4153
2021-07-15,107.85,108.6,110.2,105.0,105.5,65566,7030592.15,2219
2021-07-16,105.5,104.2,110.0,104.2,108.5,130086,14019851.45,3903
2021-07-19,108.5,106.6,108.75,105.15,105.75,142032,15161477.6,10347
2021-10-12,86.4,88.6,90.7,85.0,86.45,23003,2014357.95,286
2021-10-13,86.45,86.0,87.65,83.5,86.75,13775,1188248.2,360
2021-10-14,86.75,83.8,89.35,83.8,87.45,17929,1558778.45,553
2021-10-18,87.45,89.65,90.05,84.95,88.2,32885,2875269.95,746
2021-10-19,88.2,89.95,89.95,86.0,87.2,20704,1820309.5,434
2021-10-20,87.2,85.05,88.9,82.85,83.5,13545,1136369.25,458
2021-10-21,83.5,87.0,87.0,81.35,85.1,16735,1397709.0,342
2021-10-22,85.1,85.1,87.6,82.6,83.05,12004,1008405.95,361
2021-10-25,83.05,83.05,84.65,78.9,81.15,10001,820056.4,439
2021-10-26,81.15,80.1,84.0,79.35,82.95,11132,909860.75,311
2021-10-27,82.95,81.0,83.8,81.0,82.25,7120,587068.5,235
2021-10-28,82.25,80.0,84.25,78.9,82.1,14754,1217775.05,599
2021-10-29,82.1,79.35,82.0,79.3,81.0,3741,302330.9,95
2021-11-01,81.0,81.75,84.2,81.1,84.0,9327,773423.6,204
2021-11-02,84.0,85.0,86.95,84.0,84.4,7780,661340.0,226
2021-11-03,84.4,81.1,86.4,81.1,84.05,4729,395042.25,152
2021-11-04,84.05,85.9,87.0,82.0,85.85,3909,336049.1,82
2021-11-08,85.85,87.0,88.95,84.55,87.7,24800,2165128.25,541
2021-11-09,87.7,87.95,89.0,86.2,87.15,15787,1381671.55,466
2021-11-10,87.15,88.0,89.25,85.2,87.6,16694,1451414.5,313
2021-11-11,87.6,88.8,88.8,85.3,86.55,7045,612395.65,253
2021-11-12,86.55,87.95,88.75,85.55,88.25,17911,1567753.95,631
2021-11-15,88.25,91.0,91.0,88.25,89.75,45389,4093587.95,384
2021-11-16,89.75,90.0,90.0,86.4,88.3,14592,1294673.4,494
2021-11-17,88.3,89.9,89.9,87.0,88.9,11638,1031912.45,193
2021-11-18,88.9,89.8,89.8,85.25,87.8,14117,1235821.25,229
2021-11-22,87.8,87.8,87.8,84.2,84.4,12343,1052728.15,231
2021-11-23,84.4,84.4,86.95,80.25,85.55,11504,975698.5,431
2021-11-24,85.55,85.6,89.8,85.55,88.65,32356,2857676.5,574
2021-11-25,88.65,91.1,92.95,86.0,91.0,69579,6347652.15,869
2021-11-26,91.0,88.0,90.7,87.5,88.45,18287,1626390.05,418
2021-11-29,88.45,86.65,89.0,84.05,85.0,13562,1156086.75,273
2021-11-30,85.0,86.0,88.8,84.35,87.1,14300,1245187.9,525
2021-12-01,87.1,86.1,89.0,86.0,87.85,6778,589197.9,181
2021-12-02,87.85,90.9,90.9,83.65,86.05,8327,721411.05,247
2021-12-03,86.05,88.9,89.75,85.2,85.6,6741,580323.15,191
2021-12-06,85.6,83.55,89.0,82.35,85.4,19517,1680918.05,580
2021-12-07,85.4,88.0,89.0,86.05,88.3,13206,1162069.3,482
2021-12-08,88.3,90.0,90.95,81.35,88.0,22416,1964971.0,371
2021-12-09,88.0,87.0,89.6,86.5,87.5,5445,479503.2,169
2021-12-10,87.5,85.9,88.7,85.9,88.1,6326,554869.1,200
2021-12-13,88.1,87.0,91.25,87.0,89.2,19786,1781755.4,354
2021-12-14,89.2,88.9,89.95,88.0,89.7,16035,1435748.2,340
2021-12-15,89.7,88.0,90.35,87.85,88.7,9419,839539.9,234
2021-12-16,88.7,89.9,90.9,85.1,86.85,9787,856023.8,242
2021-12-17,86.85,86.8,88.45,85.6,86.35,7285,632380.25,190
2021-12-20,86.35,87.5,91.0,79.7,84.5,30479,2580982.05,704
2021-12-21,84.5,86.15,86.35,83.3,84.1,6222,527763.5,158
2021-12-22,84.1,84.35,87.0,84.05,84.75,16449,1403164.2,355
2021-12-23,84.75,85.8,88.85,83.05,86.45,21258,1852672.7,944
2021-12-24,86.45,88.9,88.9,84.95,85.7,8647,754279.0,193
2021-12-27,85.7,86.95,94.25,84.0,93.0,28137,2547853.2,580
2021-12-28,93.0,95.0,96.8,91.0,94.35,79215,7534452.8,1338
2021-12-29,94.35,95.0,100.75,93.6,97.2,105008,10314201.1,1448
2021-12-30,97.2,98.95,103.0,98.0,98.5,59749,5969468.8,985
2021-12-31,98.5,99.35,101.0,95.65,99.35,43572,4323572.6,836
2022-01-03,99.35,99.95,107.9,96.0,104.75,196807,20147468.1,2367
2022-01-04,104.75,107.5,109.0,101.45,102.95,69412,7259355.0,1471
2022-01-05,102.95,101.05,104.8,101.05,102.75,36484,3762379.05,894
2022-01-06,102.75,100.0,102.5,98.7,100.25,40292,4048806.2,928
2022-01-07,100.25,101.95,103.95,98.05,99.35,23803,2400009.0,422
2022-01-10,99.35,101.4,109.25,99.0,106.8,275499,29580089.05,2488
2022-01-11,106.8,108.0,117.45,105.9,117.45,600303,68400347.2,4929
2022-01-12,117.45,123.0,126.0,113.5,115.95,409441,49716679.65,6182
2022-01-13,115.95,116.8,116.8,111.6,114.35,65725,7509088.85,1196
2022-01-14,114.35,114.4,125.75,112.05,125.75,309205,38337709.15,3219
2022-01-17,125.75,127.5,128.0,121.3,125.45,206284,25914134.45,3248
2022-01-18,125.45,127.0,130.0,119.2,119.3,116211,14561644.35,1647
2022-01-19,119.3,119.3,120.65,113.6,115.7,47520,5511006.4,895
2022-01-20,115.7,116.0,121.45,116.0,119.55,60577,7222663.15,828
2022-01-21,119.55,117.0,121.95,115.0,116.6,43620,5191676.2,754
2022-01-24,116.6,118.75,118.75,110.8,110.8,67068,7488750.1,755
2022-01-25,110.8,111.0,111.0,105.3,109.1,84206,9008944.75,1598
2022-01-27,109.1,105.15,113.6,105.15,111.7,46754,5151835.4,922
2022-01-28,111.7,113.95,116.8,111.4,113.1,48786,5589600.7,702
2022-01-31,113.1,114.0,118.75,110.1,110.9,46709,5315312.35,711
2022-02-01,110.9,110.5,112.55,107.35,109.65,30955,3405242.6,465
2022-02-02,109.65,110.5,114.3,109.05,113.15,25767,2886184.45,419
2022-02-03,113.15,116.5,118.8,113.05,118.65,59207,6958880.35,901
2022-02-04,118.65,118.0,120.0,113.0,114.0,38259,4411765.45,1106
2022-02-07,114.0,115.1,115.45,110.0,110.95,24570,2753233.05,1009
2022-02-08,110.95,112.0,113.1,104.25,107.6,17475,1914182.35,607
2022-02-09,107.6,112.65,112.65,107.2,108.1,16206,1777800.6,482
2022-02-10,108.1,108.0,110.55,104.25,105.9,37482,4019814.6,948
2022-02-11,105.9,103.0,109.9,101.05,103.5,53945,5693201.7,1361
2022-02-14,103.5,101.45,102.3,93.5,95.7,48679,4715341.55,1079
2022-02-15,95.7,99.5,99.55,92.05,97.2,42534,4104229.25,733
2022-02-16,97.2,100.9,102.35,97.95,99.2,22050,2202188.15,352
2022-02-17,99.2,101.0,101.7,96.0,97.1,11614,1135173.45,273
2022-02-18,97.1,98.9,98.9,95.0,95.6,6243,600099.2,207
2022-02-21,95.6,97.0,97.0,90.3,91.2,18855,1746053.55,450
2022-02-22,91.2,90.0,90.0,84.45,87.4,25976,2238872.85,684
2022-02-23,87.4,90.0,93.0,85.0,88.25,18014,1617034.25,505
2022-02-24,88.25,85.0,86.6,79.45,80.8,25035,2043081.15,616
2022-02-25,80.8,84.85,86.65,83.1,84.3,14357,1214104.45,306
2022-02-28,84.3,83.1,92.0,81.1,90.05,14759,1273948.05,553
2022-03-02,90.05,89.5,96.0,88.95,93.75,37623,3514846.25,965
2022-03-03,93.75,93.75,95.5,88.1,89.7,31986,2926209.2,1138
2022-03-04,89.7,91.0,91.0,85.2,86.3,13603,1202429.4,528
2022-03-07,86.3,83.05,87.0,81.15,81.85,16922,1400009.65,610
2022-03-08,81.85,85.95,86.9,80.4,85.95,19116,1583535.1,458
2022-03-09,85.95,88.9,90.85,85.05,88.6,23289,2066685.45,1036
2022-03-10,88.6,92.45,93.9,88.55,92.4,31018,2859070.2,874
2022-03-11,92.4,92.0,97.7,92.0,95.8,36948,3512965.8,1062
2022-03-14,95.8,95.2,98.1,93.25,97.25,21595,2087244.05,496
2022-03-15,97.25,99.0,101.7,92.05,94.3,47750,4713042.55,935
2022-03-16,94.3,97.85,97.95,93.05,94.2,14387,1366958.85,658
2022-03-17,94.2,94.55,97.95,92.05,92.7,28459,2659099.65,651
2022-03-21,92.7,91.15,93.85,89.55,91.15,21753,2004433.05,779
2022-03-22,91.15,89.2,96.0,89.2,95.05,23605,2176713.6,460
2022-03-23,95.05,95.05,98.0,94.05,95.0,12604,1205084.7,462
2022-03-24,95.0,93.0,94.9,90.0,91.8,15248,1404907.15,379
2022-03-25,91.8,93.9,93.9,89.0,89.7,34067,3102732.9,378
2022-03-28,89.7,89.6,93.4,86.3,87.65,42218,3788316.6,751
2022-03-29,87.65,87.0,91.0,84.3,85.35,20083,1744389.25,495
2022-03-30,85.35,86.1,89.0,86.0,87.55,14077,1235663.6,419
2022-03-31,87.55,88.0,88.55,86.1,87.05,9135,797966.2,254
2022-04-01,87.05,93.45,93.45,88.45,90.1,11720,1058088.0,480
2022-04-04,90.1,87.5,94.35,87.5,92.65,25901,2393812.65,477
2022-04-05,92.65,93.3,96.0,93.15,94.75,21065,1999078.15,438
2022-04-06,94.75,96.25,97.5,94.0,94.55,47665,4569248.75,550
2022-04-07,94.55,95.95,99.5,95.2,95.45,24496,2386018.65,540
2022-04-08,95.45,96.85,114.5,95.2,114.5,379264,41934740.8,5011
2022-04-11,114.5,117.0,122.0,112.5,116.45,448132,52918396.05,6883
2022-04-12,116.45,117.5,117.5,111.1,113.8,57179,6527447.55,1460
2022-04-13,113.8,115.0,119.4,108.2,109.9,31714,3582110.55,867
2022-04-18,109.9,111.0,113.55,107.0,111.55,29310,3278291.45,623
2022-04-19,111.55,112.0,115.05,105.35,109.4,50367,5609147.8,1083
2022-04-20,109.4,107.4,112.3,107.4,110.35,22998,2535491.0,558
2022-04-21,110.35,110.35,115.0,110.35,113.15,42042,4747971.65,699
2022-04-22,113.15,112.7,118.9,110.1,111.75,40026,4618061.35,1303
2022-04-25,111.75,111.75,112.4,105.0,106.05,35666,3859214.75,1019
2022-04-26,106.05,106.5,109.7,106.05,106.75,13116,1410711.0,489
2022-04-27,106.75,107.0,108.0,102.25,104.1,28373,2974960.2,1214
2022-04-28,104.1,107.8,121.8,106.7,113.45,316172,37041810.5,7006
2022-04-29,113.45,115.45,119.0,106.0,107.6,55043,6185488.55,1846
2022-05-02,107.6,111.8,111.8,103.85,105.1,39861,4235449.9,1314
2022-05-04,105.1,114.0,114.0,100.75,103.65,29303,3134819.15,1048
2022-05-05,103.65,105.0,108.3,101.35,102.55,14915,1568406.15,690
2022-05-06,102.55,100.0,101.0,96.55,97.8,43646,4282278.75,1247
2022-05-09,97.8,96.0,104.7,94.1,95.95,23534,2276316.35,857
2022-05-10,95.95,99.8,108.5,91.45,94.65,113403,11472616.7,3272
2022-05-11,94.65,95.0,95.0,82.25,86.05,101023,8796121.05,2186
2022-05-12,86.05,85.95,85.95,79.0,79.95,49158,4013912.95,1390
2022-05-13,79.95,85.95,86.7,82.1,84.3,25937,2195570.3,832
2022-05-16,84.3,86.95,86.95,83.45,85.2,14635,1254400.65,436
2022-05-17,85.2,84.1,93.7,84.1,91.65,31593,2831685.9,795
2022-05-18,91.65,91.95,94.35,89.0,89.55,50616,4633298.25,749
2022-05-19,89.55,85.8,89.0,85.7,87.05,18122,1578002.9,378
2022-05-20,87.05,87.05,91.1,87.05,90.1,12787,1146390.55,331
2022-05-23,90.1,92.0,92.0,85.0,86.65,11094,980285.65,304
2022-05-24,86.65,86.65,87.7,83.0,84.15,14121,1197768.85,401
2022-05-25,84.15,85.0,85.8,82.4,83.5,10845,913487.7,328
2022-05-26,83.5,85.3,85.3,78.0,82.05,14554,1184051.8,401
2022-05-27,82.05,80.6,84.85,80.6,82.45,15461,1281212.95,247
2022-05-30,82.45,82.45,85.2,81.95,83.35,13730,1152651.0,279
2022-05-31,83.35,85.0,85.0,82.05,83.75,11707,979616.3,225
2022-06-01,83.75,82.25,86.2,82.25,85.7,12671,1081883.4,229
2022-06-02,85.7,86.0,89.95,84.05,87.45,18089,1565662.9,465
2022-06-03,87.45,86.6,89.0,85.15,86.25,13205,1152033.95,368
2022-06-06,86.25,87.95,88.0,83.9,84.6,6320,536339.2,189
2022-06-07,84.6,84.8,86.05,84.35,85.0,6186,526036.5,169
2022-06-08,85.0,84.1,85.85,81.0,81.7,9492,784362.1,289
2022-06-09,81.7,81.7,84.05,81.7,81.95,4748,390144.15,173
2022-06-10,81.95,83.0,83.0,80.05,80.7,6510,530179.2,240
2022-06-13,80.7,78.75,80.7,75.0,77.0,11312,874290.85,495
2022-06-14,77.0,78.1,81.2,78.1,79.15,9716,773257.6,276
2022-06-15,79.15,80.65,80.65,77.8,78.55,3479,274759.35,191
2022-06-16,78.55,80.0,81.0,75.55,76.25,4614,355066.25,214
2022-06-17,76.25,76.75,76.75,70.3,72.4,14671,1068795.4,555
2022-06-20,72.4,75.2,85.4,66.15,67.85,22144,1560186.05,564
2022-06-21,67.85,69.05,71.95,66.55,71.0,12085,836344.45,677
2022-06-22,71.0,71.7,72.4,67.8,69.0,7908,546712.25,381
2022-06-23,69.0,69.0,80.45,67.1,71.75,60914,4508923.3,1157
2022-06-24,71.75,74.85,77.7,73.55,74.75,16921,1274824.15,378
2022-06-27,74.75,76.15,77.2,75.0,76.6,10257,782376.5,217
2022-06-28,76.6,75.0,88.0,75.0,80.3,11572,908532.55,241
2022-06-29,80.3,78.6,82.8,77.45,82.25,14674,1189102.9,228
2022-06-30,82.25,82.8,83.5,78.15,78.7,13109,1050253.75,372
2022-07-01,78.7,79.5,79.5,75.4,76.65,4431,338823.9,125
2022-07-04,76.65,76.65,84.0,76.65,78.85,16764,1344787.5,411
2022-07-05,78.85,80.3,82.15,78.2,79.5,6286,505878.35,323
2022-07-06,79.5,81.05,82.0,77.0,78.0,7751,619806.05,229
2022-07-07,78.0,79.55,81.45,78.25,79.55,8822,705958.4,376
2022-07-08,79.55,80.55,81.45,77.8,78.7,6439,512175.2,217
2022-07-11,78.7,80.25,80.7,76.15,77.95,6954,541784.55,257
2022-07-12,77.95,79.45,80.5,78.3,79.6,8592,681689.9,265
2022-07-13,79.6,79.6,80.55,78.4,79.8,6220,496820.15,139
2022-07-14,79.8,80.0,80.95,78.0,78.55,3024,237942.9,116
2022-07-15,78.55,79.9,79.9,77.05,78.25,2493,194821.2,95
2022-07-18,78.25,79.75,80.95,78.35,80.1,4686,373730.95,252
2022-07-19,80.1,79.95,79.95,78.1,78.95,2813,221893.35,127
2022-07-20,78.95,80.05,82.6,80.05,81.75,11206,916458.55,261
2022-07-21,81.75,82.05,82.8,79.05,79.9,13185,1061540.3,490
2022-07-22,79.9,79.55,81.95,79.55,80.1,7914,637970.15,352
2022-07-25,80.1,81.55,82.25,78.7,80.0,8972,721818.2,211
2022-07-26,80.0,81.55,93.9,81.55,86.2,204825,18451307.15,3216
2022-07-27,86.2,87.7,89.0,83.1,83.9,21875,1855344.25,414
2022-07-28,83.9,85.55,87.95,83.0,83.75,12819,1092014.8,245
2022-07-29,83.75,83.75,85.9,83.75,84.75,9208,779873.45,145
2022-08-01,84.75,86.35,87.6,82.8,85.3,11341,964601.6,368
2022-08-02,85.3,86.8,86.8,82.55,84.95,10834,918138.45,231
2022-08-03,84.95,85.0,85.0,82.1,82.75,6745,560859.65,208
2022-08-04,82.75,84.35,85.5,81.5,83.4,8761,727803.9,203
2022-08-05,83.4,84.95,94.9,83.55,87.1,88697,8031449.0,1455
2022-08-08,87.1,88.5,88.5,84.0,84.25,11397,976604.6,356
2022-08-10,84.25,85.85,94.8,83.05,89.5,105981,9661260.95,1926
2022-08-11,89.5,92.9,94.0,89.5,91.1,34428,3169256.55,611
2022-08-12,91.1,91.5,91.5,88.65,90.35,8755,789453.6,313
2022-08-16,90.35,90.0,92.45,88.25,91.2,14334,1301099.3,266
2022-08-17,91.2,91.95,98.45,91.75,93.0,76234,7266913.15,1128
2022-08-18,93.0,93.0,94.75,92.0,93.3,16752,1556927.5,349
2022-08-19,93.3,93.9,94.7,91.25,92.45,17271,1604219.7,354
2022-08-22,92.45,93.9,95.9,91.75,93.1,29181,2748653.05,429
2022-08-23,93.1,93.1,95.0,91.5,93.85,8866,821618.9,199
2022-08-24,93.85,94.8,94.95,91.35,94.0,16776,1575350.1,272
2022-08-25,94.0,94.0,96.0,93.35,93.55,14244,1340301.4,285
2022-08-26,93.55,95.35,96.0,93.55,93.95,17917,1696466.1,260
2022-08-29,93.95,93.85,96.0,92.0,94.85,17913,1681929.95,332
2022-08-30,94.85,94.0,96.0,93.5,93.65,13597,1285423.35,312
2022-09-01,93.65,93.7,94.8,92.2,93.15,7819,731734.25,157
2022-09-02,93.15,93.0,94.75,92.0,92.2,10222,952180.45,284
2022-09-05,92.2,93.8,93.9,91.55,92.3,10607,985673.75,206
2022-09-06,92.3,93.6,98.35,90.6,94.35,46662,4445333.5,724
2022-09-07,94.35,95.8,104.0,94.4,99.2,89353,8861932.75,1290
2022-09-08,99.2,101.9,115.0,101.7,111.4,407250,45265113.25,6437
2022-09-09,111.4,112.0,116.8,110.2,111.0,122035,13833402.4,2374
2022-09-12,111.0,111.8,111.8,106.0,108.4,48385,5255181.05,1366
2022-09-13,108.4,106.75,113.4,106.3,111.1,51827,5749812.15,1066
2022-09-14,111.1,110.9,110.95,106.45,109.5,39075,4245991.4,929
2022-09-15,109.5,110.0,118.0,101.8,112.3,174896,19532179.9,3489
2022-09-16,112.3,111.9,115.75,105.35,106.75,82138,9142586.25,1606
2022-09-19,106.75,106.95,111.9,105.05,107.5,28851,3137581.15,763
2022-09-20,107.5,108.7,113.35,105.6,106.4,32184,3503976.5,755
2022-09-21,106.4,108.35,109.85,103.6,104.65,22772,2417838.7,612
2022-09-22,104.65,106.65,106.7,100.35,102.9,29721,3080803.75,631
2022-09-23,102.9,104.95,104.95,100.1,100.45,15042,1532376.4,465
2022-09-26,100.45,100.0,100.35,94.0,94.7,20950,2017906.85,523
2022-09-27,94.7,96.55,98.2,93.5,94.6,20467,1957343.85,428
2022-09-28,94.6,96.45,97.0,92.15,93.9,6993,661213.35,242
2022-09-29,93.9,96.75,97.9,91.05,92.35,13975,1317875.7,437
2022-09-30,92.35,94.15,96.9,92.9,94.95,10402,978639.45,218
2022-10-03,94.95,96.7,96.7,90.25,91.75,17785,1657148.25,402
2022-10-04,91.75,92.8,109.9,88.8,105.55,332732,35391216.45,5225
2022-10-06,105.55,103.8,105.85,100.5,102.55,93967,9649688.15,1655
2022-10-07,102.55,103.7,104.95,101.4,101.85,23462,2410314.9,473
2022-10-10,101.85,101.85,102.65,100.05,100.3,22432,2263891.0,577
2022-10-11,100.3,100.0,104.05,98.15,99.35,33530,3411534.6,726
2022-10-12,99.35,98.0,102.15,98.0,100.05,21436,2156719.45,766
2022-10-13,100.05,102.8,102.8,95.55,97.0,25125,2467507.45,622
2022-10-14,97.0,98.85,100.0,96.05,96.55,17651,1735225.9,524
2022-10-17,96.55,98.45,99.6,94.55,95.45,13402,1298858.0,377
2022-10-18,95.45,96.0,97.25,94.5,95.3,12099,1160029.5,315
2022-10-19,95.3,95.5,98.35,94.55,96.55,28896,2788947.05,619
2022-10-20,96.55,96.55,98.3,92.35,94.35,11247,1075443.0,343
2022-10-21,94.35,95.95,95.95,94.2,94.35,6776,644927.2,249
2022-10-24,94.35,96.15,98.0,94.55,96.4,3535,342767.1,111
2022-10-25,96.4,95.05,96.8,91.4,92.7,16078,1508587.15,379
2022-10-27,92.7,93.25,95.5,92.1,94.95,15776,1484576.45,331
2022-10-28,94.95,94.1,96.65,92.2,93.35,11646,1102120.55,313
2022-10-31,93.35,94.0,95.0,92.0,92.6,11975,1119004.35,234
2022-11-01,92.6,93.1,104.0,92.25,92.95,19680,1855148.75,505
2022-11-02,92.95,93.05,94.85,91.65,92.7,18739,1743337.5,386
2022-11-03,92.7,93.85,93.95,90.5,91.05,34133,3124298.2,585
2022-11-04,91.05,92.0,92.9,88.15,91.45,26087,2389017.85,517
2022-11-07,91.45,91.95,95.5,91.45,94.0,22014,2049869.0,364
2022-11-09,94.0,94.0,95.55,93.0,94.25,13102,1232890.6,229
2022-11-10,94.25,95.0,95.15,90.85,91.2,25321,2341920.8,369
2022-11-11,91.2,94.85,98.0,92.0,94.55,17451,1630085.85,289
2022-11-14,94.55,98.0,109.55,96.65,102.65,310761,32671926.75,6279
2022-11-15,102.65,103.5,103.7,100.0,102.45,25626,2613854.2,697
2022-11-16,102.45,103.4,103.4,99.65,100.25,22696,2288064.1,474
2022-11-17,100.25,99.05,102.0,98.1,99.85,13234,1317648.1,272
2022-11-18,99.85,100.35,100.95,97.25,98.2,17542,1735858.25,407
2022-11-21,98.2,100.1,101.5,95.2,96.7,31999,3153523.15,632
2022-11-22,96.7,97.0,97.7,95.6,96.6,11498,1110557.4,309
2022-11-23,96.6,98.8,104.6,97.1,102.2,79667,8113388.15,1348
2022-11-24,102.2,105.6,105.95,101.65,102.8,28538,2960348.4,592
2022-11-25,102.8,104.0,105.0,100.7,102.95,28715,2957896.45,542
2022-11-28,102.95,104.8,104.95,100.5,101.4,19788,2039480.45,442
2022-11-29,101.4,101.5,104.0,100.5,102.9,20782,2132673.6,418
2022-11-30,102.9,103.9,107.5,101.15,101.8,48114,5033282.1,869
2022-12-01,101.8,102.15,104.6,99.0,100.65,36585,3689629.6,578
2022-12-02,100.65,102.6,105.0,100.05,104.15,52549,5425913.55,743
2022-12-05,104.15,105.3,106.0,103.45,104.25,22708,2381626.75,558
2022-12-06,104.25,106.25,106.25,100.6,101.45,20382,2097237.45,468
2022-12-07,101.45,103.45,103.45,101.05,101.4,8666,880592.35,164
2022-12-08,101.4,103.35,103.85,100.5,101.0,17744,1807174.65,317
2022-12-09,101.0,102.9,105.4,101.3,102.55,32996,3386511.75,631
2022-12-12,102.55,104.25,104.5,101.55,103.3,16227,1677292.7,357
2022-12-13,103.3,103.0,103.9,100.55,101.0,15179,1538686.05,382
2022-12-14,101.0,100.0,101.6,99.15,100.85,8337,840538.45,175
2022-12-15,100.85,100.1,103.0,99.15,100.6,8259,838129.5,238
2022-12-16,100.6,100.05,101.55,98.2,98.95,25366,2515912.6,365
2022-12-19,98.95,100.35,102.3,100.35,101.3,30210,3063223.9,469
2022-12-20,101.3,103.0,103.0,100.5,100.8,16601,1681640.9,339
2022-12-21,100.8,102.15,102.15,99.5,99.85,16377,1643727.35,318
2022-12-22,99.85,97.5,101.7,94.85,95.7,17485,1682560.35,429
2022-12-23,95.7,92.25,94.9,91.5,92.2,24716,2292766.5,396
2022-12-26,92.2,91.0,96.3,91.0,95.0,13176,1244489.1,365
2022-12-27,95.0,96.8,99.25,94.55,97.4,13257,1289697.55,392
2022-12-28,97.4,98.3,100.75,96.8,99.1,13111,1296024.25,354
2022-12-29,99.1,100.95,115.0,99.15,108.3,234136,25657665.3,5063
2022-12-30,108.3,109.0,109.95,104.1,104.8,39518,4198503.75,854
2023-01-02,104.8,106.0,106.0,102.0,103.2,24086,2505082.7,575
2023-01-03,103.2,103.25,111.9,102.65,110.8,164281,17917210.0,2949
2023-01-04,110.8,110.95,131.9,109.1,130.0,1114990,139606677.7,17235
2023-01-05,130.0,130.9,133.5,123.1,126.15,624103,79991875.35,12903
2023-01-06,126.15,125.0,147.9,123.7,140.2,1430853,201596972.55,23620
2023-01-09,140.2,140.8,167.0,135.5,163.8,2020042,318305410.35,31437
2023-01-10,163.8,160.35,175.65,158.2,162.45,1227838,204283499.1,18358
2023-01-11,162.45,163.6,164.65,148.2,149.35,374781,58424825.5,8372
2023-01-12,149.35,150.9,162.8,150.05,157.7,463728,73874776.45,7455
2023-01-13,157.7,156.5,159.0,151.15,153.2,131185,20220336.5,2784
2023-01-16,153.2,155.7,163.4,150.05,157.9,164922,26167822.45,4103
2023-01-17,157.9,157.9,169.5,156.05,160.35,389846,64202735.45,6407
2023-01-18,160.35,161.2,162.9,154.0,155.5,121095,19139019.9,2711
2023-01-19,155.5,154.7,159.5,152.0,154.95,126896,19849521.35,2750
2023-01-20,154.95,154.5,165.9,154.5,155.75,238671,38295619.55,4961
2023-01-23,155.75,158.6,164.05,158.0,158.9,121785,19515618.2,2849
2023-01-24,158.9,160.45,174.75,159.6,174.75,642994,110058907.65,8559
2023-01-25,174.75,182.0,192.2,177.05,186.7,1282066,238038644.7,19920
2023-01-27,186.7,187.0,187.0,168.05,168.85,409244,71087201.25,7597
2023-01-30,168.85,163.0,164.95,154.1,155.35,255336,40365455.35,4429
2023-01-31,155.35,151.6,167.8,151.6,164.9,218873,35312193.95,4297
2023-02-01,164.9,165.95,173.95,148.7,153.15,299196,48730484.65,5393
2023-02-02,153.15,150.0,158.8,147.55,153.75,115980,17841204.2,2434
2023-02-03,153.75,153.05,159.0,143.4,145.35,128143,19008602.0,2656
2023-02-06,145.35,147.0,150.95,138.3,140.35,72064,10425840.25,1850
2023-02-07,140.35,142.65,147.0,138.0,141.8,91855,13079572.05,2208
2023-02-08,141.8,143.0,143.7,136.1,136.8,86851,12008693.5,2216
2023-02-09,136.8,137.85,144.8,136.55,141.0,84103,11834697.45,2289
2023-02-10,141.0,139.1,144.0,139.1,142.0,51931,7402882.6,1087
2023-02-13,142.0,142.8,143.45,137.0,137.85,41718,5807923.05,1196
2023-02-14,137.85,139.0,139.0,130.55,131.1,90112,12035113.65,1910
2023-02-15,131.1,129.2,144.2,129.2,144.2,218862,30634308.8,3115
2023-02-16,144.2,149.95,158.6,148.15,157.15,324499,50211645.85,7245
2023-02-17,157.15,158.0,163.9,153.6,156.75,232064,36506512.05,4780
2023-02-20,156.75,154.35,160.0,147.55,151.7,90731,13842012.25,2243
2023-02-21,151.7,151.7,153.65,145.0,145.95,34705,5168914.45,1057
2023-02-22,145.95,145.45,147.75,140.5,141.6,35939,5170134.6,1053
2023-02-23,141.6,142.0,155.75,141.3,153.3,158357,24170644.95,3177
2023-02-24,153.3,157.7,157.7,144.0,147.45,74468,11238744.5,1877
2023-02-27,147.45,148.45,148.75,137.85,140.15,54051,7671388.55,1910
2023-02-28,140.15,142.9,147.45,140.45,142.4,72195,10420037.35,2233
2023-03-01,142.4,143.15,146.65,143.1,144.75,30168,4369111.55,752
2023-03-02,144.75,146.4,146.4,141.0,142.95,34554,4928431.3,889
2023-03-03,142.95,145.7,145.9,141.3,142.15,29106,4172886.9,824
2023-03-06,142.15,143.3,154.0,142.05,146.75,85218,12701789.15,1949
2023-03-08,146.75,144.65,151.9,143.6,149.8,69962,10371751.8,1241
2023-03-09,149.8,150.95,164.75,149.55,164.15,397506,63843156.95,6444
2023-03-10,164.15,162.95,174.95,161.15,168.9,366683,62069726.55,7672
2023-03-13,168.9,164.0,170.45,152.5,154.25,151534,24352218.3,4019
2023-03-14,154.25,155.0,163.0,146.0,159.3,159291,25033328.6,4003
2023-03-15,159.3,161.75,170.3,159.65,161.15,123239,20335998.65,3238
2023-03-16,161.15,161.0,162.0,154.05,158.05,56529,8914146.5,1760
2023-03-17,158.05,159.75,168.9,159.0,161.4,51784,8379954.6,1299
2023-03-20,161.4,161.9,165.0,155.0,155.75,52525,8305531.7,1413
2023-03-21,155.75,157.0,158.9,152.65,154.9,37582,5854506.9,1067
2023-03-22,154.9,156.4,161.6,153.3,159.4,60613,9581006.8,1568
2023-03-23,159.4,160.0,167.8,158.75,160.7,94086,15395525.5,2527
2023-03-24,160.7,160.85,161.95,150.0,151.95,56840,8868473.8,1437
2023-03-27,151.95,153.85,153.85,143.55,144.75,66914,9892928.25,1663
2023-03-28,144.75,145.0,147.7,137.5,140.4,58447,8244186.15,1349
2023-03-29,140.4,139.0,145.7,138.3,140.2,55653,7886199.05,1069
2023-03-31,140.2,143.4,148.4,139.9,141.5,46106,6649696.25,1143
2023-04-03,141.5,142.05,146.05,141.6,144.9,39712,5730563.25,1018
2023-04-05,144.9,145.5,159.35,145.0,159.35,204752,32067815.45,2814
2023-04-06,159.35,162.95,165.8,155.6,156.6,118320,19024215.65,2148
2023-04-10,156.6,156.6,172.25,156.6,172.0,386947,65616306.65,4535
2023-04-11,172.0,174.0,189.4,172.0,181.85,950332,172478919.4,18520
2023-04-12,181.85,181.85,186.3,174.0,175.25,260597,46883367.15,6719
2023-04-13,175.25,176.2,176.6,163.3,166.65,140574,23847886.0,2956
2023-04-17,166.65,167.65,182.3,165.55,180.45,202140,35866010.65,5271
2023-04-18,180.45,183.9,184.7,173.8,176.25,93572,16723962.3,2250
2023-04-19,176.25,177.5,179.4,172.65,173.5,42274,7442957.55,1125
2023-04-20,173.5,174.85,176.75,171.3,173.55,64313,11166526.25,1366
2023-04-21,173.55,173.1,208.25,173.0,207.9,1391601,278092791.45,17762
2023-04-24,207.9,216.9,226.3,211.05,215.75,1495440,327080264.0,33861
2023-04-25,215.75,215.5,215.5,203.5,204.4,313568,65348674.65,10196
2023-04-26,204.4,203.0,232.0,200.05,216.25,758628,169298188.25,13551
2023-04-27,216.25,220.0,231.0,213.6,223.6,391190,87587277.9,8540
2023-04-28,223.6,227.0,228.0,216.4,219.05,122422,27098347.95,3615
2023-05-02,219.05,219.05,228.0,217.05,220.05,118344,26332888.4,3464
2023-05-03,220.05,219.85,240.95,218.5,225.25,340553,78865913.25,7117
2023-05-04,225.25,225.5,232.6,223.35,225.5,113879,25917116.9,2573
2023-05-05,225.5,225.5,225.6,215.55,217.45,100467,22169513.6,2886
2023-05-08,217.45,218.4,225.95,218.0,220.55,82569,18295201.0,2059
2023-05-09,220.55,221.6,224.9,217.0,218.2,66734,14757329.45,1917
2023-05-10,218.2,219.0,223.9,217.0,217.5,55845,12286257.75,1286
2023-05-11,217.5,219.0,222.0,217.6,218.7,34322,7526649.5,1028
2023-05-12,218.7,220.5,229.95,218.7,220.4,77896,17394717.3,1816
2023-05-15,220.4,221.4,222.8,200.5,207.2,133900,27927082.4,4243
2023-05-16,207.2,208.7,214.9,206.0,207.15,73818,15526120.0,1853
2023-05-17,207.15,209.3,217.9,209.3,210.75,80696,17222309.2,1950
2023-05-18,210.75,212.9,217.4,210.1,212.55,38868,8278607.7,724
2023-05-19,212.55,213.85,215.35,205.1,208.9,88059,18570051.25,3277
2023-05-22,208.9,207.0,208.35,192.5,201.25,171757,34400486.65,7676
2023-05-23,201.25,202.7,228.7,202.5,219.95,698697,154362259.5,21290
2023-05-24,219.95,219.8,226.9,216.05,219.5,222213,49277969.15,7609
2023-05-25,219.5,218.8,221.85,214.0,215.2,141253,30668019.15,4791
2023-05-26,215.2,215.55,217.9,213.0,214.05,35436,7627209.65,1398
2023-05-29,214.05,214.0,224.8,195.1,199.45,348869,71072702.25,11977
2023-05-30,199.45,199.0,204.2,183.25,184.65,277279,53212646.25,9705
2023-05-31,184.65,184.0,194.5,184.0,188.1,165067,31242909.45,5378
2023-06-01,188.1,191.0,194.0,191.0,191.6,56880,10934322.5,1945
2023-06-02,191.6,192.0,194.5,182.0,182.95,89103,16635883.9,3569
2023-06-05,182.95,184.0,192.45,183.15,185.3,343945,64135945.2,8464
2023-06-06,185.3,186.7,189.55,182.0,183.25,163431,30298954.2,4141
2023-09-11,151.85,159.3,182.2,154.4,178.75,318194,55874912.85,5510
2023-09-12,178.75,181.05,183.75,163.25,169.05,228624,39763930.8,4068
2023-09-13,169.05,172.0,184.4,170.4,178.3,164705,29499003.5,3347
2023-09-14,178.3,178.85,183.45,177.0,178.4,75927,13685791.0,2970
2023-09-15,178.4,179.8,179.8,170.05,172.3,34988,6122243.65,1226
2023-09-18,172.3,172.3,172.3,168.0,168.45,23120,3919665.5,1401
2023-09-20,168.45,168.0,176.5,166.0,174.4,50616,8740591.95,2573
2023-09-21,174.4,177.0,177.0,168.05,169.8,17916,3090841.95,872
2023-09-22,169.8,166.5,172.95,161.0,162.95,55926,9223842.2,2471
2023-09-25,162.95,163.05,170.75,163.05,167.2,37918,6378897.4,1806
2023-09-26,167.2,164.6,169.0,162.85,165.1,12474,2067197.5,1003
2023-09-27,165.1,163.0,167.65,161.35,163.65,11306,1861488.95,511
2023-09-28,163.65,161.2,168.85,161.2,165.45,18246,3014781.85,1051
2023-09-29,165.45,165.0,170.0,165.0,167.0,9320,1555632.5,773
2023-10-03,167.0,167.0,169.7,163.05,163.7,8538,1409513.9,409
2023-10-04,163.7,164.0,167.9,161.0,161.9,11687,1916495.1,513
2023-10-05,161.9,162.85,176.0,162.85,170.85,99757,17156775.75,1993
2023-10-06,170.85,172.8,189.0,172.55,180.85,521269,95746202.6,9317
2023-10-09,180.85,180.8,180.8,168.0,169.95,59361,10294999.6,1860
2023-10-10,169.95,170.2,175.15,168.6,170.55,39084,6720013.0,1935
2023-10-11,170.55,171.8,175.75,171.6,173.35,32332,5615888.95,1630
2023-10-12,173.35,173.05,176.95,169.5,172.1,33362,5725027.1,1436
2023-10-13,172.1,175.0,179.35,172.65,174.8,58202,10267751.15,2058
2023-10-16,174.8,176.75,179.15,174.8,175.55,28627,5068797.7,1258
2023-10-17,175.55,176.55,179.85,171.35,172.5,39843,6983068.15,1499
2023-10-18,172.5,175.8,175.95,166.35,167.45,50012,8461286.7,1783
2023-10-19,167.45,167.0,170.45,167.0,168.2,20986,3535075.25,998
2023-10-20,168.2,168.2,171.0,164.7,166.5,19378,3247050.25,1278
2023-10-23,166.5,166.5,168.9,149.65,152.5,45496,7155677.55,2315
2023-10-25,152.5,152.55,160.0,149.05,150.35,17018,2611221.0,1347
2023-10-26,150.35,148.0,150.65,143.8,149.35,21002,3093293.45,1078
2023-10-27,149.35,151.0,159.9,151.0,156.7,32088,5044727.55,1219
2023-10-30,156.7,160.0,160.0,153.5,155.9,16386,2547254.4,850
2023-10-31,155.9,155.9,159.2,152.75,155.6,9688,1510290.7,606
2023-11-01,155.6,155.85,157.2,154.6,155.6,8857,1382156.0,289
2023-11-02,155.6,159.0,159.0,155.05,156.5,7121,1115238.7,196
2023-11-03,156.5,156.5,160.6,156.05,158.8,16193,2578617.55,363
2023-11-06,158.8,161.0,161.75,159.35,160.6,8004,1287013.95,190
2023-11-07,160.6,158.0,163.75,155.45,158.95,11759,1882907.9,296
2023-11-08,158.95,159.15,160.75,156.15,157.0,8714,1380349.2,239
2023-11-09,157.0,157.2,159.95,152.1,152.75,14397,2226238.2,511
2023-11-10,152.75,153.05,155.75,153.0,154.45,8856,1369555.95,345
2023-11-13,156.65,154.0,158.9,149.15,151.45,22997,3517949.8,630
2023-11-15,151.45,150.85,151.4,143.05,145.55,47961,7044326.65,1325
2023-11-16,145.55,147.0,149.0,146.0,148.6,12403,1838135.1,386
2023-11-17,148.6,148.4,151.25,140.35,145.4,33358,4903678.4,940
2023-11-20,145.4,148.0,154.0,146.25,150.5,26886,4053444.95,1162
2023-11-21,150.5,151.2,152.6,149.4,150.85,9308,1402144.5,633
2023-11-22,150.85,150.35,168.4,150.0,164.45,201746,32684698.75,3469
2023-11-23,164.45,163.85,165.05,160.0,161.3,51034,8242878.25,1692
2023-11-24,161.3,161.3,162.55,158.0,159.3,24529,3911216.1,1109
2023-11-28,159.3,163.85,163.9,154.1,155.3,25501,3998512.45,913
2023-11-29,155.3,155.0,158.7,154.0,155.2,16950,2636075.1,751
2023-11-30,155.2,155.2,158.0,154.2,155.65,10511,1633509.55,426
2023-12-01,155.65,157.9,158.65,154.95,156.0,12250,1915279.7,643
2023-12-04,156.0,159.05,164.0,156.05,161.0,48584,7794383.65,1223
2023-12-05,161.0,161.0,176.7,161.0,172.05,329434,56451620.45,6232
2023-12-06,172.05,174.0,176.6,167.9,169.25,103673,17915300.4,1874
2023-12-07,169.25,169.25,172.5,167.1,168.35,32063,5433795.5,930
2023-12-08,168.35,168.5,173.0,164.3,165.1,45285,7632369.85,1329
2023-12-11,165.1,168.0,168.0,163.2,166.45,19333,3211462.3,1259
2023-12-12,166.45,169.5,172.7,165.5,166.55,30058,5044378.95,1927
2023-12-13,166.55,166.6,167.25,162.35,163.1,17953,2948124.35,630
2023-12-14,163.1,166.35,166.95,163.0,164.05,16054,2638306.0,904
2023-12-15,164.05,167.25,167.6,162.0,162.75,20012,3276487.85,693
2023-12-18,162.75,162.6,165.45,160.45,161.55,14533,2355753.7,559
2023-12-19,161.55,161.65,174.0,161.55,168.75,115712,19703620.85,1913
2023-12-20,168.75,169.95,173.0,158.8,161.1,74307,12404687.25,1759
2023-12-21,161.1,160.6,166.0,154.1,164.25,31339,5085587.75,711
2023-12-22,164.25,163.05,165.6,162.0,162.65,15476,2519863.8,393
2023-12-26,162.65,160.1,164.8,157.55,158.9,27613,4412243.1,871
2023-12-27,158.9,161.85,161.9,155.6,156.6,17266,2733081.4,555
2023-12-28,156.6,158.6,159.5,155.0,156.85,16745,2631211.75,535
2023-12-29,156.85,156.6,159.2,156.05,156.65,11693,1841636.5,347
2024-01-01,156.65,157.0,160.2,157.0,158.6,11802,1872252.15,563
2024-01-02,158.6,158.6,160.8,155.0,159.15,19443,3069400.6,585
2024-01-03,159.15,159.0,160.4,156.55,158.9,15638,2476938.25,1158
2024-01-04,158.9,159.9,163.25,158.9,161.2,28531,4596453.0,936
2024-01-05,161.2,163.55,165.3,161.0,162.3,35372,5770266.3,955
2024-01-08,162.3,163.0,165.0,160.0,162.95,28600,4646410.45,1170
2024-01-09,162.95,164.0,166.6,159.0,160.25,24103,3895664.5,668
2024-01-10,160.25,160.25,178.0,160.2,172.25,306614,53010278.2,5691
2024-01-11,172.25,173.65,178.0,170.0,171.75,123585,21564810.0,2380
2024-01-12,171.75,171.75,175.5,168.05,169.75,60927,10531734.55,1748
2024-01-15,169.75,169.75,172.0,165.7,166.95,45814,7724978.4,1719
2024-01-16,166.95,168.6,171.95,164.85,166.45,34539,5816981.5,1268
2024-01-17,166.45,165.0,172.0,162.65,165.9,42634,7118801.7,1412
2024-01-18,165.9,164.65,166.75,160.1,164.0,14678,2401104.05,643
2024-01-19,164.0,166.4,168.65,160.15,162.95,21691,3576517.05,1026
2024-01-23,162.45,163.35,170.0,158.0,158.95,42009,6870568.6,1437
2024-01-24,158.95,159.0,166.0,159.0,162.85,14743,2400971.4,553
2024-01-25,162.85,163.95,165.0,160.25,161.2,15309,2478081.25,534
2024-01-29,161.2,161.2,167.2,161.2,163.2,23040,3796318.95,736
2024-01-30,163.2,163.05,195.8,163.05,195.8,947761,176990253.75,9491
2024-01-31,195.8,204.4,209.85,191.6,199.0,525686,105590440.15,11766
2024-02-01,199.0,203.5,203.5,190.0,192.1,107970,20938606.4,2599
2024-02-02,192.1,196.5,199.9,187.2,189.2,83374,16084046.85,2715
2024-02-05,189.2,190.25,192.95,182.7,183.35,43819,8223568.3,1575
2024-02-06,183.35,184.35,196.15,183.5,190.4,62512,11941807.8,1746
2024-02-07,190.4,193.6,199.9,164.6,171.9,238292,42615503.0,5260
2024-02-08,171.9,174.6,181.9,171.95,173.5,65603,11565233.35,2122
2024-02-09,173.5,170.0,177.0,167.3,170.25,36337,6220876.2,1589
2024-02-12,170.25,171.95,173.0,157.6,163.9,41988,6938355.25,2030
2024-02-13,163.9,163.0,164.0,151.6,157.45,53345,8353948.6,1971
2024-02-14,157.45,162.0,184.8,157.55,179.95,405010,72868974.45,8337
2024-02-15,179.95,179.75,184.0,175.0,177.1,52415,9359690.2,1931
2024-02-16,177.1,184.0,192.0,178.0,185.4,162576,30380144.7,3598
2024-02-19,185.4,191.5,191.5,178.9,181.75,28893,5299145.9,1022
2024-02-20,181.75,181.0,181.0,175.6,176.55,14779,2635420.15,652
2024-02-21,176.55,176.55,183.9,175.1,176.65,25421,4562921.95,791
2024-02-22,176.65,176.65,187.0,173.65,180.25,35560,6421979.3,1385
2024-02-23,180.25,183.8,185.0,178.95,179.55,17751,3210623.55,487
2024-02-26,179.55,179.55,183.0,175.1,176.15,29682,5334488.65,813
2024-02-27,176.15,181.7,182.25,173.55,176.0,18097,3203343.7,827
2024-02-28,176.0,176.3,176.85,167.95,171.0,36809,6299248.65,1157
2024-02-29,171.0,171.0,172.9,162.5,165.05,27345,4553646.0,1206
2024-03-01,165.05,166.0,172.65,166.0,169.85,20910,3548471.9,1266
2024-03-04,169.0,171.9,171.9,166.55,169.05,13840,2326660.2,932
2024-03-05,169.05,172.95,172.95,165.0,167.1,23510,3960440.65,1294
2024-03-06,167.1,169.5,169.75,157.0,161.2,25526,4128073.85,1200
2024-03-07,161.2,161.65,164.9,161.1,162.85,9689,1577374.95,377
2024-03-11,162.85,165.6,170.45,158.0,160.0,27487,4476768.25,1887
2024-03-12,160.0,160.65,164.9,142.7,145.45,67820,10165865.6,2381
2024-03-13,145.45,149.95,171.5,140.2,145.5,297120,46882429.5,7507
2024-03-14,145.5,140.55,152.0,134.25,147.65,58197,8380969.35,1806
2024-03-15,147.65,146.6,152.0,142.6,144.75,27415,4000575.1,1456
2024-03-18,144.75,145.25,149.55,142.25,144.0,28792,4160816.8,1242
2024-03-19,144.0,146.6,147.45,139.25,141.1,17566,2524232.65,738
2024-03-20,141.1,142.6,144.2,139.35,139.95,14690,2079031.5,525
2024-03-21,139.95,140.55,145.95,140.4,142.15,30185,4341911.75,1228
2024-03-22,142.15,143.75,147.0,141.0,144.4,27672,4014076.1,783
2024-03-26,144.4,144.6,148.6,139.6,140.8,20046,2866638.3,827
2024-03-27,140.8,141.0,144.6,135.1,137.8,38463,5397993.15,1464
2024-03-28,137.8,141.05,149.0,135.2,137.3,32275,4526180.9,1080
2024-04-01,137.3,140.05,162.0,140.05,153.15,77121,11685059.3,2184
2024-04-02,153.15,156.8,156.8,150.3,153.85,27195,4169050.8,1071
2024-04-03,153.85,153.2,158.0,152.5,155.35,23435,3659536.35,942
2024-04-04,155.35,156.1,175.0,154.9,173.45,329661,56142587.2,5620
2024-04-05,173.45,170.1,172.85,166.0,166.9,51926,8777152.4,1493
2024-04-08,166.9,167.5,168.0,158.05,160.7,41235,6687210.1,1273
2024-04-09,160.7,160.7,168.7,160.0,162.65,45420,7460447.45,1204
2024-04-10,162.65,162.7,162.9,156.6,157.75,35700,5675967.05,824
2024-04-12,157.75,158.0,160.2,152.3,153.85,41592,6427407.45,1260
2024-04-15,153.85,148.35,153.2,147.6,149.75,29599,4463568.1,968
2024-04-16,149.75,146.3,154.0,146.3,149.95,35498,5334554.75,977
2024-04-18,149.95,149.5,164.0,149.5,152.25,74848,11751442.4,2213
2024-04-19,152.25,151.3,156.7,149.2,152.85,14448,2207900.2,810
2024-04-22,152.85,153.7,158.0,153.6,157.05,30024,4689128.55,532
2024-04-23,157.05,157.9,160.2,153.5,157.0,21451,3389657.5,820
2024-04-24,157.0,157.8,160.7,154.1,155.6,22611,3565532.45,779
2024-04-25,155.6,156.2,158.45,155.6,156.35,6253,978552.2,290
2024-04-26,156.35,157.2,159.85,155.05,156.05,10077,1580989.2,409
2024-04-29,156.05,158.9,158.9,153.35,153.8,9772,1515349.15,310
2024-04-30,153.8,157.7,160.0,150.55,156.95,47973,7463571.5,1111
2024-05-02,156.95,157.0,159.25,153.15,154.3,16934,2630766.0,486
2024-05-03,154.3,153.2,156.45,151.0,152.05,12994,1982991.9,634
2024-05-06,152.05,153.1,154.0,148.3,149.0,24450,3666850.35,816
2024-05-07,149.0,148.65,150.8,146.5,148.1,14956,2219915.3,1041
2024-05-08,148.1,146.0,152.6,145.95,149.1,7332,1096088.95,441
2024-05-09,149.1,151.8,152.05,145.0,146.5,14906,2194560.55,616
2024-05-10,146.5,146.65,148.85,142.6,145.9,10631,1550648.55,462
2024-05-13,145.9,145.85,146.65,144.25,145.7,8378,1218692.6,408
2024-05-14,145.7,147.7,149.0,145.5,147.95,5280,777309.45,661
2024-05-15,147.95,145.3,154.25,145.3,151.2,10462,1571710.7,885
2024-05-16,151.2,150.2,153.9,148.0,148.8,9977,1490831.6,515
2024-05-17,148.8,150.75,150.75,147.85,149.15,5363,800319.45,397
2024-05-21,149.5,151.05,151.1,147.0,147.8,10012,1486504.2,548
2024-05-22,147.8,148.25,151.6,146.0,148.65,15109,2252908.3,896
2024-05-23,148.65,149.7,156.0,147.0,148.1,20185,3032464.4,774
2024-05-24,148.1,148.75,149.9,143.5,145.75,11081,1629672.75,505
2024-05-27,145.75,145.0,147.65,143.3,144.85,11156,1626619.35,612
2024-05-28,144.85,145.0,147.15,143.4,144.7,10463,1517651.35,590
2024-05-29,144.7,147.0,154.0,143.0,147.8,22736,3372760.55,740
2024-05-30,147.8,147.8,147.8,142.55,142.7,14927,2151353.5,566
2024-05-31,142.7,144.35,144.35,140.0,140.85,6966,990676.9,375
2024-06-03,140.85,146.8,146.8,133.5,142.65,42362,5980249.25,1285
2024-06-04,142.65,145.0,145.0,128.15,133.7,16868,2299753.7,959
2024-06-05,133.7,134.0,145.0,129.8,140.7,24254,3301539.85,698
2024-06-06,140.7,140.0,152.7,140.0,150.05,38042,5694051.75,1054
2024-06-07,150.05,153.05,154.4,148.25,148.95,12937,1947780.7,559
2024-06-10,148.95,149.3,151.31,147.02,149.75,12817,1913837.51,520
2024-06-11,149.75,150.05,154.06,147.81,151.32,18778,2849342.46,621
2024-06-12,151.32,151.57,155.0,148.0,151.69,24434,3740635.69,785
2024-06-13,151.69,151.0,163.0,151.0,157.12,161818,25750333.9,2512
2024-06-14,157.12,157.0,160.7,154.0,154.93,31130,4876342.54,826
2024-06-18,154.93,155.0,155.22,150.0,151.16,19739,2990649.82,529
2024-06-19,151.16,152.0,153.92,149.83,151.73,11234,1707876.48,475
2024-06-20,151.73,151.6,153.5,150.05,151.32,11604,1766934.28,364
2024-06-21,151.32,151.32,155.1,151.32,152.08,13931,2132562.87,417
2024-06-24,152.08,154.0,154.6,151.25,153.7,19961,3062702.23,593
2024-06-25,153.7,153.0,157.0,152.82,154.31,16751,2604078.29,547
2024-06-26,154.31,154.0,158.0,154.0,154.97,22700,3538510.8,537
2024-06-27,154.97,153.6,155.0,149.0,150.74,17122,2597275.01,678
2024-06-28,150.74,151.5,153.12,149.0,151.38,11246,1702083.57,399
2024-07-01,151.38,150.0,158.0,150.0,156.82,44412,6897189.28,1221
2024-07-02,156.82,157.0,162.65,156.0,156.56,68402,10869243.08,1594
2024-07-03,156.56,155.22,157.94,154.01,156.61,20683,3232014.05,498
2024-07-04,156.61,159.5,160.0,154.01,155.88,39162,6133809.09,1162
2024-07-05,155.88,155.88,161.5,154.11,159.47,47798,7583008.92,1045
2024-07-08,159.47,163.6,164.4,158.0,162.47,79542,12901805.54,1766
2024-07-09,162.47,162.75,163.44,160.0,161.14,22919,3697086.94,662
2024-07-10,161.14,164.35,164.35,155.1,161.52,42409,6772959.15,1237
2024-07-11,161.52,163.49,163.65,157.81,158.44,37603,6062585.1,944
2024-07-12,158.44,160.0,163.58,158.0,159.25,41275,6613816.75,1154
2024-07-15,159.25,159.33,161.51,156.57,157.28,15344,2426488.38,506
2024-07-16,157.28,158.46,162.5,157.28,160.58,29835,4777933.03,610
2024-07-18,160.58,163.0,164.5,159.22,160.67,66040,10698044.28,1327
2024-07-19,160.67,161.5,163.0,155.1,157.2,20803,3297667.9,602
2024-07-22,157.2,155.81,157.95,154.4,155.92,16397,2557004.33,502
2024-07-23,155.92,156.26,156.95,149.82,155.0,15553,2393579.26,470
2024-07-24,155.0,156.0,160.1,153.47,159.23,21760,3442582.46,552
2024-07-25,159.23,159.96,161.53,154.55,156.01,21228,3356701.74,628
2024-07-26,156.01,156.8,187.21,156.79,185.73,1351671,241568785.72,16751
2024-07-29,185.73,185.99,185.99,172.0,173.77,310388,54713473.56,6294
2024-07-30,173.77,175.0,178.5,171.0,175.89,82010,14231532.94,1485
2024-07-31,175.89,175.89,204.3,175.0,195.75,1801968,352931862.24,22494
2024-08-01,195.75,195.76,201.7,188.9,189.88,246372,48048121.38,4872
2024-08-02,189.88,187.15,199.58,182.2,196.05,235366,46031162.32,4284
2024-08-05,196.05,196.0,209.4,190.0,205.37,735274,148680567.48,12498
2024-08-06,205.37,215.0,228.0,207.29,209.65,1325874,288814227.57,20097
2024-08-07,209.65,217.24,223.79,199.0,205.55,296178,61878717.9,5342
2024-08-08,205.55,205.95,207.15,183.96,185.32,258767,49773422.06,6015
2024-08-09,185.32,189.0,194.8,183.5,185.16,156066,29789596.12,2829
2024-08-12,185.16,186.0,192.74,180.03,184.31,96250,17880148.31,2533
2024-08-13,184.31,184.0,185.0,172.11,174.9,68516,12257525.84,1917
2024-08-14,174.9,179.0,204.19,179.0,188.74,676936,130479560.46,17365
2024-08-16,188.74,186.39,192.06,180.66,182.43,81380,15134314.38,2315
2024-08-19,182.43,185.4,185.79,180.0,182.99,56836,10384053.82,1537
2024-08-20,182.99,182.99,187.99,181.1,182.68,42832,7914283.66,1253
2024-08-21,182.68,183.6,184.99,180.11,181.63,35712,6514365.4,1178
2024-08-22,181.63,180.5,205.0,180.5,200.49,166221,32654602.72,3338
2024-08-23,200.49,204.0,206.2,194.5,195.53,131002,26160908.23,3947
2024-08-26,195.53,197.89,198.24,189.0,189.92,51134,9811646.03,1646
2024-08-27,189.92,190.62,192.0,186.11,188.67,40037,7560354.34,1419
2024-08-28,188.67,189.6,196.0,188.22,189.66,36071,6944517.04,1266
2024-08-29,189.66,190.7,194.67,185.0,187.17,38269,7213379.34,1281
2024-08-30,187.17,187.0,190.26,184.1,185.99,14049,2623743.57,734
2024-09-02,185.99,185.0,196.0,184.49,190.04,57174,10949688.37,2482
2024-09-03,190.04,190.03,193.9,186.22,188.19,31239,5945388.76,1885
2024-09-04,188.19,188.19,195.01,188.19,191.28,34047,6534251.23,1607
2024-09-05,191.28,192.3,195.0,188.1,189.36,21420,4066316.74,1053
2024-09-06,189.36,190.31,193.6,182.15,183.75,44363,8313135.46,1566
2024-09-09,183.75,183.9,191.5,178.21,187.23,100944,18896982.79,3059
2024-09-10,187.23,186.01,193.0,186.01,189.56,33835,6446943.44,1343
2024-09-11,189.56,192.0,194.48,186.2,187.52,48638,9255895.45,1947
2024-09-12,187.52,186.1,193.8,185.21,190.43,69201,13186083.63,2267
2024-09-13,190.43,193.7,195.0,187.13,189.63,28503,5445776.52,1158
2024-09-16,189.63,190.58,196.5,183.7,186.12,66160,12528594.5,2172
2024-09-17,186.12,187.1,188.8,180.15,181.7,22772,4189926.22,1049
2024-09-18,181.7,184.05,191.58,183.27,188.73,47628,8958654.86,1828
2024-09-19,188.73,189.7,191.9,180.25,182.76,25901,4791212.96,1313
2024-09-20,182.76,183.7,186.79,181.5,182.03,15197,2786209.38,609
2024-09-23,182.03,182.99,184.46,178.6,179.5,28129,5087352.62,1168
2024-09-24,179.5,179.39,184.5,179.0,179.58,22896,4129598.57,858
2024-09-25,179.58,181.7,182.13,177.9,178.74,14364,2578382.25,552
2024-09-26,178.74,179.08,180.9,169.85,172.28,47384,8304869.16,1114
2024-09-27,172.28,172.5,172.5,166.11,167.32,45254,7634064.14,1329
2024-09-30,167.32,167.6,174.39,165.78,170.92,23629,4017664.79,1029
2024-10-01,170.92,169.4,176.0,168.0,175.01,17697,3068920.78,684
2024-10-03,175.01,174.12,180.0,168.16,170.07,29911,5219435.51,1634
2024-10-04,170.07,171.0,176.0,170.0,170.53,10325,1776475.7,529
2024-10-07,170.53,168.98,168.98,152.15,156.15,42276,6679357.09,1653
2024-10-08,156.15,155.97,161.98,155.97,160.63,8294,1324441.34,363
2024-10-09,160.63,162.7,168.88,161.01,166.39,7670,1261660.16,359
2024-10-10,166.39,165.04,166.79,163.15,163.69,10012,1642570.9,569
2024-10-11,163.69,163.5,164.6,160.0,160.34,10114,1628350.57,446
2024-10-14,160.34,160.34,165.55,159.53,163.1,21384,3466379.76,773
2024-10-15,163.1,162.55,163.79,157.0,158.52,9582,1534682.55,531
2024-10-16,158.52,159.3,166.0,156.22,161.67,11500,1837439.1,742
2024-10-17,161.67,162.5,165.0,156.3,163.51,25145,4066544.2,1258
2024-10-18,163.51,162.09,162.5,158.5,160.22,10234,1646424.01,494
2024-10-21,160.22,160.0,161.03,153.36,154.57,15903,2487897.6,595
2024-10-22,154.57,155.4,158.0,146.8,147.59,17592,2695752.06,909
2024-10-23,147.59,153.94,154.26,150.0,152.73,8316,1269303.71,551
2024-10-24,152.73,148.2,155.9,148.0,149.69,10511,1588591.33,537
2024-10-25,149.69,151.9,151.9,136.91,138.97,24825,3523632.88,1210
2024-10-28,138.97,141.04,144.88,135.43,142.13,19858,2779676.2,980
2024-10-29,142.13,143.39,148.0,142.0,142.72,11172,1611760.1,995
2024-10-30,142.72,140.24,150.0,140.24,149.61,18906,2802887.26,702
2024-10-31,149.61,150.0,155.3,147.15,149.56,11810,1781632.75,529
2024-11-01,149.56,152.39,160.99,151.51,156.22,12534,1960047.41,309
2024-11-04,156.22,156.9,156.9,148.16,151.71,9421,1421205.09,580
2024-11-05,151.71,150.0,153.19,150.0,151.87,5189,787279.66,498
2024-11-06,151.87,153.77,157.2,150.91,154.75,9633,1483268.5,525
2024-11-07,154.75,156.9,160.45,152.75,154.83,16517,2590401.67,504
2024-11-08,154.83,153.01,154.95,151.24,152.06,5679,868728.72,598
2024-11-11,152.06,152.1,153.9,150.0,150.95,5432,822551.6,521
2024-11-12,150.95,151.25,152.89,142.96,144.78,13072,1926030.59,1081
2024-11-13,144.78,145.52,145.52,131.7,134.4,30651,4204778.57,1687
2024-11-14,134.4,137.05,142.23,128.48,139.96,22450,3063813.52,1461
2024-11-18,139.96,142.0,167.95,139.0,163.19,280926,45319138.88,6574
2024-11-19,163.19,167.0,174.0,159.1,161.77,199032,33350002.2,5929
2024-11-21,161.77,160.65,163.49,157.0,157.73,30380,4835094.38,1294
2024-11-22,157.73,159.9,162.89,154.73,156.16,22492,3546459.44,1025
2024-11-25,156.16,156.16,166.8,156.16,164.17,31210,5064502.5,1412
2024-11-26,164.17,163.99,167.99,163.0,166.47,21576,3591029.09,851
2024-11-27,166.47,165.7,191.97,165.7,179.52,592603,109683412.92,13024
2024-11-28,179.52,178.0,178.0,172.0,173.13,47472,8278045.06,1761
2024-11-29,173.13,172.03,172.99,168.6,169.6,22229,3792958.1,1658
2024-12-02,169.6,169.6,180.13,165.97,178.59,53310,9321356.34,1736
2024-12-03,178.59,180.38,183.99,174.0,174.89,33605,5998221.85,1739
2024-12-04,174.89,174.0,178.58,171.1,172.06,19781,3447364.31,1057
2024-12-05,172.06,174.3,204.5,172.36,195.61,1774527,350507688.35,20332
2024-12-06,195.61,193.5,193.7,186.8,189.57,185683,35333256.75,4911
2024-12-09,189.57,188.19,225.9,186.68,222.2,2224025,478280094.98,33598
2024-12-10,222.2,222.5,230.48,204.63,216.15,741768,162020248.06,16847
2024-12-11,216.15,217.8,248.0,213.21,229.61,2441502,587170501.28,40642
2024-12-12,229.61,231.49,231.49,218.27,222.75,348871,78419147.62,8941
2024-12-13,222.75,221.89,223.0,215.21,218.31,133769,29230079.21,4255
2025-03-24,114.29,121.5,137.14,121.0,137.14,163138,22181725.13,878
2025-03-25,137.14,141.02,151.9,130.01,131.65,319022,44899590.23,6325
2025-03-26,131.65,133.4,142.0,131.01,133.84,90394,12331175.07,2359
2025-03-27,133.84,136.8,138.51,125.12,129.93,50274,6641947.52,1352
2025-03-28,129.93,131.0,132.92,129.0,131.33,19231,2515233.21,415
2025-04-01,131.33,127.6,135.51,124.0,134.71,31052,4086267.88,863
2025-04-02,134.71,136.1,136.11,126.4,129.96,16215,2136913.88,728
2025-04-03,129.96,129.96,152.5,129.3,139.87,227587,32562297.9,3990
2025-04-04,139.87,140.0,145.45,134.99,137.27,100408,13953164.71,2133
2025-04-07,137.27,129.0,129.02,118.81,124.81,43941,5483650.46,1352
2025-04-08,124.81,126.0,144.19,126.0,137.27,268341,36999751.1,6871
2025-04-09,137.27,135.75,142.5,133.01,141.35,55990,7777071.47,2000
2025-04-11,141.35,141.5,144.7,140.18,141.77,38624,5501477.15,1009
2025-04-15,141.77,141.77,148.0,141.77,143.63,36748,5308206.37,1293
2025-04-16,143.63,145.8,150.0,144.0,146.27,64563,9482775.15,1661
2025-04-17,146.27,146.0,147.59,141.41,143.13,23321,3354690.02,951
2025-04-21,143.13,145.3,145.37,141.55,142.53,15699,2245745.51,385
2025-04-22,142.53,145.35,147.18,142.56,143.13,18810,2720906.13,536
2025-04-23,143.13,144.52,145.04,142.0,142.59,8206,1172100.83,348
2025-04-24,142.59,144.39,144.39,141.0,142.11,13136,1872129.86,515
2025-04-25,142.11,144.43,144.43,135.02,140.65,24713,3430061.11,980
2025-04-28,140.65,143.45,143.45,137.61,140.04,14724,2070211.83,607
2025-04-29,140.04,141.3,142.98,138.5,139.81,15908,2238051.7,741
2025-04-30,139.81,139.81,140.29,130.05,130.29,27307,3647600.99,1374
2025-05-02,130.29,132.59,139.1,131.0,132.64,35910,4866900.71,890
2025-05-05,132.64,131.52,133.68,131.3,132.97,9889,1311126.3,324
2025-05-06,132.97,134.0,134.0,124.34,126.29,16060,2064274.77,763
2025-05-07,126.29,128.8,140.3,126.0,134.33,63900,8611847.8,1919
2025-05-08,134.33,137.0,140.99,134.1,135.8,40354,5549165.25,950
2025-05-09,135.8,131.0,134.76,128.6,131.14,22075,2904818.18,756
2025-05-12,131.14,135.0,140.9,134.0,139.66,30225,4208202.95,761
2025-05-13,139.66,140.52,141.0,138.61,140.71,26163,3667090.37,775
2025-05-14,140.71,138.1,144.48,138.1,140.99,18094,2573335.57,591
2025-05-15,140.99,144.5,146.4,141.0,142.96,35500,5092517.97,620
2025-05-16,142.96,145.8,146.0,141.8,145.06,26572,3834343.32,493
2025-05-19,145.06,148.0,148.0,144.02,144.73,16878,2471878.95,538
2025-05-20,144.73,144.73,145.86,138.0,140.59,12537,1787880.53,533
2025-05-21,140.59,141.93,143.48,138.1,140.21,11270,1592900.12,381
2025-05-22,140.21,140.25,144.89,139.6,142.47,13049,1857311.93,818
2025-05-23,142.47,142.5,143.74,141.0,142.33,8500,1209069.08,342
2025-05-26,142.33,142.57,143.75,140.0,142.35,5229,742859.42,265
2025-05-27,142.35,142.65,142.65,139.51,141.43,11263,1592726.23,360
2025-05-28,141.43,144.25,144.25,140.61,142.73,17154,2444760.15,626
2025-05-29,142.73,143.99,144.75,141.0,143.57,8293,1185016.49,226
2025-05-30,143.57,143.0,144.0,139.75,142.7,15382,2193969.39,329
2025-06-02,142.7,140.1,140.1,130.0,136.51,19980,2717364.53,796
2025-06-03,136.51,137.31,138.16,135.05,135.84,6240,853410.43,265
2025-06-04,135.84,137.92,137.92,133.35,135.01,5814,783773.6,271
2025-06-05,135.01,135.01,138.84,134.22,135.58,9500,1296086.45,442
2025-06-06,135.58,135.2,137.86,133.9,135.18,12607,1709829.62,439
2025-06-09,135.18,137.3,145.25,135.01,142.62,51257,7299157.56,1990
2025-06-10,142.62,144.9,144.9,138.93,139.71,12682,1786763.64,697
2025-06-11,139.71,142.4,146.0,138.95,144.7,35187,5032476.6,1228
2025-06-12,144.7,144.7,144.71,140.2,142.42,24812,3549967.83,756
2025-06-13,142.42,140.25,140.25,134.01,137.01,18035,2476298.47,878
2025-06-16,137.01,139.5,139.5,135.0,136.83,9797,1340771.18,422
2025-06-17,136.83,136.52,139.5,136.01,137.07,13121,1803182.4,527
2025-06-18,137.07,137.01,141.7,136.1,138.04,28243,3937976.68,844
2025-06-19,138.04,139.42,139.79,133.85,134.98,14760,2002345.71,729
2025-06-20,134.98,135.01,137.4,131.0,134.35,14924,1995972.36,628
2025-06-23,134.35,131.5,134.0,129.74,131.65,15410,2035081.81,592
2025-06-24,131.65,135.84,138.0,133.42,135.1,11767,1598427.08,454
2025-06-25,135.1,135.14,137.79,134.0,135.83,10816,1469024.29,687
2025-06-26,135.83,138.54,138.9,134.46,136.42,7168,974635.3,368
2025-06-27,136.42,136.67,138.8,136.1,136.3,5904,808009.02,290
2025-06-30,136.3,138.13,138.99,135.0,135.72,11186,1526714.13,740
2025-07-01,135.72,136.56,140.0,135.75,139.33,14810,2045775.15,801
2025-07-02,139.33,141.18,142.55,136.41,140.0,18120,2522624.45,1269
2025-07-03,140.0,140.45,140.63,136.21,137.79,9958,1372083.59,386
2025-07-04,137.79,141.0,141.3,136.0,137.8,10731,1483586.17,463
2025-07-07,137.8,137.0,138.77,135.5,136.54,7776,1064354.95,558
2025-07-08,136.54,139.0,148.99,136.1,141.7,59852,8515388.55,1913
2025-07-09,141.7,140.0,141.26,138.0,138.58,5320,740527.33,302
2025-07-10,138.58,139.7,140.94,137.49,137.94,5307,734528.29,224
2025-07-11,137.94,138.22,141.18,137.49,140.41,10242,1426934.88,714
2025-07-14,140.41,143.0,143.0,136.5,137.14,9148,1270724.95,785
2025-07-15,137.14,136.0,139.9,136.0,136.93,4981,686713.48,369
2025-07-16,136.93,136.4,139.8,135.99,136.65,16255,2232323.59,427
2025-07-17,136.65,139.31,139.95,137.7,138.48,10523,1460589.06,395
2025-07-18,138.48,138.02,141.86,138.02,139.1,18474,2581244.08,465
2025-07-21,139.1,140.12,140.87,137.31,137.98,7811,1084447.71,1092
2025-07-22,137.98,137.55,139.8,136.05,137.86,2922,402056.04,169
2025-07-23,137.86,139.44,139.9,136.98,138.56,9201,1272335.42,317
2025-07-24,138.56,139.01,141.0,136.2,136.36,9330,1282923.08,470
2025-07-25,136.36,137.94,137.94,132.01,133.1,13125,1769590.0,507
2025-07-28,133.1,133.6,135.74,132.06,134.29,6047,812239.77,317
2025-07-29,134.29,135.01,135.01,132.6,133.05,3978,530724.69,132
2025-07-30,133.05,135.26,135.65,130.5,131.96,7105,945879.55,197
2025-07-31,131.96,132.4,132.93,128.0,129.29,9856,1287738.9,333
2025-08-01,129.29,127.0,130.97,125.15,126.97,10653,1367888.07,718
2025-08-04,126.97,127.24,128.16,125.0,125.41,4658,587673.86,333
2025-08-05,125.41,126.73,127.9,125.61,125.86,1592,201599.61,151
2025-08-06,125.86,127.32,131.0,122.82,128.86,7683,975617.78,366
2025-08-07,128.86,130.81,130.81,124.5,125.41,5643,720733.41,494
2025-08-08,125.41,125.41,127.09,122.5,122.69,2411,298946.2,187
2025-08-11,122.69,125.15,127.38,123.31,125.63,4360,547793.08,389
2025-08-12,125.63,128.0,128.7,124.52,127.53,4840,613593.5,144
2025-08-13,127.53,126.0,126.9,122.25,123.09,5750,713172.47,268
2025-08-14,123.09,124.0,126.0,121.15,121.48,3149,387012.16,214
2025-08-18,121.48,122.19,125.98,118.0,119.06,13227,1601792.41,626
2025-08-19,119.06,119.8,138.39,117.93,127.69,88248,11362444.48,2356
2025-08-20,127.69,127.98,132.03,127.98,130.91,11437,1489926.14,445
2025-08-21,130.91,132.69,133.0,127.61,130.08,7910,1032969.37,340
2025-08-22,130.08,129.75,130.6,127.35,129.85,2664,346249.95,144
2025-08-25,129.85,127.15,130.0,125.0,125.52,7321,928254.46,496
2025-08-26,125.52,126.78,126.78,121.0,121.76,4935,605726.7,350
2025-08-28,121.76,124.18,124.18,118.0,120.0,4040,486576.15,311
2025-08-29,120.0,121.06,127.58,117.0,123.53,9788,1204093.14,613
2025-09-01,123.53,123.58,125.07,122.0,123.17,2350,290172.68,135
2025-09-02,123.17,125.49,129.65,124.02,128.43,12604,1603374.5,312
2025-09-03,128.43,129.0,129.99,127.0,127.44,3210,410267.27,166
2025-09-04,127.44,128.15,131.59,125.0,126.3,9239,1181979.45,286
2025-09-05,126.3,127.11,130.0,125.66,127.38,4420,565110.05,172
2025-09-08,127.38,127.38,128.78,122.85,126.04,6966,878787.45,421
2025-09-09,126.04,128.0,129.97,125.21,126.94,3731,477645.65,210
2025-09-10,126.94,128.77,132.39,125.51,126.99,11550,1488721.01,379
2025-09-11,126.99,128.75,129.49,126.05,127.24,3273,418552.93,174
2025-09-12,127.24,129.79,152.68,127.25,152.68,721805,105701565.62,9888
2025-09-15,152.68,157.07,162.0,138.75,142.83,605181,90831602.01,9151
2025-09-16,142.83,141.9,143.84,135.67,138.38,90471,12721240.41,2361
2025-09-17,138.38,139.9,141.99,135.63,136.55,46857,6483000.09,1683
2025-09-18,136.55,138.79,144.48,135.6,137.98,43423,6068215.96,1478
2025-09-19,137.98,138.06,140.13,136.16,136.74,16228,2226261.8,448
2025-09-22,136.74,138.0,138.99,134.0,134.54,26713,3640860.01,833
2025-09-23,134.54,136.55,136.59,130.11,131.44,29996,3978490.91,1295
2025-09-24,131.44,132.49,133.96,130.35,131.31,14105,1864826.16,826
2025-09-25,131.31,131.99,131.99,128.61,128.91,9906,1288894.99,424
2025-09-26,128.91,129.49,151.96,127.0,136.31,2067638,297152798.87,22856
2025-09-29,136.31,138.0,142.34,133.1,134.63,229474,31691152.1,5609
2025-09-30,134.63,135.71,135.71,130.06,132.13,62798,8315019.76,2535
2025-10-01,132.13,131.94,134.49,131.43,132.23,17388,2316268.73,1109
2025-10-03,132.23,131.45,138.8,131.45,136.17,44386,6064530.95,1474
2025-10-06,136.17,137.2,142.0,135.15,136.33,44990,6223592.03,1486
2025-10-07,136.33,136.54,137.74,132.4,133.58,14489,1952586.78,471
2025-10-08,133.58,134.46,138.1,133.12,135.0,28407,3852265.66,917
2025-10-09,135.0,136.7,137.89,133.12,134.05,25870,3491646.0,1353
2025-10-10,134.05,134.84,135.0,130.66,132.44,20526,2731271.45,381
2025-10-13,132.44,131.6,132.97,130.5,132.24,12373,1629036.73,356
2025-10-14,132.24,132.24,132.76,126.2,128.31,31829,4094914.79,1056
2025-10-15,128.31,129.9,131.5,128.1,128.7,19496,2525639.26,614
2025-10-16,128.7,129.9,139.8,127.32,133.73,61995,8299661.97,1325
2025-10-17,133.73,134.3,135.27,130.2,131.88,10508,1392573.55,317
2025-10-20,131.88,131.88,133.08,130.0,130.64,12554,1646331.42,342
2025-10-21,130.64,129.1,133.74,129.0,132.27,13834,1816175.45,140
2025-10-23,132.27,134.98,138.4,131.79,133.15,56598,7639800.12,1017
2025-10-24,133.15,132.0,135.0,132.0,133.25,11853,1582906.43,394
2025-10-27,133.25,133.25,135.45,131.1,133.94,25255,3361303.87,491
2025-10-28,133.94,133.94,134.78,129.5,130.85,15184,1997808.31,286
2025-10-29,130.85,130.85,133.0,130.85,132.49,7623,1005700.57,177
2025-10-30,132.49,132.3,133.2,131.22,132.14,10389,1370165.57,180
2025-10-31,132.14,132.0,141.69,132.0,136.15,184235,25611841.5,3184
2025-11-03,136.15,136.16,138.51,131.51,131.9,46157,6166325.36,837
2025-11-04,131.9,132.02,133.99,132.02,132.97,20309,2702104.99,603
2025-11-06,132.97,132.07,133.63,132.0,132.12,11099,1470010.67,299
2025-11-07,132.12,129.99,132.98,129.0,131.17,22983,2994373.9,860
2025-11-10,131.17,132.0,138.0,130.5,133.8,49009,6567691.51,1237
2025-11-11,133.8,134.46,134.49,131.25,132.6,10445,1384976.48,238
2025-11-12,132.6,133.0,133.0,128.39,130.47,33453,4370332.5,615
2025-11-13,130.47,131.0,133.98,130.5,132.74,20700,2740040.92,496
2025-11-14,132.74,132.01,134.39,131.81,132.46,8341,1105095.57,311
2025-11-17,132.46,134.4,134.4,132.47,133.09,13687,1829130.97,213
2025-11-18,133.09,131.2,137.8,131.2,136.34,36264,4895411.51,1406
2025-11-19,136.34,138.4,139.9,135.1,138.08,45256,6229959.03,1599
2025-11-20,138.08,138.08,143.8,132.15,134.4,48923,6741061.15,1757
2025-11-21,134.4,134.4,138.67,134.4,137.44,35582,4870392.84,2695
2025-11-24,137.44,138.12,139.7,130.51,132.05,31518,4270214.4,1936
2025-11-25,132.05,132.9,134.23,129.12,132.54,17349,2298671.56,2183
2025-11-26,132.54,133.0,134.87,131.1,133.72,12294,1637793.89,1037
2025-11-27,133.72,134.4,134.88,132.31,133.46,8497,1134906.93,592
2025-11-28,133.46,133.01,135.89,132.3,133.8,6054,809929.4,310
2025-12-01,133.8,134.8,136.41,132.0,132.7,10080,1350959.15,1041
2025-12-02,132.7,132.0,134.88,130.0,130.84,12904,1699130.71,568
2025-12-03,130.84,130.5,132.47,128.61,129.1,8978,1169292.7,435
2025-12-04,129.1,129.1,132.25,128.5,129.76,12950,1681274.2,778
2025-12-05,129.76,129.76,130.84,123.5,124.38,32282,4072618.4,1172
2025-12-08,124.38,123.7,128.19,121.01,124.56,16069,2003191.45,561
2025-12-09,124.56,126.5,126.5,121.68,124.76,8274,1025731.72,435
2025-12-10,124.76,124.82,127.27,123.15,123.59,7574,951688.96,617
2025-12-11,123.59,125.01,126.74,123.23,124.43,5624,701967.32,316
2025-12-12,124.43,124.04,125.74,123.5,124.34,5597,695757.95,184
2025-12-15,124.34,124.34,126.39,123.71,123.99,7311,909631.62,605
2025-12-16,123.99,124.0,125.6,122.4,122.46,3874,477129.04,152
2025-12-17,122.46,122.46,126.8,122.46,122.91,2422,298956.89,152
2025-12-18,122.91,122.0,123.85,121.05,122.23,8269,1009230.98,236
2025-12-19,122.23,122.23,123.5,120.81,122.81,2936,357903.41,251
2025-12-22,122.81,120.23,124.08,120.23,123.44,2766,340915.56,173
2025-12-23,123.44,124.5,124.5,121.9,123.39,3595,445220.48,107
2025-12-24,123.39,123.1,124.0,121.61,121.81,1988,243511.95,74
2025-12-26,121.81,121.1,124.98,121.1,123.22,13424,1650119.7,324
2025-12-29,123.22,123.97,124.47,119.02,120.23,9017,1097340.38,241
2025-12-30,120.23,120.23,123.0,120.23,122.11,6861,837539.48,114
2025-12-31,122.11,122.12,122.47,120.0,120.83,5659,686433.14,127
2026-01-01,120.83,122.83,123.73,120.54,121.51,6466,789414.05,122
2026-01-02,121.51,123.0,123.0,119.51,120.91,7501,907613.63,141
2026-01-05,120.91,123.0,123.0,120.15,120.25,7476,903267.32,132
2026-01-06,120.25,120.11,121.88,118.51,119.38,8763,1050031.66,129
2026-01-07,119.38,119.38,122.00,118.52,120.27,6427,774605.70,143
