Date,Prev Close,Open,High,Low,Close,Volume,Turnover,Trades
2017-09-21,973.18,973.18,1011.71,885.49,893.79,3379167.22,3149943432.0,124984
2017-09-22,893.79,877.14,877.14,791.58,812.03,1172420.63,961243503.45,46547
2017-09-25,812.03,806.5,826.85,775.58,791.78,387072.38,308537909.3,21133
2017-09-26,791.78,787.53,809.56,787.53,793.51,139376.06,111385191.1,6672
2017-09-27,793.51,800.28,808.08,780.52,782.69,119915.45,95091206.9,5741
2017-09-28,782.69,782.69,791.34,766.24,782.15,66756.34,52081492.4,3609
2017-09-29,782.15,788.37,800.28,782.49,785.46,56662.17,44698883.25,2810
2017-10-03,785.46,790.4,805.22,784.47,797.81,85192.64,67802626.45,3641
2017-10-04,797.81,800.28,809.96,795.34,802.94,30191.42,24236400.45,1753
2017-10-05,802.94,805.17,818.06,800.72,813.17,31996.08,25893837.05,1892
2017-10-06,813.17,816.97,817.07,805.17,810.11,21710.61,17606150.05,1621
2017-10-09,810.11,810.16,829.42,801.12,825.32,32411.06,26579033.15,2077
2017-10-10,825.32,823.54,854.42,823.54,847.65,50184.41,42330034.95,3468
2017-10-11,847.65,847.95,859.56,847.95,854.81,51612.55,43976207.75,2212
2017-10-12,854.81,849.68,851.65,841.77,845.58,9498.01,8038530.45,765
2017-10-13,845.58,848.0,858.57,845.38,852.15,16665.05,14216608.85,1130
2017-10-16,852.15,850.66,871.81,848.79,860.1,18726.79,16122236.15,1971
2017-10-17,860.1,859.56,869.44,856.64,860.25,5876.54,5057350.3,766
2017-10-18,860.25,859.56,862.27,856.59,859.61,7450.43,6403905.4,456
2017-10-19,859.61,861.53,861.53,820.53,836.49,1728.75,1456467.15,216
2017-10-23,836.49,847.7,863.51,834.86,852.69,15384.68,13126168.05,899
2017-10-24,852.69,856.69,869.39,853.23,859.06,15499.05,13337056.1,821
2017-10-25,859.06,853.88,861.53,849.68,859.7,12946.41,11118425.35,696
2017-10-26,859.7,849.18,861.43,841.77,846.96,14415.04,12371273.95,458
2017-10-27,846.96,841.92,847.26,831.0,843.8,11303.69,9522967.85,621
2017-10-30,843.8,839.8,855.6,837.03,854.67,5897.8,5008673.8,450
2017-10-31,854.67,849.68,874.38,849.68,872.05,18051.69,15653151.4,1609
2017-11-01,872.05,864.5,872.3,864.5,870.03,8952.46,7787131.6,664
2017-11-02,870.03,841.77,869.44,841.77,867.61,4344.15,3766758.6,249
2017-11-03,867.61,866.47,869.39,861.58,867.51,8186.27,7099144.6,351
2017-11-06,867.51,864.3,866.18,859.56,859.56,4041.51,3475225.1,235
2017-11-07,859.56,864.79,865.98,859.56,860.54,9276.35,7984722.5,451
2017-11-08,860.54,862.92,862.92,859.56,861.73,4476.74,3856318.0,567
2017-11-09,861.73,861.53,868.35,859.66,863.56,3681.19,3175623.75,327
2017-11-10,863.56,859.61,862.03,859.56,859.61,2314.79,1990285.05,195
2017-11-13,859.61,860.74,862.22,859.56,861.43,4415.0,3798899.75,283
2017-11-14,861.43,856.0,861.63,849.68,853.63,2766.21,2367694.75,215
2017-11-15,853.63,860.3,864.5,839.8,855.26,10477.77,8944701.4,394
2017-11-16,855.26,858.52,867.46,839.8,853.58,4608.32,3905987.9,479
2017-11-17,853.58,879.32,880.95,846.81,857.09,17675.17,15250837.8,1432
2017-11-20,857.09,857.09,868.45,844.79,863.11,9777.37,8363217.45,486
2017-11-21,863.11,861.33,871.46,848.19,868.79,6489.9,5618505.8,578
2017-11-22,868.79,851.7,871.46,851.46,869.14,6946.38,6033288.4,598
2017-11-23,869.14,869.44,871.26,859.56,864.15,1660.94,1437955.9,360
2017-11-24,864.15,858.32,876.5,848.69,871.71,4871.48,4213826.55,487
2017-11-27,871.71,864.6,879.32,864.6,876.45,4837.06,4234495.9,374
2017-11-28,876.45,870.03,881.29,867.46,874.92,4737.87,4156271.25,654
2017-11-29,874.92,868.35,879.32,864.05,874.38,3320.86,2902324.35,189
2017-11-30,874.38,873.34,879.32,859.7,876.99,3682.2,3222925.25,412
2017-12-01,876.99,859.46,881.24,859.46,877.34,6875.53,6033667.4,704
2017-12-04,877.34,879.32,879.32,869.44,873.34,2333.01,2037302.45,113
2017-12-05,873.34,871.46,905.0,865.48,895.12,9248.01,8151754.75,531
2017-12-06,895.12,877.34,894.14,877.34,879.46,5819.86,5124847.25,169
2017-12-07,879.46,880.26,895.12,872.4,892.75,5375.53,4785744.85,832
2017-12-08,892.75,892.11,894.24,879.42,887.71,3590.1,3191540.4,324
2017-12-11,887.71,887.71,894.58,880.3,881.79,1468.63,1301359.2,224
2017-12-12,881.79,873.04,904.02,873.04,897.99,13886.69,12350014.1,616
2017-12-13,897.99,880.65,912.91,880.65,892.85,5228.77,4705954.9,525
2017-12-14,892.85,892.85,905.99,888.21,893.2,2925.11,2615802.45,257
2017-12-15,893.2,890.23,899.08,883.56,889.34,2350.21,2094550.9,272
2017-12-18,889.34,879.56,902.04,878.48,898.78,2647.78,2371769.05,238
2017-12-19,898.78,894.14,904.02,894.14,898.78,2417.01,2171329.15,291
2017-12-20,898.78,904.02,932.67,899.08,923.97,11470.69,10490437.0,940
2017-12-21,923.97,919.53,922.79,904.02,905.65,3325.92,3032268.35,260
2017-12-22,905.65,904.56,937.61,901.05,914.34,5625.53,5193666.9,444
2017-12-26,914.34,922.64,943.64,915.87,937.56,27243.02,25504810.65,727
2017-12-27,937.56,939.58,946.55,933.66,941.36,9868.46,9291939.5,699
2017-12-28,941.36,922.49,944.52,922.49,942.25,3030.38,2843603.35,261
2017-12-29,942.25,928.77,938.55,923.78,926.74,1233.81,1147762.6,171
2018-01-01,926.74,909.94,958.26,909.94,923.97,4559.73,4282907.0,293
2018-01-02,479.43,479.38,482.14,469.3,474.29,637.65,302380.55,177
2018-01-03,913.4,923.53,923.78,903.13,913.75,6301.64,5754264.4,136
2018-01-04,913.75,899.32,916.37,899.27,907.52,6249.01,5692824.1,157
2018-01-05,907.52,911.43,918.19,891.17,911.53,2720.66,2456234.35,254
2018-01-08,911.53,919.77,919.77,904.66,909.2,1528.35,1390307.65,253
2018-01-09,909.2,904.02,908.91,890.53,895.03,956.48,860136.7,156
2018-01-10,895.03,869.58,911.72,869.58,903.67,2226.73,1981896.55,204
2018-01-11,903.67,908.96,943.49,905.1,925.21,16070.91,14946767.1,871
2018-01-12,925.21,918.89,933.66,909.2,928.47,4305.69,3975506.55,312
2018-01-15,928.47,942.35,979.1,938.74,946.99,23199.48,22254285.7,800
2018-01-16,946.99,942.45,947.49,909.06,919.48,4514.19,4200733.75,592
2018-01-17,919.48,890.18,938.65,890.18,931.93,1883.61,1749154.4,445
2018-01-18,931.93,924.76,925.65,890.68,901.45,1710.53,1551270.85,172
2018-01-19,901.45,889.25,917.8,889.25,901.0,355.26,320739.05,74
2018-01-22,901.0,904.07,923.78,897.05,914.19,10668.06,9715644.1,426
2018-01-23,914.19,908.66,922.44,900.11,913.8,1117.41,1022301.4,116
2018-01-24,913.8,905.5,913.85,901.1,904.66,756.08,686940.1,155
2018-01-25,904.66,911.67,914.88,897.15,909.75,486.84,441109.45,102
2018-01-29,909.75,897.35,912.91,897.3,909.1,984.82,894187.8,93
2018-01-30,909.1,911.62,913.8,896.26,910.69,963.57,875307.15,271
2018-01-31,910.69,913.4,923.73,912.86,917.45,3567.83,3262740.3,296
2018-02-01,917.45,917.35,937.61,897.64,930.59,5909.94,5472800.9,418
2018-02-02,930.59,909.06,943.54,841.87,893.15,4635.65,4191165.6,338
2018-02-05,893.15,889.2,933.66,885.05,896.26,4119.45,3716082.6,353
2018-02-06,896.26,879.86,908.96,866.67,901.2,1433.2,1269537.6,176
2018-02-07,901.2,907.33,907.33,839.9,864.1,1659.93,1455347.7,178
2018-02-08,864.1,881.93,891.62,871.51,879.71,989.88,871989.35,157
2018-02-09,879.71,869.39,889.05,848.39,885.05,1687.25,1477569.45,170
2018-02-12,885.05,875.02,889.2,874.03,883.07,165.99,146900.05,43
2018-02-14,883.07,871.46,883.12,864.5,868.74,487.86,426215.85,132
2018-02-15,868.74,871.12,879.27,863.51,870.28,269.23,233870.1,48
2018-02-16,870.28,860.59,885.24,849.68,850.71,895.75,766378.9,124
2018-02-19,850.71,850.71,854.57,849.18,849.28,580.97,493876.7,71
2018-02-20,849.28,840.78,867.31,840.78,848.0,258.1,219934.2,61
2018-02-21,848.0,849.82,857.33,841.92,853.13,339.07,288446.4,71
2018-02-22,853.13,829.97,858.12,829.97,842.07,455.47,386527.65,81
2018-02-23,842.07,834.46,849.68,830.02,837.47,830.97,694818.7,127
2018-02-26,837.47,828.93,838.07,828.93,836.19,493.93,411895.0,98
2018-02-27,836.19,857.53,857.53,825.96,832.34,373.48,310434.45,67
2018-02-28,832.34,813.17,823.99,813.12,816.68,339.07,277365.25,73
2018-03-01,816.68,817.12,835.7,810.16,830.51,316.8,262596.3,50
2018-03-05,830.51,820.04,824.14,810.16,812.43,450.41,367715.65,60
2018-03-06,812.43,743.96,815.05,743.96,810.95,3030.38,2396700.85,331
2018-03-07,810.95,803.24,821.52,803.24,810.9,745.95,604607.15,54
2018-03-08,810.9,803.24,815.15,803.24,811.74,379.56,307076.3,78
2018-03-09,811.74,803.24,829.92,803.24,816.13,676.12,554197.65,75
2018-03-12,816.13,808.18,825.96,801.26,810.3,1514.18,1215983.3,77
2018-03-13,810.3,805.12,824.93,804.18,815.79,1186.24,958766.9,127
2018-03-14,815.79,801.81,824.98,801.81,817.67,2247.98,1843089.25,132
2018-03-15,817.67,820.33,825.17,817.07,824.14,705.47,581268.1,49
2018-03-16,824.14,826.06,839.75,804.23,829.27,957.49,785405.15,162
2018-03-19,829.27,816.13,824.43,805.41,812.13,461.54,373742.85,103
2018-03-20,812.13,812.33,819.89,791.38,797.81,3126.53,2517980.35,224
2018-03-21,797.81,806.16,812.13,797.51,800.38,312.75,250347.65,63
2018-03-22,800.38,791.38,804.23,781.5,784.86,503.04,398265.45,113
2018-03-23,784.86,766.68,790.4,766.68,773.7,454.46,354493.15,111
2018-03-26,773.7,795.93,810.16,758.88,774.54,7820.88,6238945.75,289
2018-03-27,774.54,775.58,788.47,773.6,774.74,828.95,645007.8,66
2018-03-28,774.74,772.61,788.22,735.07,743.66,1113.36,837728.85,164
2018-04-02,743.66,753.1,766.64,751.27,763.52,555.67,421999.6,100
2018-04-03,763.52,760.81,785.21,755.77,778.79,639.68,495310.2,147
2018-04-04,778.79,768.71,794.69,750.88,757.4,1276.32,991030.95,181
2018-04-05,757.4,750.93,771.58,741.0,743.02,1129.56,844214.25,159
2018-04-06,743.02,750.83,754.83,743.96,750.88,209.51,157016.45,52
2018-04-09,750.88,755.82,788.42,755.82,781.6,1669.03,1296078.7,162
2018-04-10,781.6,789.21,809.17,789.21,798.99,667.01,533488.2,100
2018-04-11,798.99,797.36,806.16,770.64,803.09,429.15,338993.45,111
2018-04-12,803.09,792.67,800.23,782.49,784.02,140.69,111163.4,39
2018-04-13,784.02,807.19,807.19,771.67,773.55,207.49,161675.4,66
2018-04-16,773.55,760.76,790.4,745.94,779.78,388.67,299061.5,101
2018-04-17,779.78,771.62,803.14,770.64,772.61,9555.71,7383892.25,113
2018-04-18,772.61,779.58,779.58,770.64,772.02,222.67,172576.95,60
2018-04-19,772.02,770.69,779.53,770.64,771.08,408.91,315501.35,64
2018-04-20,771.08,780.37,807.88,776.61,798.65,1394.74,1104575.1,200
2018-04-23,798.65,807.69,824.98,800.38,809.32,3015.19,2468495.25,401
2018-04-24,809.32,830.9,830.9,785.46,795.09,1276.32,1032923.25,253
2018-04-25,795.09,813.12,854.52,802.25,839.2,16353.3,13772985.85,516
2018-04-26,839.2,859.56,859.56,829.92,841.53,1333.0,1124027.35,209
2018-04-27,841.53,833.13,848.24,816.28,826.61,489.88,406578.25,127
2018-04-30,826.61,818.06,844.59,818.06,826.16,221.66,184468.25,67
2018-05-02,826.16,821.02,824.98,811.34,812.82,4559.73,3754998.3,133
2018-05-03,812.82,808.13,820.18,800.28,802.1,462.55,372103.05,98
2018-05-04,802.1,813.37,908.96,813.37,852.25,85676.45,73691315.15,5912
2018-05-07,852.25,839.85,852.15,812.18,822.85,4904.88,4065030.15,450
2018-05-08,822.85,829.92,829.92,789.41,800.08,3301.63,2676456.5,254
2018-05-09,800.08,800.08,808.18,792.37,796.62,1058.71,845764.25,136
2018-05-10,796.62,805.17,806.16,775.73,787.48,970.65,768243.75,144
2018-05-11,787.48,793.36,793.36,768.36,780.91,1377.54,1074694.85,332
2018-05-14,780.91,765.7,780.52,762.73,764.76,1020.25,785500.3,158
2018-05-15,764.76,765.7,765.7,741.0,758.39,965.59,729828.75,222
2018-05-16,758.39,757.79,810.11,745.94,789.21,3468.64,2686496.85,253
2018-05-17,789.21,789.21,790.4,771.72,775.38,374.5,292669.45,110
2018-05-18,775.38,772.91,789.41,759.82,773.95,2910.94,2248914.15,215
2018-05-21,773.95,775.48,776.42,760.76,769.9,261.13,200875.85,77
2018-05-22,769.9,766.83,768.81,750.14,755.13,637.65,482731.95,102
2018-05-23,755.13,754.98,767.67,741.15,746.73,477.73,360259.15,123
2018-05-24,746.73,744.95,750.88,736.06,741.69,1101.22,818866.4,135
2018-05-25,741.69,741.69,770.64,739.02,743.62,448.38,335299.85,122
2018-05-28,743.62,745.94,763.47,741.0,748.26,677.13,507726.1,105
2018-05-29,748.26,750.88,755.67,742.97,749.49,50872.67,38049391.0,74
2018-05-30,749.49,749.49,798.25,741.99,746.48,5210.55,3961134.85,523
2018-05-31,746.48,747.07,780.52,741.99,754.93,1601.22,1214023.9,295
2018-06-01,754.93,753.15,770.64,734.08,736.45,1986.85,1474978.2,290
2018-06-04,736.45,759.77,759.77,721.24,722.52,1252.03,925272.35,143
2018-06-05,722.52,725.09,727.46,716.54,721.09,727.74,523460.55,124
2018-06-06,721.09,730.62,730.62,716.54,720.74,197.37,142572.5,58
2018-06-07,720.74,722.18,736.65,711.7,716.1,2358.31,1702151.85,222
2018-06-08,716.1,715.31,741.0,707.41,711.36,2789.48,2005640.9,404
2018-06-11,711.36,712.69,731.12,710.37,716.0,879.56,630794.05,97
2018-06-12,716.0,716.4,731.12,716.4,724.6,1232.8,894692.8,167
2018-06-13,724.6,724.6,742.97,716.3,723.66,1519.24,1102877.0,206
2018-06-14,723.66,721.24,721.24,704.59,708.59,1661.95,1181831.9,184
2018-06-15,708.59,709.43,736.9,709.38,712.35,2051.63,1474149.85,231
2018-06-18,712.35,713.78,721.24,706.61,708.99,795.55,566593.8,127
2018-06-19,708.99,708.89,708.89,696.54,705.28,537.45,378557.8,111
2018-06-20,705.28,696.54,716.3,696.54,715.11,939.27,667975.1,80
2018-06-21,715.11,714.91,721.24,697.53,698.91,814.78,574927.7,156
2018-06-22,698.91,699.9,721.24,699.5,717.33,990.89,700902.3,167
2018-06-25,717.33,717.29,720.25,705.68,713.83,607.29,433802.35,76
2018-06-26,713.83,713.04,721.24,702.56,712.84,1039.48,741869.2,150
2018-06-27,712.84,712.35,719.66,696.54,707.65,1394.74,981739.1,135
2018-06-28,707.65,705.82,719.26,700.74,711.55,1417.01,1006426.15,60
2018-06-29,711.55,713.23,741.0,705.43,727.61,2751.02,1998430.1,332
2018-07-02,727.61,755.82,864.5,731.27,825.08,163572.51,135309072.9,12121
2018-07-03,825.08,801.36,809.07,751.87,768.32,24260.22,18731042.6,2233
2018-07-04,768.32,752.95,770.54,732.11,748.56,5341.11,4015060.35,507
2018-07-05,748.56,749.94,765.7,725.93,737.24,2891.71,2149478.2,470
2018-07-06,737.24,735.07,755.32,732.11,736.5,1572.88,1163777.1,192
2018-07-09,736.5,736.5,750.83,724.94,732.65,1551.63,1142262.2,189
2018-07-10,732.65,733.14,737.24,722.27,728.8,1052.64,769031.7,225
2018-07-11,728.8,726.57,748.85,722.52,730.08,731.78,535966.05,181
2018-07-12,730.08,741.0,748.46,723.21,727.71,1136.64,835752.3,191
2018-07-13,727.71,726.18,734.08,723.21,724.7,622.47,452044.25,88
2018-07-16,724.7,721.24,776.52,699.35,753.59,35274.43,26545199.45,2286
2018-07-17,753.59,742.97,742.97,709.83,721.29,3713.58,2680387.8,503
2018-07-18,721.29,714.32,736.16,714.32,722.23,1158.91,843075.45,235
2018-07-19,722.23,729.39,729.39,711.36,720.99,577.94,416080.4,110
2018-07-20,720.99,720.99,742.53,711.46,716.2,1461.54,1055496.15,289
2018-07-23,716.2,714.32,727.17,711.36,718.57,754.05,539823.6,211
2018-07-24,718.57,711.41,729.14,711.41,718.67,848.18,613506.15,174
2018-07-25,718.67,729.34,748.85,726.18,737.79,1464.58,1082973.5,206
2018-07-26,737.79,745.89,755.82,721.24,728.15,43941.47,32345712.45,182
2018-07-27,728.15,728.15,739.02,726.28,730.28,2309.73,1690655.9,129
2018-07-30,730.28,730.28,740.95,720.25,726.57,39067.97,28521522.65,189
2018-07-31,726.57,733.54,736.06,716.35,724.15,1502.03,1093306.3,175
2018-08-01,724.15,734.92,734.92,717.33,723.46,835.02,603904.5,118
2018-08-02,723.46,730.72,741.0,716.45,719.01,1124.5,816162.7,165
2018-08-03,719.01,716.3,739.02,716.3,726.03,694.33,505574.6,112
2018-08-06,726.03,736.9,741.0,716.4,729.98,720.65,526142.5,107
2018-08-07,729.98,735.96,738.03,719.11,731.36,1545.55,1124198.55,310
2018-08-08,731.36,725.24,748.9,718.27,736.11,1703.45,1254392.65,254
2018-08-09,736.11,745.69,745.69,720.74,722.03,4043.54,2950510.05,331
2018-08-10,722.03,722.23,732.11,585.09,597.84,1312170.17,837498913.2,19977
2018-08-13,597.84,602.68,617.5,569.09,592.6,75004.35,44928078.2,5193
2018-08-14,592.6,598.73,598.73,577.48,580.4,47614.56,27688233.05,1675
2018-08-16,580.4,587.86,594.77,565.03,568.0,44960.7,25650021.2,1463
2018-08-17,568.0,569.14,587.76,568.1,572.99,12579.0,7182716.75,814
2018-08-20,572.99,580.89,580.89,564.49,568.15,13559.77,7717222.45,686
2018-08-21,568.15,568.1,574.03,558.22,565.08,11503.08,6540276.85,596
2018-08-23,565.08,558.22,568.15,541.47,544.09,27290.59,14913016.4,1274
2018-08-24,544.09,551.3,586.57,547.35,579.51,66224.96,37825698.05,2438
2018-08-27,579.51,577.98,589.39,573.09,577.24,25548.68,14857565.65,960
2018-08-28,577.24,569.09,592.8,569.09,587.02,30236.96,17657824.6,827
2018-08-29,587.02,591.81,602.18,571.06,572.4,21887.74,12954415.5,703
2018-08-30,572.4,574.62,576.99,545.47,570.32,93631.95,51734874.6,1131
2018-08-31,570.32,571.16,578.82,553.48,556.34,7552.66,4262502.6,468
2018-09-03,556.34,564.59,564.59,535.1,547.75,10570.89,5843507.5,596
2018-09-04,547.75,546.36,569.09,546.31,560.39,18703.52,10455413.45,1105
2018-09-05,560.39,560.0,568.0,557.67,565.08,9451.45,5310273.9,394
2018-09-06,565.08,563.16,573.04,563.16,568.39,31620.57,17975251.3,888
2018-09-07,568.39,570.12,612.56,568.74,576.1,142478.3,83817802.05,2472
2018-09-10,576.1,576.1,585.93,573.04,582.97,24603.34,14313363.45,1123
2018-09-11,582.97,585.49,585.49,560.24,565.58,7728.78,4419324.45,382
2018-09-12,565.58,562.32,574.22,553.28,572.05,13523.33,7582173.05,496
2018-09-14,572.05,578.03,608.31,573.09,580.1,10067.85,5894129.45,685
2018-09-17,580.1,578.97,591.81,574.77,582.92,30904.98,17989382.85,591
2018-09-18,582.92,576.94,592.75,574.27,579.71,11837.09,6888816.0,324
2018-09-19,579.71,574.17,581.93,555.25,558.81,9307.73,5320184.5,347
2018-09-21,558.81,558.81,570.52,524.63,534.7,8548.62,4645072.5,574
2018-09-24,534.7,528.33,550.41,494.25,504.87,14239.93,7176577.2,1859
2018-09-25,504.87,512.97,516.28,475.72,483.97,15000.06,7327144.85,516
2018-09-26,483.97,475.87,501.9,475.82,492.02,5874.52,2883769.25,512
2018-09-27,492.02,484.12,494.0,476.66,484.07,18777.4,9134935.9,616
2018-09-28,484.07,482.69,483.13,459.22,466.73,6813.79,3196649.65,498
2018-10-01,466.73,459.42,537.47,444.6,492.96,36500.14,16501506.0,531
2018-10-03,492.96,480.41,513.21,461.94,474.49,7462.58,3574059.8,810
2018-10-04,474.49,479.18,493.01,456.06,486.14,3990.91,1881626.75,378
2018-10-05,486.14,471.27,499.93,471.27,483.03,4280.38,2071383.4,524
2018-10-08,483.03,478.19,494.0,449.54,458.28,6588.08,3113663.15,931
2018-10-09,458.28,464.9,468.26,450.03,459.91,2510.13,1156416.55,279
2018-10-10,459.91,456.5,492.02,456.45,485.01,7994.97,3862166.95,636
2018-10-11,485.01,474.24,486.04,454.48,484.07,3889.69,1859705.4,265
2018-10-12,484.07,491.97,494.05,469.3,475.67,6018.24,2937685.55,717
2018-10-15,475.67,478.68,494.0,463.37,482.29,3571.88,1706094.6,530
2018-10-16,482.29,490.05,490.94,478.29,483.82,12956.53,6270954.15,492
2018-10-17,483.82,484.17,487.53,459.42,464.41,2276.32,1074510.05,243
2018-10-19,464.41,459.42,462.33,442.62,454.63,37979.91,17086928.65,521
2018-10-22,454.63,473.2,488.66,454.08,477.0,8976.76,4272852.7,794
2018-10-23,477.0,470.34,484.76,466.88,478.73,3900.83,1862901.55,417
2018-10-24,478.73,474.24,495.97,469.5,478.73,1768.23,849987.85,259
2018-10-25,478.73,475.92,484.12,466.19,474.78,1488.87,710733.0,260
2018-10-26,474.78,481.9,486.84,455.12,475.03,5897.8,2800278.35,525
2018-10-29,475.03,470.34,472.21,451.51,458.43,5720.67,2634881.2,357
2018-10-30,458.43,459.47,461.39,444.05,448.01,3664.99,1664539.35,369
2018-10-31,448.01,450.03,473.25,439.71,454.28,21299.68,9549862.4,907
2018-11-01,454.28,454.48,463.37,444.65,455.56,3324.91,1510726.6,550
2018-11-02,455.56,461.54,464.36,450.53,452.75,1887.66,861299.8,270
2018-11-05,452.75,467.96,467.96,446.52,449.83,11781.42,5312103.5,475
2018-11-06,449.83,451.56,454.03,447.66,448.95,7738.9,3472882.85,169
2018-11-07,448.95,463.37,463.37,449.83,454.03,2086.04,953776.7,118
2018-11-09,454.03,454.13,458.18,444.05,453.1,1687.25,762098.7,187
2018-11-12,453.1,459.22,461.15,452.45,455.32,3839.08,1746946.2,166
2018-11-13,455.32,452.8,462.38,438.77,459.71,16343.18,7306272.7,549
2018-11-14,459.71,466.33,466.33,458.92,461.69,4221.68,1945620.5,194
2018-11-15,461.69,456.55,477.7,455.86,468.9,17334.08,8112409.45,460
2018-11-16,468.9,468.9,469.94,454.33,467.72,9694.37,4501736.6,392
2018-11-19,467.72,460.8,464.36,457.44,458.73,2074.91,952267.2,109
2018-11-20,458.73,464.36,464.36,445.09,450.58,6763.18,3044768.45,277
2018-11-21,450.58,457.24,458.92,449.79,454.48,14451.47,6549577.95,221
2018-11-22,454.48,459.27,469.3,454.48,462.28,7396.79,3410810.65,211
2018-11-26,462.28,469.15,515.09,469.15,484.76,150546.14,75011582.2,5418
2018-11-27,484.76,480.12,481.55,468.21,474.88,7921.08,3766131.6,377
2018-11-28,474.88,473.05,479.18,467.52,474.09,3388.68,1604860.95,300
2018-11-29,474.09,472.06,481.15,471.27,475.62,3072.89,1466946.35,171
2018-11-30,475.62,479.43,484.12,472.06,478.93,2917.02,1397850.95,166
2018-12-03,478.93,482.19,484.12,467.22,479.23,2772.28,1322479.05,242
2018-12-04,479.23,472.16,484.12,472.11,479.57,987.86,474105.6,108
2018-12-05,479.57,479.03,486.54,474.29,479.28,2802.64,1348708.6,173
2018-12-06,479.28,479.72,484.41,476.61,480.66,68430.43,32791545.9,176
2018-12-07,480.66,477.89,494.0,477.84,484.41,895.75,431566.45,69
2018-12-10,484.41,477.2,477.2,454.82,469.2,110300.03,51505659.5,277
2018-12-11,469.2,468.06,483.13,460.5,470.09,710.53,331983.75,130
2018-12-12,470.09,469.94,486.69,469.94,483.43,1831.99,882243.6,255
2018-12-13,483.43,483.48,509.26,483.48,505.85,3689.29,1844827.65,442
2018-12-14,505.85,505.76,507.63,484.12,492.22,2290.49,1133247.35,380
2018-12-17,492.22,493.9,505.85,493.75,504.62,6165.0,3108814.65,400
2018-12-18,504.62,503.88,505.85,497.16,503.88,1244.94,627029.4,104
2018-12-19,503.88,508.77,521.51,492.32,518.3,21430.25,10942923.4,454
2018-12-20,518.3,513.96,528.58,504.87,515.73,1460.53,749383.65,121
2018-12-21,515.73,510.84,515.09,478.19,488.66,4530.38,2245297.55,399
2018-12-24,488.66,492.96,493.01,468.31,476.66,2971.67,1421136.15,576
2018-12-26,476.66,469.55,494.0,465.35,473.45,3304.67,1590189.5,579
2018-12-27,473.45,483.97,491.92,479.13,484.17,1860.33,898972.3,141
2018-12-28,484.17,477.7,485.45,474.24,477.7,784.42,375643.25,247
2018-12-31,477.7,477.7,490.98,468.46,473.6,1000.0,479833.45,198
2019-01-01,473.6,480.22,483.53,477.1,479.43,400.81,192327.85,66
2019-01-02,479.43,479.38,482.14,469.3,474.29,637.65,302380.55,177
2019-01-03,474.29,480.96,481.9,464.46,465.94,2625.52,1227990.55,170
2019-01-04,465.94,464.56,465.64,458.97,463.47,1644.74,761426.4,234
2019-01-07,463.47,463.52,469.79,460.06,464.56,259.11,120587.55,59
2019-01-08,464.56,462.38,465.35,450.53,456.6,621.46,285538.6,156
2019-01-09,456.6,457.54,517.71,457.49,490.39,581932.47,275692371.6,8938
2019-01-10,490.39,490.0,490.0,463.37,467.77,10285.47,4846451.25,1060
2019-01-11,467.77,464.36,473.05,451.51,459.57,8584.04,3997657.9,569
2019-01-14,459.57,456.45,463.37,451.32,452.9,3394.75,1550464.3,337
2019-01-15,452.9,452.9,457.34,444.6,446.62,2923.09,1315218.6,414
2019-01-16,446.62,446.87,469.89,446.87,450.67,1840.09,836614.45,236
2019-01-17,450.67,444.65,464.36,443.12,449.74,3939.29,1764524.55,266
2019-01-18,449.74,448.55,448.55,435.01,438.57,3733.82,1643562.5,302
2019-01-21,438.57,440.7,446.67,435.21,444.35,1909.93,843126.65,240
2019-01-22,444.35,440.1,459.42,439.76,447.12,662.96,297483.8,129
2019-01-23,447.12,439.71,449.54,432.2,444.4,3718.64,1650874.0,253
2019-01-24,444.4,441.44,444.6,434.03,436.89,1132.6,496537.2,133
2019-01-25,436.89,436.15,443.61,420.74,426.67,4460.54,1903635.25,341
2019-01-28,426.67,423.9,427.21,417.92,420.49,1366.4,575200.05,224
2019-01-29,420.49,418.47,430.87,415.06,427.56,1108.3,468830.45,172
2019-01-30,427.56,421.33,422.86,415.16,416.79,1174.09,489502.5,114
2019-01-31,416.79,415.01,426.27,412.93,420.54,2845.15,1193055.05,242
2019-02-01,420.54,418.07,424.74,408.19,416.49,1769.24,732563.45,204
2019-02-04,416.49,415.01,416.88,403.0,413.28,1747.98,718288.3,198
2019-02-05,413.28,412.59,419.26,404.29,417.58,2064.79,854359.5,251
2019-02-06,417.58,412.98,424.84,405.08,411.75,2611.35,1078225.1,190
2019-02-07,411.75,410.07,415.16,403.0,403.2,6694.36,2730193.6,323
2019-02-08,403.2,404.53,408.73,388.92,395.1,1446.36,575850.25,182
2019-02-11,395.1,397.17,403.1,373.91,394.75,1493.93,589377.85,200
2019-02-12,394.75,398.11,398.11,391.25,395.1,783.4,309403.1,82
2019-02-13,395.1,385.32,397.17,370.99,395.25,9143.76,3497321.0,555
2019-02-14,395.25,394.16,394.16,371.54,377.91,2792.52,1057018.75,254
2019-02-15,377.91,379.44,382.31,365.56,372.08,1301.62,486152.8,191
2019-02-18,372.08,368.52,371.49,362.55,363.58,721.66,263373.75,127
2019-02-19,363.58,361.66,375.44,359.63,372.67,607.29,225647.25,186
2019-02-20,372.67,375.24,380.38,364.03,369.12,2981.79,1110196.3,193
2019-02-21,369.12,366.55,374.55,364.97,367.39,875.51,324292.05,92
2019-02-22,367.39,366.6,374.85,365.56,372.23,1479.76,548745.15,161
2019-02-25,372.23,370.55,381.27,369.61,374.25,3351.23,1252516.7,119
2019-02-26,374.25,379.34,379.39,370.6,372.43,238.87,89454.5,60
2019-02-27,372.43,375.39,378.01,365.76,375.44,4112.36,1529160.25,136
2019-02-28,375.44,370.65,377.91,370.5,374.9,1454.46,542903.15,76
2019-03-01,374.9,377.27,385.32,374.45,385.02,5006.09,1890245.9,173
2019-03-05,385.02,384.18,404.09,383.59,399.2,1908.91,749285.8,176
2019-03-06,399.2,393.22,405.18,393.22,401.47,1283.41,517347.35,154
2019-03-07,401.47,407.45,426.81,395.49,419.95,6967.64,2912491.5,360
2019-03-08,419.95,426.22,443.41,419.9,440.84,6479.78,2783556.4,477
2019-03-11,440.84,456.45,528.97,434.72,528.97,2235952.17,1127373450.35,1521
2019-03-12,528.97,570.07,634.69,538.46,621.05,688307.38,408840132.7,29475
2019-03-13,621.05,605.64,630.34,579.95,591.37,299430.34,180792815.55,15065
2019-03-14,591.37,598.73,602.58,584.99,595.61,37657.03,22381742.15,1690
2019-03-15,595.61,602.58,602.58,568.74,580.84,15399.86,9088840.7,951
2019-03-18,580.84,575.01,580.69,558.22,573.09,12957.54,7375259.85,918
2019-03-19,573.09,581.44,581.44,565.87,578.52,4112.36,2361928.0,321
2019-03-20,578.52,578.52,578.52,568.1,570.12,4202.45,2404876.75,198
2019-03-22,570.12,565.13,622.44,565.13,599.52,23810.82,14348949.6,1771
2019-03-25,599.52,595.76,617.5,582.92,597.34,7311.77,4325186.6,471
2019-03-26,597.34,597.54,616.51,595.86,607.86,8275.34,5027078.85,589
2019-03-27,607.86,607.62,616.51,587.86,598.13,7949.42,4796197.55,349
2019-03-28,598.13,598.73,630.34,594.43,623.97,9282.43,5718291.15,460
2019-03-29,623.97,625.4,661.96,612.56,655.78,16775.37,10858413.8,773
2019-04-01,655.78,676.78,721.34,656.03,716.05,42092.27,29672505.5,1766
2019-04-02,716.05,715.31,715.41,692.78,698.32,10777.37,7570428.2,717
2019-04-03,698.32,706.42,706.42,666.9,673.86,4892.73,3384961.45,309
2019-04-04,673.86,666.9,679.74,644.37,653.66,6420.07,4213869.3,494
2019-04-05,653.66,664.43,679.74,640.42,646.64,5534.43,3673959.0,367
2019-04-08,646.64,644.62,663.69,618.39,625.94,3005.07,1923068.25,358
2019-04-09,625.94,640.12,642.2,616.66,626.49,2444.34,1529318.75,214
2019-04-10,626.49,645.75,645.75,618.49,627.92,1241.91,790870.9,135
2019-04-11,627.92,635.92,642.89,618.49,621.65,2626.53,1657894.05,191
2019-04-12,621.65,624.86,629.35,612.56,613.35,1702.44,1049728.25,156
2019-04-15,613.35,627.38,627.38,602.73,614.63,1845.15,1134714.8,200
2019-04-16,614.63,624.91,624.91,611.27,614.93,961.54,592332.35,113
2019-04-18,614.93,614.53,614.53,602.68,606.53,1955.47,1186253.1,213
2019-04-22,606.53,606.53,667.14,597.74,613.1,5929.17,3781772.25,658
2019-04-23,613.1,618.39,637.26,606.14,608.16,4129.57,2541012.65,366
2019-04-24,608.16,617.89,628.96,611.12,624.41,1139.68,708409.75,169
2019-04-25,624.41,615.52,628.02,615.52,622.98,791.5,491885.25,153
2019-04-26,622.98,616.51,625.6,612.46,617.25,905.87,559768.5,138
2019-04-30,617.25,620.41,622.34,597.74,607.62,1001.02,607356.9,165
2019-05-02,607.62,593.79,619.03,593.79,614.78,1412.96,857990.35,199
2019-05-03,614.78,617.65,617.65,602.68,608.75,826.93,503271.5,127
2019-05-06,608.75,620.36,620.36,602.68,603.81,1919.04,1160815.1,135
2019-05-07,603.81,607.77,617.3,593.79,596.06,3161.96,1901117.25,228
2019-05-08,596.06,598.08,607.62,587.17,593.24,759.11,451358.65,161
2019-05-09,593.24,593.84,596.26,582.92,590.23,1652.84,977811.25,103
2019-05-10,590.23,574.77,592.8,568.1,578.72,3698.4,2142314.85,347
2019-05-13,578.72,575.06,584.05,566.22,568.34,2282.4,1307996.05,124
2019-05-14,568.34,571.11,622.44,569.48,610.73,15769.29,9507669.25,732
2019-05-15,610.73,629.16,629.16,582.92,588.94,1345.15,811314.85,185
2019-05-16,588.94,584.94,627.38,582.87,621.4,5340.1,3270989.65,344
2019-05-17,621.4,607.67,634.29,601.2,632.27,5382.61,3350212.7,351
2019-05-20,632.27,634.29,635.03,602.68,606.19,1615.39,999486.75,221
2019-05-21,606.19,608.16,608.16,592.8,606.14,2147.78,1287903.3,156
2019-05-22,606.14,605.69,664.28,605.64,656.28,14581.03,9353187.45,754
2019-05-23,656.28,650.45,707.36,622.44,681.72,15830.02,10641467.4,1197
2019-05-24,681.72,673.32,712.35,670.9,706.02,6603.27,4630018.0,379
2019-05-27,706.02,706.02,719.26,694.61,697.62,5505.08,3868195.0,450
2019-05-28,697.62,708.24,708.29,695.55,697.62,2125.51,1484322.9,158
2019-05-29,697.62,695.55,741.0,695.55,720.05,9455.5,6875015.5,569
2019-05-30,720.05,686.81,731.12,686.81,716.35,12907.95,9262690.7,303
2019-05-31,716.35,746.48,746.53,671.84,676.38,2047.58,1413410.3,263
2019-06-03,676.38,676.38,713.33,646.74,685.57,4948.4,3370659.75,546
2019-06-04,685.57,672.83,686.66,662.95,678.51,1818.83,1236216.75,170
2019-06-06,678.51,663.93,673.81,654.25,660.77,813.77,540030.75,135
2019-06-07,660.77,657.21,675.69,628.66,634.69,4079.98,2632710.05,438
2019-06-10,634.69,679.74,679.74,624.41,636.42,2852.24,1822367.8,270
2019-06-11,636.42,632.32,632.32,613.84,626.19,1804.66,1123357.25,214
2019-06-12,626.19,630.0,632.32,614.78,617.55,1546.56,962030.9,195
2019-06-13,617.55,619.87,619.87,610.68,612.8,712.55,437058.75,77
2019-06-14,612.8,616.71,616.71,602.68,614.83,996.97,609975.15,109
2019-06-17,614.83,617.55,624.36,612.06,618.49,1768.23,1091053.4,116
2019-06-18,618.49,613.55,622.44,613.55,618.39,1136.64,703760.5,78
2019-06-19,618.39,615.97,619.67,574.03,583.31,2290.49,1360324.55,360
2019-06-20,583.31,590.53,590.57,555.25,582.82,2008.11,1160339.95,142
2019-06-21,582.82,617.45,624.22,575.06,591.02,2255.07,1338556.1,160
2019-06-24,591.02,594.18,639.93,585.88,614.78,2454.46,1492118.95,141
2019-06-25,614.78,637.26,650.5,612.56,637.16,2651.83,1694128.8,258
2019-06-26,637.16,646.89,646.94,608.65,621.3,1168.02,725093.8,131
2019-06-27,621.3,629.25,649.81,603.96,610.73,1454.46,894876.3,107
2019-06-28,610.73,617.84,640.22,598.33,629.9,2544.54,1597112.6,393
2019-07-01,629.9,639.43,639.43,629.35,632.37,1108.3,701682.6,105
2019-07-02,632.37,647.14,647.14,629.35,641.06,1690.29,1079879.35,171
2019-07-03,641.06,641.01,666.3,630.88,646.74,3149.81,2009526.0,205
2019-07-04,646.74,645.46,645.46,632.32,642.99,1325.92,851225.35,101
2019-07-05,642.99,648.42,648.42,632.32,637.01,545.55,350018.55,92
2019-07-08,637.01,622.44,642.2,608.9,619.23,1576.93,968725.85,144
2019-07-09,619.23,603.67,619.72,593.0,608.61,1441.3,869287.65,217
2019-07-10,608.61,613.15,618.88,603.67,608.36,513.16,313609.15,120
2019-07-11,608.36,610.63,610.63,553.28,589.14,1626.52,961652.9,169
2019-07-12,589.14,587.86,595.71,576.2,582.57,1841.1,1070539.6,103
2019-07-15,582.57,587.71,593.34,578.97,582.37,856.28,499517.95,112
2019-07-16,582.37,593.0,609.94,583.02,589.69,130.57,77527.95,55
2019-07-17,589.69,597.69,608.11,588.85,597.1,1217.62,725453.3,125
2019-07-18,597.1,596.7,596.75,579.16,582.67,622.47,366505.65,35
2019-07-19,582.67,600.6,600.6,518.65,553.57,4833.02,2628225.95,534
2019-07-22,553.57,549.33,553.23,543.35,547.2,4702.45,2558194.55,106
2019-07-23,547.2,547.2,650.1,533.52,614.93,6673.1,3972930.4,490
2019-07-24,614.93,610.48,619.47,583.91,584.89,757.09,451150.2,169
2019-07-25,584.89,579.21,591.81,575.11,584.65,145.75,85236.15,46
2019-07-26,584.65,578.42,595.61,578.42,587.36,493.93,289840.8,56
2019-07-29,587.36,579.31,592.65,553.28,577.73,1239.88,704375.15,150
2019-07-30,577.73,585.73,589.83,574.32,576.0,708.5,410291.0,54
2019-07-31,576.0,574.42,591.81,568.39,579.06,725.71,417769.75,58
2019-08-01,579.06,568.1,589.83,568.1,587.51,565.79,328321.7,46
2019-08-02,587.51,576.45,577.98,560.19,568.2,1627.54,923715.65,108
2019-08-05,568.2,581.49,581.63,548.34,561.53,633.61,355701.2,76
2019-08-06,561.53,577.98,585.04,564.74,578.22,437.25,252014.1,44
2019-08-07,578.22,605.25,606.38,573.09,598.63,1450.41,863890.3,100
2019-08-08,598.63,595.47,612.56,572.84,580.5,387.65,226316.3,106
2019-08-09,580.5,587.81,595.76,584.89,589.98,721.66,425513.4,64
2019-08-13,589.98,576.1,583.12,553.28,571.56,1164.98,667624.75,80
2019-08-14,571.56,571.56,577.98,568.1,571.46,2277.34,1304881.25,46
2019-08-16,571.46,569.97,592.8,558.61,567.31,3337.06,1892003.65,120
2019-08-19,567.31,566.12,575.71,540.58,548.78,5418.04,3009445.4,229
2019-08-20,548.78,546.36,565.87,546.36,558.81,2419.04,1342580.35,120
2019-08-21,558.81,558.22,563.16,542.06,547.65,402.84,222489.8,51
2019-08-22,547.65,539.5,553.23,528.87,533.91,581.99,311412.5,104
2019-08-23,533.91,524.63,549.33,514.89,534.65,1202.43,639705.4,151
2019-08-26,534.65,536.53,543.2,528.87,529.81,3797.59,2031457.55,126
2019-08-27,529.81,525.76,543.4,516.72,532.83,1408.91,750080.6,112
2019-08-28,532.83,533.67,543.4,526.6,533.52,948.38,506073.55,110
2019-08-29,533.52,526.75,533.86,501.51,533.42,1823.89,970934.5,112
2019-08-30,533.42,518.7,531.49,515.04,523.34,1395.75,730617.95,174
2019-09-03,523.34,524.63,537.47,518.7,529.66,527.33,278654.25,64
2019-09-04,529.66,527.1,533.47,519.74,523.98,1205.47,630899.6,102
2019-09-05,523.98,523.64,533.52,495.28,500.32,4562.77,2313419.35,218
2019-09-06,500.32,499.93,527.44,495.08,508.67,3638.68,1856931.25,151
2019-09-09,508.67,518.6,528.68,505.01,527.49,2377.54,1226776.9,70
2019-09-11,527.49,537.47,563.16,514.75,544.88,4640.71,2466132.0,154
2019-09-12,544.88,533.52,556.04,523.69,545.08,507.09,273388.85,67
2019-09-13,545.08,551.1,551.3,530.85,550.12,615.39,337993.25,47
2019-09-16,550.12,538.56,545.37,529.02,538.66,187.25,100985.9,40
2019-09-17,538.66,533.52,545.92,529.07,535.84,803.65,429155.15,59
2019-09-18,535.84,530.55,545.37,524.63,540.43,682.19,365578.75,79
2019-09-19,540.43,534.56,538.46,518.7,527.64,483.81,256222.95,51
2019-09-20,527.64,528.63,548.34,523.64,541.47,1310.73,711285.35,81
2019-09-23,541.47,543.55,573.04,540.88,560.29,1628.55,902962.75,217
2019-09-24,560.29,572.05,572.99,553.38,563.36,1306.69,732048.45,210
2019-09-25,563.36,568.15,586.87,553.08,570.17,4120.46,2334432.35,586
2019-09-26,570.17,579.71,582.92,543.6,563.36,1738.87,985379.9,333
2019-09-27,563.36,567.65,582.92,546.41,562.66,3529.37,1986636.0,278
2019-09-30,562.66,553.28,602.68,545.82,588.4,2188.27,1235079.5,110
2019-10-01,588.4,573.04,573.04,533.52,538.7,1341.1,737148.5,303
2019-10-03,538.7,543.35,543.4,523.79,534.51,1205.47,648291.45,837
2019-10-04,534.51,518.7,543.4,518.7,535.59,850.21,451741.5,436
2019-10-07,535.59,528.58,543.3,495.92,526.65,871.46,452332.8,162
2019-10-09,526.65,533.52,538.46,515.88,525.91,4853.26,2552505.7,473
2019-10-10,525.91,536.98,538.46,498.94,529.62,4291.51,2253383.75,857
2019-10-11,529.62,519.83,532.53,516.87,523.64,17253.1,9036978.7,589
2019-10-14,523.64,519.78,539.45,519.69,537.27,867.41,460773.35,427
2019-10-15,537.27,546.36,546.36,523.54,528.63,5204.47,2755493.3,756
2019-10-16,528.63,536.38,542.31,523.64,531.54,1732.8,921672.6,374
2019-10-17,531.54,528.58,533.52,516.03,521.32,2941.31,1540671.7,352
2019-10-18,521.32,521.66,542.41,509.9,532.78,3670.06,1901278.8,189
2019-10-22,532.78,525.61,544.39,494.0,517.17,14011.19,7416601.75,1145
2019-10-23,517.17,519.24,525.61,493.01,496.96,7214.6,3653008.15,317
2019-10-24,496.96,504.87,514.55,494.0,499.43,6505.09,3264384.25,202
2019-10-25,499.43,505.9,508.27,492.02,493.65,5724.72,2850427.75,252
2019-10-29,504.17,495.08,513.61,475.42,489.95,7704.48,3805369.65,684
2019-10-30,489.95,490.05,500.52,467.12,488.86,11668.06,5647277.65,564
2019-10-31,488.86,489.06,499.04,489.06,493.95,2750.01,1361860.0,99
2019-11-01,493.95,498.0,501.36,491.78,497.95,934.21,463717.25,82
2019-11-04,497.95,489.11,503.43,489.11,498.44,935.23,466058.15,165
2019-11-05,498.44,494.05,525.56,494.05,513.21,6416.02,3294922.15,339
2019-11-06,513.21,507.34,508.87,493.11,496.22,3729.77,1860428.3,171
2019-11-07,496.22,501.41,502.79,495.83,496.96,1616.4,806769.45,86
2019-11-08,496.96,508.82,562.17,498.94,503.83,4323.9,2221077.15,464
2019-11-11,503.83,500.07,501.26,489.06,491.23,3708.52,1827137.1,267
2019-11-13,491.23,492.02,497.95,487.38,489.45,149558.28,73484956.45,158
2019-11-14,489.45,486.09,489.6,479.18,480.86,51731.99,25293281.3,111
2019-11-15,480.86,494.0,542.36,475.92,489.9,14784.47,7521323.25,1581
2019-11-18,489.9,489.9,494.0,468.41,479.23,6837.07,3279867.95,403
2019-11-19,479.23,472.26,479.08,462.43,465.69,4818.84,2277339.8,311
2019-11-20,465.69,477.7,477.7,454.48,473.2,3233.82,1509332.3,340
2019-11-21,473.2,472.26,473.2,460.41,461.2,1045.55,487168.65,172
2019-11-22,461.2,461.2,484.81,461.2,466.19,1183.2,558224.4,263
2019-11-25,466.19,464.41,479.18,464.41,470.98,5008.12,2379841.25,301
2019-11-26,470.98,469.3,473.25,461.79,468.66,4837.06,2260616.8,161
2019-11-27,468.66,471.22,490.34,471.22,480.02,3372.48,1617417.55,152
2019-11-28,480.02,477.25,477.25,470.29,474.49,1201.42,568094.2,70
2019-11-29,474.49,470.78,479.38,469.59,479.03,7875.54,3770369.2,179
2019-12-02,479.03,470.98,479.28,470.93,479.03,1059.72,502299.45,39
2019-12-03,479.03,479.08,479.08,471.57,472.66,309.72,146845.7,31
2019-12-04,472.66,478.98,479.03,470.29,473.55,742.92,351067.0,57
2019-12-05,473.55,469.3,483.53,469.3,479.18,7759.14,3711532.05,126
2019-12-06,479.18,470.83,478.19,455.76,461.34,2186.24,1009779.05,202
2019-12-09,461.34,456.06,468.06,456.06,464.51,1164.98,540024.1,70
2019-12-10,464.51,473.65,473.65,447.56,455.32,543.52,251127.6,253
2019-12-11,455.32,450.53,459.91,435.95,437.98,1425.11,636413.2,374
2019-12-12,437.98,438.67,464.31,438.67,451.86,103232.19,45913515.05,128
2019-12-13,451.86,460.41,474.24,460.41,467.08,748.99,351175.5,106
2019-12-16,467.08,467.57,467.57,459.42,461.44,191.3,88820.3,35
2019-12-17,461.44,473.25,480.17,469.3,474.24,1207.49,572331.6,58
2019-12-18,474.24,472.26,476.12,460.9,461.94,1441.3,676727.15,337
2019-12-19,461.94,465.79,469.3,443.61,454.82,5243.95,2416909.05,573
2019-12-20,454.82,461.89,465.35,451.22,456.11,5685.25,2607091.35,377
2019-12-23,456.11,459.42,464.36,438.67,445.93,6745.98,3090195.7,309
2019-12-24,445.93,454.48,462.33,439.76,441.63,5027.35,2259794.55,278
2019-12-26,441.63,446.57,446.57,438.67,440.15,1202.43,533063.6,151
2019-12-27,440.15,449.54,449.54,436.1,440.6,2846.17,1252084.45,215
2019-12-30,440.6,438.67,447.56,428.79,433.24,5045.57,2218230.55,269
2019-12-31,433.24,436.69,448.55,428.84,443.71,6100.23,2647699.9,300
2020-01-01,443.71,448.55,449.29,436.69,447.71,2438.27,1079477.6,142
2020-01-02,447.71,440.7,467.32,427.01,457.0,5234.84,2323379.35,393
2020-01-03,457.0,464.36,478.19,456.4,476.12,4794.55,2243609.7,232
2020-01-06,476.12,476.12,480.31,465.0,467.52,3316.81,1563581.35,190
2020-01-07,467.52,449.54,476.46,449.54,466.14,4025.32,1885485.9,338
2020-01-08,466.14,466.33,476.81,456.65,457.79,5858.32,2737982.7,303
2020-01-09,457.79,473.2,477.75,461.15,466.04,5231.8,2459661.3,414
2020-01-10,466.04,469.3,475.82,456.45,458.28,3236.85,1512091.0,318
2020-01-13,458.28,459.42,471.22,453.49,462.33,1379.56,639618.15,213
2020-01-14,462.33,463.91,469.3,457.99,460.16,391.7,181826.2,131
2020-01-15,460.16,460.41,469.1,455.22,459.67,1504.05,691725.05,153
2020-01-16,459.67,459.42,533.47,459.42,487.23,39209.67,19441795.6,2532
2020-01-17,487.23,479.18,491.43,469.3,473.74,16743.99,8094708.5,898
2020-01-20,473.74,472.26,482.14,460.5,466.98,4261.15,2017309.8,316
2020-01-21,466.98,470.19,475.18,458.58,462.53,6098.2,2863129.85,456
2020-01-22,462.53,470.29,473.89,464.36,464.9,3030.38,1416321.85,278
2020-01-23,464.9,466.33,471.22,456.55,459.32,1967.62,910788.25,214
2020-01-24,459.32,459.42,478.19,455.91,466.58,2423.09,1130098.1,304
2020-01-27,466.58,467.08,479.18,467.08,472.16,7614.4,3612252.4,209
2020-01-28,472.16,482.78,482.78,462.38,465.89,2730.78,1296212.3,153
2020-01-29,465.89,474.09,474.09,462.38,465.25,2294.54,1074730.4,213
2020-01-30,465.25,470.29,471.32,457.49,459.07,1053.65,489509.0,115
2020-01-31,459.07,465.35,466.48,458.53,461.05,790.49,364243.2,71
2020-02-03,460.85,460.36,468.31,435.71,439.66,4849.21,2160900.75,263
2020-02-04,439.66,435.71,463.32,435.71,438.28,3055.68,1371032.8,297
2020-02-05,438.28,450.48,459.32,420.99,424.69,6686.26,2928314.95,552
2020-02-06,424.69,414.12,457.44,414.12,448.5,18439.34,7898596.5,997
2020-02-07,448.5,448.5,476.71,432.79,469.84,21338.14,9875820.95,824
2020-02-10,469.84,479.72,479.72,459.42,470.34,6711.57,3175299.35,254
2020-02-11,470.34,473.74,474.19,455.56,460.36,894.74,417000.6,141
2020-02-12,460.36,464.31,466.83,454.58,454.73,591.1,272277.25,51
2020-02-13,454.73,453.49,461.05,439.81,441.19,1394.74,624687.15,257
2020-02-14,441.19,437.68,449.54,437.68,447.22,295.55,131496.5,95
2020-02-17,447.22,436.69,451.56,436.69,450.48,4136.66,1858710.9,145
2020-02-18,450.48,450.53,450.53,434.77,440.5,7365.41,3250046.15,1355
2020-02-19,440.5,441.63,459.32,428.79,436.25,25818.93,11267538.3,363
2020-02-20,436.25,430.77,443.96,429.23,438.47,4404.88,1920843.9,278
2020-02-24,438.47,435.85,443.61,432.74,433.73,2608.31,1140808.35,172
2020-02-25,433.73,438.67,439.66,424.84,430.77,5355.28,2321713.6,459
2020-02-26,430.77,425.83,436.84,413.97,419.6,4522.29,1933705.65,247
2020-02-27,419.6,417.97,429.78,410.02,416.59,31709.64,13157602.9,449
2020-02-28,416.59,415.95,424.84,406.71,414.17,3742.93,1554936.9,432
2020-03-02,414.17,414.96,417.97,400.73,407.3,1755.07,726853.0,102
2020-03-03,407.3,415.9,416.24,411.4,414.12,320.85,133149.45,53
2020-03-04,414.12,413.97,415.65,410.86,414.56,95.14,39290.45,40
2020-03-05,414.56,410.02,414.02,395.2,399.0,1717.62,694230.3,354
2020-03-06,399.0,395.3,413.97,392.23,404.34,7026.34,2819668.9,671
2020-03-09,404.34,408.98,409.03,371.49,380.08,4960.55,1902515.4,679
2020-03-11,380.08,375.59,410.02,371.19,403.15,8245.98,3254259.5,833
2020-03-12,403.15,414.96,414.96,370.5,374.6,3849.21,1501117.05,522
2020-03-13,374.6,374.45,394.21,350.79,361.41,3996.98,1508577.85,427
2020-03-16,361.41,360.62,388.43,345.8,360.27,3832.0,1351389.0,774
2020-03-17,360.27,367.09,412.98,350.39,373.51,10283.44,4014881.6,1323
2020-03-18,373.51,366.45,374.45,321.1,333.05,4027.34,1374066.55,860
2020-03-19,333.05,321.59,334.39,290.08,304.2,7036.47,2226551.15,1293
2020-03-20,304.2,313.19,329.0,276.84,305.78,8799.63,2718013.8,1810
2020-03-23,305.78,305.14,305.29,274.61,295.86,114028.79,32754980.1,322
2020-03-24,295.86,295.41,295.41,266.76,275.55,3718.64,1032784.65,216
2020-03-25,275.55,285.53,291.46,258.06,284.44,1828.95,499783.75,146
2020-03-26,284.44,271.3,340.86,270.81,319.52,2459.52,718206.85,204
2020-03-27,319.52,340.86,383.34,271.7,276.49,518586.06,143643663.95,815
2020-03-30,276.49,277.63,300.3,247.99,269.18,9303.68,2539839.45,366
2020-03-31,269.18,286.47,286.47,266.71,274.07,5383.62,1481525.75,201
2020-04-01,274.07,278.96,291.46,265.82,274.81,3190.3,877627.75,203
2020-04-03,274.81,268.73,281.58,266.71,271.06,112450.85,30561628.75,242
2020-04-07,271.06,279.55,282.27,251.99,261.97,124704.95,34758744.4,397
2020-04-08,261.97,266.66,286.32,263.7,268.78,99949.79,27894962.7,343
2020-04-09,268.78,260.83,266.76,260.34,261.72,16326.99,4288117.65,530
2020-04-13,261.72,267.75,271.01,259.69,261.52,7115.41,1879327.5,356
2020-04-15,261.52,261.82,273.43,256.93,260.49,39995.1,10771963.75,679
2020-04-16,260.49,252.14,289.14,252.14,278.12,27827.03,7515041.6,1050
2020-04-17,278.12,293.43,333.75,279.6,315.12,45836.21,14451704.75,1954
2020-04-20,315.12,318.13,330.93,304.85,311.02,12403.9,3923391.65,611
2020-04-21,311.02,294.57,330.83,292.79,315.71,21130.65,6687948.1,3335
2020-04-22,315.71,320.16,330.93,315.17,318.97,8348.21,2697271.2,862
2020-04-23,318.97,323.32,324.51,308.3,319.52,7667.03,2448260.15,1433
2020-04-24,319.52,319.57,331.92,315.71,322.19,5014.19,1615496.45,889
2020-04-27,322.19,339.33,339.33,314.48,320.6,6678.16,2153841.6,2542
2020-04-28,320.6,308.25,334.93,308.25,323.91,2136.65,697677.4,371
2020-04-29,323.91,329.99,344.71,320.95,337.2,3315.8,1102189.35,638
2020-04-30,337.2,357.65,366.0,301.93,327.13,20203.52,6819242.75,1358
2020-05-04,327.13,345.75,345.75,311.52,316.95,8370.48,2713894.6,1212
2020-05-05,316.95,327.03,327.97,319.62,321.89,2821.87,911566.25,440
2020-05-06,321.89,313.94,329.79,308.4,319.81,3299.61,1050804.9,755
2020-05-07,319.81,317.99,327.92,317.99,320.8,890.69,287131.25,226
2020-05-08,320.8,309.24,341.45,300.45,319.67,3637.67,1161218.3,802
2020-05-11,319.67,317.15,326.04,307.27,316.55,2725.72,869378.45,660
2020-05-12,316.55,314.13,327.62,311.22,319.42,1342.11,425530.55,490
2020-05-13,319.42,327.03,329.99,319.42,322.73,7571.89,2456477.2,659
2020-05-14,322.73,334.88,334.88,311.22,324.26,1899.81,608273.55,263
2020-05-15,324.26,335.57,335.57,314.18,323.82,6611.36,2145590.65,742
2020-05-18,323.82,335.57,335.62,312.21,319.17,3368.43,1080530.05,434
2020-05-19,319.17,324.11,336.31,318.13,329.84,7649.83,2509018.45,807
2020-05-20,329.84,329.0,335.38,322.09,327.77,2014.18,663276.8,220
2020-05-21,327.77,336.91,365.56,328.26,351.63,26985.94,9422425.5,2017
2020-05-22,351.63,355.63,355.68,334.44,337.1,13703.5,4697206.2,846
2020-05-26,337.1,344.86,351.04,316.55,321.25,6024.32,1978509.9,558
2020-05-27,321.25,317.2,329.05,312.21,323.17,5934.23,1910825.3,498
2020-05-28,323.17,325.54,329.45,321.1,325.05,1263.16,409842.45,233
2020-05-29,325.05,325.05,331.67,321.1,328.11,2473.69,806954.8,333
2020-06-01,328.11,330.98,343.13,329.2,335.97,4203.46,1408026.95,480
2020-06-02,335.97,345.75,349.75,335.87,347.18,4349.21,1494569.4,460
2020-06-03,347.18,345.9,359.24,343.87,349.21,3167.02,1113952.2,267
2020-06-04,349.21,355.58,356.52,332.07,341.65,4821.88,1644478.6,365
2020-06-05,341.65,355.63,356.42,342.88,350.74,5393.75,1907333.5,323
2020-06-08,350.74,357.56,364.57,347.77,353.75,2541.51,906830.1,337
2020-06-09,353.75,352.76,352.76,336.02,338.14,2878.55,986865.5,215
2020-06-10,338.14,338.93,347.43,338.88,344.46,1545.55,528953.8,160
2020-06-11,344.46,338.98,342.79,334.29,336.51,6191.32,2082333.95,166
2020-06-12,336.51,318.73,344.66,318.73,340.17,3963.58,1306404.3,291
2020-06-15,340.17,350.74,350.74,332.02,336.66,1890.7,636643.5,198
2020-06-16,336.66,343.72,347.73,336.96,338.88,1228.75,417269.2,201
2020-06-17,338.88,340.86,345.8,333.15,343.38,445.35,152373.95,119
2020-06-18,343.38,345.65,401.13,338.54,372.87,6503.06,2411277.95,557
2020-06-19,372.87,377.41,377.41,354.94,366.35,4116.41,1500437.45,639
2020-06-22,366.35,362.64,375.44,355.63,360.12,2514.18,920688.5,418
2020-06-23,360.12,362.05,371.78,360.62,370.25,1716.61,629643.05,204
2020-06-24,370.25,370.5,372.47,351.33,370.5,2188.27,807528.1,182
2020-06-25,370.5,370.45,384.23,356.67,373.02,1869.44,695452.4,254
2020-06-26,373.02,377.41,378.4,361.61,369.56,1087.05,404420.95,192
2020-06-29,369.56,369.61,378.3,361.61,372.23,4871.48,1807508.7,529
2020-06-30,372.23,375.29,418.91,368.52,382.16,16395.81,6408359.55,1205
2020-07-01,382.16,385.02,434.72,381.61,385.52,4170.06,1633468.15,465
2020-07-02,385.52,400.14,400.14,380.48,385.37,1046.56,406822.35,209
2020-07-03,385.37,375.44,392.28,361.21,374.35,2668.03,1010522.1,316
2020-07-06,374.35,385.22,394.46,361.21,372.23,2023.29,751347.7,351
2020-07-07,372.23,365.71,380.38,365.56,374.25,560.73,211166.75,100
2020-07-08,374.25,379.39,381.86,361.61,369.96,662.96,248179.6,103
2020-07-09,369.96,371.04,380.23,370.6,372.67,261.13,97584.75,69
2020-07-10,372.67,377.46,395.2,373.07,384.68,1023.28,389245.1,131
2020-07-13,384.68,380.87,394.06,375.44,382.21,2455.48,936880.4,193
2020-07-14,382.21,383.74,414.86,370.5,374.85,4267.22,1643813.1,425
2020-07-15,374.85,383.29,395.2,373.46,376.87,3593.13,1379019.25,312
2020-07-16,376.87,382.21,382.21,361.8,370.05,3212.56,1178919.8,198
2020-07-17,370.05,371.54,387.29,359.24,384.82,3101.23,1170008.95,287
2020-07-20,384.82,388.18,389.91,381.37,386.11,1546.56,596116.35,128
2020-07-21,386.11,389.22,463.32,385.32,460.46,150025.9,67968608.3,4319
2020-07-22,460.46,462.38,552.54,375.44,552.54,410637.25,213529808.05,19582
2020-07-23,552.54,562.17,607.77,559.21,607.77,78422.38,47278264.3,1401
2020-07-24,607.77,604.65,631.53,549.72,600.85,161679.79,95803647.05,7852
2020-07-27,600.85,591.81,599.71,558.22,583.81,29062.87,16782080.7,2088
2020-07-28,583.81,581.93,581.93,543.55,554.36,22967.7,12874848.9,1692
2020-07-29,554.36,565.13,589.83,555.25,565.38,24078.03,13778199.8,1839
2020-07-30,566.87,569.59,579.25,551.36,555.87,12254.28,6855098.8,764
2020-07-31,555.87,546.01,567.61,544.93,559.29,3649.33,2018569.75,451
2020-08-03,559.29,554.73,615.21,544.83,605.9,67963.35,39126215.5,1036
2020-08-04,605.9,614.17,660.73,606.89,614.42,53942.45,34317100.15,2897
2020-08-05,614.42,630.91,648.69,565.78,596.04,21038.92,12932395.35,2136
2020-08-06,596.04,599.21,616.15,585.44,602.63,9176.32,5509685.25,653
2020-08-07,602.63,604.26,604.26,578.51,583.56,8311.19,4887704.5,522
2020-08-10,583.56,584.5,612.04,584.5,602.28,9627.57,5766277.15,680
2020-08-11,602.28,619.02,631.01,602.38,608.17,15480.63,9608264.9,653
2020-08-12,608.17,614.07,614.07,577.57,587.77,4933.41,2930780.8,298
2020-08-13,587.77,586.58,598.22,562.16,568.01,8811.9,5076292.15,639
2020-08-14,568.01,593.37,593.37,550.77,558.99,3495.89,1978323.0,578
2020-08-17,558.99,592.37,592.37,544.83,552.4,4985.9,2789521.4,725
2020-08-18,552.4,554.73,573.36,546.81,566.72,6810.06,3809419.85,888
2020-08-19,566.72,578.51,580.49,556.81,559.29,3795.71,2144024.7,594
2020-08-20,559.29,565.58,568.01,545.82,549.88,9730.54,5420545.35,539
2020-08-21,549.88,567.61,567.61,549.78,555.38,24164.32,13418947.75,436
2020-08-24,555.38,546.81,571.57,546.81,565.33,5306.92,2982107.7,235
2020-08-25,565.33,556.61,556.81,526.8,537.55,105314.73,57343466.85,2969
2020-08-26,537.55,563.65,591.28,544.83,591.28,134412.46,77171372.55,4451
2020-08-27,591.28,602.23,633.38,568.7,578.95,140647.11,85044471.1,5695
2020-08-28,578.95,586.43,609.21,561.91,572.41,20410.0,11754896.3,1548
2020-08-31,572.41,572.56,576.82,538.09,548.14,16728.37,9181207.3,1745
2020-09-01,548.14,551.76,584.45,517.58,537.79,11304.34,6070924.85,884
2020-09-02,537.79,544.78,568.3,540.86,563.45,13017.46,7296172.05,633
2020-09-03,563.45,573.55,579.5,550.62,560.18,14844.65,8508965.75,656
2020-09-04,560.18,560.18,572.31,544.48,562.26,6126.64,3423050.85,671
2020-09-07,562.26,546.81,571.37,544.73,549.23,4401.41,2417803.05,280
2020-09-08,549.23,546.81,557.9,522.04,534.03,8487.85,4618046.05,806
2020-09-09,534.03,520.06,569.59,518.13,534.33,23138.67,12686739.4,2015
2020-09-10,534.33,548.79,551.22,536.9,540.86,3319.23,1805648.95,340
2020-09-11,540.86,540.86,550.47,539.87,544.63,1467.81,799314.55,228
2020-09-14,544.63,543.84,579.5,543.84,569.39,38082.25,21425805.9,1828
2020-09-15,569.39,577.52,626.3,576.52,626.3,127723.54,78405679.15,5112
2020-09-16,626.3,648.84,671.97,599.31,605.65,106274.76,66344369.0,6375
2020-09-17,605.65,612.14,631.9,601.29,606.99,26130.82,16031898.5,2509
2020-09-18,606.99,613.18,614.07,590.39,593.91,11452.74,6895122.2,2094
2020-09-21,593.91,598.32,598.52,549.98,562.76,8183.99,4740003.9,1101
2020-09-22,562.76,562.66,584.55,532.2,575.53,18385.96,10384004.35,1612
2020-09-23,575.53,582.37,590.39,539.87,570.58,11117.59,6322534.3,1328
2020-09-24,570.58,575.24,575.24,544.83,559.34,6146.83,3436078.15,894
2020-09-25,559.34,560.28,569.74,556.51,565.78,7024.08,3957672.6,1245
2020-09-28,565.78,579.5,622.34,579.5,622.34,34362.26,20712988.7,2102
2020-09-29,622.34,625.11,653.79,609.26,644.78,36697.22,23276514.95,2808
2020-09-30,644.78,638.93,667.56,629.03,658.55,25398.94,16521969.7,2444
2020-10-01,658.55,662.71,671.62,629.03,640.96,16654.68,10753131.2,1751
2020-10-05,640.96,657.65,705.05,643.04,705.05,78341.99,54369696.05,3317
2020-10-06,705.05,730.07,742.94,695.5,713.67,75636.54,54866154.75,5008
2020-10-07,713.67,710.3,762.76,676.23,716.15,77956.36,55722897.75,4106
2020-10-08,716.15,713.23,724.77,681.53,686.88,21397.29,14955718.45,2666
2020-10-09,686.88,674.4,688.46,655.77,660.77,18461.68,12290115.35,2108
2020-10-12,660.77,677.52,677.52,648.89,651.27,5018.21,3303125.15,634
2020-10-13,651.27,663.7,692.23,651.56,678.95,12135.16,8183905.85,1219
2020-10-14,678.95,673.6,683.31,664.24,675.04,5504.79,3698090.25,946
2020-10-15,675.04,649.83,671.67,645.87,647.15,7924.55,5163395.05,1116
2020-10-16,647.15,663.65,672.61,635.27,649.83,8707.92,5718892.6,1358
2020-10-19,649.83,658.94,673.6,648.05,657.8,4015.78,2641100.6,820
2020-10-20,657.8,662.71,683.31,653.79,668.8,10701.67,7117633.4,1448
2020-10-21,668.8,668.85,722.54,666.92,681.87,34548.0,24069048.4,3313
2020-10-22,681.87,688.02,697.38,665.33,671.37,5188.81,3500128.05,752
2020-10-23,671.37,678.06,684.75,655.33,665.68,6054.96,4066271.7,653
2020-10-26,665.68,672.27,672.27,649.83,654.68,3823.97,2521365.35,589
2020-10-27,654.68,660.73,667.66,647.9,657.65,3037.58,1994875.6,429
2020-10-28,657.65,669.15,670.98,629.03,639.18,7600.5,4927957.35,981
2020-10-29,639.18,636.9,653.49,608.17,639.43,6285.13,4001896.55,966
2020-10-30,639.43,636.9,656.76,633.98,645.52,4317.62,2782554.35,665
2020-11-02,645.52,667.66,667.66,623.97,630.41,2741.79,1741490.15,401
2020-11-03,630.41,636.65,643.74,596.19,626.95,17841.84,11066204.8,1516
2020-11-04,626.95,638.93,653.79,624.62,649.68,6065.06,3880858.2,806
2020-11-05,649.68,669.64,678.56,654.78,666.72,11256.9,7530192.15,1559
2020-11-06,666.72,683.51,690.44,638.93,653.59,39928.62,26180625.7,3255
2020-11-09,653.59,661.42,666.67,644.97,648.1,4488.22,2927366.15,1032
2020-11-10,648.1,653.3,658.5,628.04,631.95,38647.57,24502551.35,1771
2020-11-11,631.95,634.03,640.81,619.42,631.21,4143.98,2610427.75,495
2020-11-12,631.21,631.21,640.91,616.15,632.74,13489.9,8526945.9,755
2020-11-13,632.74,633.98,638.44,628.13,631.7,5798.55,3659626.05,495
2020-11-17,642.94,653.74,653.74,626.25,634.23,10154.53,6450004.8,2249
2020-11-18,634.23,629.13,641.21,627.44,635.07,4929.37,3127128.1,307
2020-11-19,635.07,626.25,636.75,612.93,616.79,6391.12,3992332.15,694
2020-11-20,616.79,622.88,630.91,609.36,624.02,4659.84,2895737.05,378
2020-11-23,624.02,628.63,686.38,611.05,680.69,965215.1,617307692.9,2496
2020-11-24,680.69,708.27,728.09,698.37,724.12,82030.69,58783116.4,4748
2020-11-25,724.12,724.12,747.65,693.41,702.92,25756.3,18541988.6,2344
2020-11-26,702.92,703.42,716.69,699.9,706.44,4165.18,2953767.85,391
2020-11-27,706.44,711.39,732.05,685.69,724.32,16006.58,11371535.8,1391
2020-12-01,724.32,713.62,726.1,698.47,705.7,6816.12,4870998.15,727
2020-12-02,705.7,703.37,723.48,703.32,714.61,5753.12,4122828.25,601
2020-12-03,714.61,723.13,786.04,660.73,786.04,81007.06,62393458.85,4342
2020-12-04,786.04,817.39,864.64,799.46,864.64,105010.87,88842022.35,6088
2020-12-07,864.64,872.12,908.37,836.9,845.37,90152.09,79012399.1,5921
2020-12-08,845.37,855.53,881.63,792.47,818.03,34132.09,28091374.45,2416
2020-12-09,818.03,831.11,831.11,785.59,792.42,21583.04,17273744.45,2270
2020-12-10,792.42,792.42,858.84,790.54,839.53,65421.44,54602709.75,3948
2020-12-11,839.53,850.82,875.39,812.29,820.11,36457.97,30805368.45,2537
2020-12-14,820.11,828.23,858.84,807.33,848.05,61436.96,50925642.45,2069
2020-12-15,848.05,848.05,857.56,832.59,838.44,17858.0,15036793.5,862
2020-12-16,838.44,845.92,854.78,830.22,832.94,9557.91,8021353.8,643
2020-12-17,832.94,835.07,843.94,810.3,819.81,7301.69,6040213.2,655
2020-12-18,819.81,808.37,827.14,800.0,809.91,6475.92,5258781.45,631
2020-12-21,809.91,826.1,826.1,749.88,783.91,26353.92,21035090.85,2004
2020-12-22,783.91,783.81,817.24,740.47,806.74,11704.1,9094619.05,1163
2020-12-23,806.74,836.06,836.06,771.57,796.39,46920.4,37412802.7,1110
2020-12-24,796.39,807.33,817.14,802.38,808.32,5107.04,4134867.2,288
2020-12-28,808.32,808.32,827.14,794.7,804.81,11332.61,9231156.9,659
2020-12-29,804.81,810.45,945.03,807.33,913.92,260408.75,235217614.15,12228
2020-12-30,913.92,935.02,960.78,902.73,915.7,93969.0,87312681.45,6442
2020-12-31,915.7,916.3,921.6,895.69,901.69,14371.19,12970546.2,1233
2021-01-01,901.69,907.98,922.24,896.49,911.94,9424.66,8572657.1,793
2021-01-04,911.94,917.29,922.24,876.62,888.51,17100.87,15365499.6,1603
2021-01-05,888.51,888.61,924.97,876.72,898.96,34837.73,31463010.2,2352
2021-01-06,898.96,899.11,905.4,844.13,862.36,40577.73,35435152.2,2579
2021-01-07,862.36,876.67,881.53,858.5,861.62,9784.04,8476553.15,1047
2021-01-08,861.62,863.9,869.74,834.08,842.15,15182.83,12923672.45,1353
2021-01-11,842.15,843.14,856.66,816.15,820.36,14816.38,12270961.45,1370
2021-01-12,820.36,826.35,838.04,812.34,821.8,11899.95,9810624.15,1028
2021-01-13,821.8,824.27,840.02,795.1,805.8,12289.61,9972439.25,1246
2021-01-14,805.8,810.65,819.81,804.36,814.86,4481.16,3640898.6,444
2021-01-15,814.86,814.27,826.15,805.35,819.42,6419.39,5238485.1,664
2021-01-18,819.42,826.15,826.15,775.63,783.46,9628.58,7635348.25,1209
2021-01-19,783.46,779.6,822.14,779.6,809.17,5525.98,4467172.15,640
2021-01-20,809.17,813.28,842.35,812.29,824.32,11576.91,9615668.05,1146
2021-01-21,824.32,831.75,841.76,803.47,807.48,5276.64,4371256.95,581
2021-01-22,807.48,807.53,829.08,797.48,809.26,7489.46,6044772.5,605
2021-01-25,809.26,817.29,827.14,784.6,792.72,5139.35,4125652.2,862
2021-01-27,792.72,792.72,831.11,782.82,815.31,26658.79,21702474.55,776
2021-01-28,815.31,812.04,842.0,804.76,832.2,21565.88,17912210.45,1017
2021-01-29,832.2,840.22,849.38,792.33,811.44,9111.72,7452893.6,678
2021-02-01,811.44,819.47,831.11,800.94,817.49,3683.65,2980392.95,530
2021-02-02,817.49,817.24,841.95,802.38,820.21,6470.87,5321860.95,687
2021-02-03,820.21,827.14,842.0,813.43,836.51,6502.17,5417691.85,628
2021-02-04,836.51,841.01,880.64,837.05,854.78,31031.93,26584928.3,2097
2021-02-05,854.78,865.78,888.56,837.05,846.11,54941.86,47907535.15,2793
2021-02-08,846.11,854.49,868.9,842.0,848.79,20132.39,17098618.2,972
2021-02-09,848.79,848.79,863.85,843.24,851.27,10938.91,9340175.65,594
2021-02-10,851.27,851.27,869.74,844.98,865.28,9379.23,8031251.35,901
2021-02-11,865.28,882.67,909.36,882.67,894.01,32832.87,29444257.5,2746
2021-02-12,894.01,903.32,926.2,884.6,898.67,13757.42,12467077.95,1610
2021-02-15,898.67,916.3,925.21,901.34,910.06,11993.83,10885014.75,1118
2021-02-16,910.06,916.3,922.19,891.53,896.83,9473.12,8602806.2,1010
2021-02-17,896.83,918.28,918.28,895.59,897.77,9331.79,8440208.0,758
2021-02-18,897.77,904.36,907.09,845.92,855.53,179280.55,155956517.55,2825
2021-02-19,855.53,854.88,854.88,806.34,817.14,34250.2,28199881.8,4032
2021-02-22,817.14,807.33,816.25,794.46,804.46,14411.57,11594631.4,1201
2021-02-23,804.46,802.53,965.33,802.53,965.33,135937.81,125409645.45,7734
2021-02-24,965.33,1020.31,1143.14,977.32,1070.24,370061.29,398901035.35,26128
2021-02-25,1070.24,1087.52,1230.32,1041.11,1178.76,272013.93,311371215.85,21057
2021-02-26,1178.76,1154.04,1158.89,1042.3,1091.39,146043.88,163975859.85,13162
2021-03-01,1091.39,1117.39,1138.19,1100.55,1119.07,32690.53,36649249.05,3411
2021-03-02,1119.07,1137.84,1149.09,1089.65,1101.59,23454.65,26077549.45,3472
2021-03-03,1101.59,1101.64,1124.37,1075.34,1080.49,50621.21,55121131.05,4184
2021-03-04,1080.49,1050.08,1082.72,990.69,1035.76,80530.58,83808778.0,3632
2021-03-05,1035.76,1012.39,1134.13,996.98,1019.62,45082.1,47712964.8,5650
2021-03-08,1019.62,1069.74,1069.74,983.51,999.9,14237.94,14531913.95,1822
2021-03-09,999.9,1014.66,1079.75,991.73,1029.77,26639.61,27649877.15,3588
2021-03-10,1029.77,1020.36,1108.42,1020.36,1055.67,28466.8,30530550.25,3172
2021-03-12,1055.67,1088.66,1099.56,1040.12,1053.45,10120.2,10830693.55,1622
2021-03-15,1053.45,1057.46,1075.98,1007.98,1039.33,11780.83,12206906.65,2415
2021-03-16,1039.33,1089.65,1129.28,1042.3,1052.31,55620.24,60155636.3,7025
2021-03-17,1052.31,1040.12,1081.28,1000.5,1004.51,19276.34,19847993.9,2479
2021-03-18,1004.51,1018.33,1046.07,964.69,1010.8,41574.1,41799708.25,5281
2021-03-19,1010.8,1001.49,1054.98,960.87,975.39,60253.83,60831388.15,5794
2021-03-22,975.39,981.58,1034.18,965.78,981.53,41378.26,41765964.4,4379
2021-03-23,981.53,990.59,1014.07,953.89,969.69,19360.13,19025368.85,3530
2021-03-24,969.69,972.76,999.46,911.39,934.38,23196.21,22148983.05,3217
2021-03-25,934.38,928.19,943.54,886.58,899.61,20114.22,18334859.55,4174
2021-03-26,899.61,902.43,1020.31,896.49,960.73,175879.56,163208419.95,10021
2021-03-30,960.73,975.63,988.31,927.19,936.41,21480.07,20388788.75,4375
2021-03-31,936.41,940.57,970.78,940.57,950.47,25852.2,24674474.1,1985
2021-04-01,950.47,947.11,974.69,942.8,951.61,24733.68,23712901.7,2120
2021-04-05,951.61,980.69,983.31,921.35,929.13,14053.2,13194830.25,2487
2021-04-06,929.13,936.11,955.92,933.63,942.45,9124.84,8625447.65,1989
2021-04-07,942.45,941.06,954.93,935.07,945.62,14371.19,13579443.7,2368
2021-04-08,945.62,954.34,1057.11,931.16,1027.15,127492.36,127854675.05,10502
2021-04-09,1027.15,1040.02,1043.69,992.52,1015.36,37804.64,38530678.95,4204
2021-04-12,1015.36,1016.35,1034.18,921.25,929.97,26005.64,24860547.1,3340
2021-04-13,929.97,931.16,958.89,911.79,938.04,15220.18,14211177.45,1887
2021-04-15,938.04,957.9,957.9,906.74,931.31,16505.27,15243066.75,2534
2021-04-16,931.31,943.94,958.84,922.24,932.4,18636.32,17540978.6,2119
2021-04-19,932.4,931.16,931.16,883.06,893.81,83975.99,76366768.25,2625
2021-04-20,893.81,886.58,901.44,851.91,863.2,62769.49,55317379.9,4900
2021-04-22,863.2,866.77,911.15,858.89,874.25,206618.73,180498351.15,4786
2021-04-23,874.25,886.48,899.36,843.19,855.28,35168.85,30769404.9,3798
2021-04-26,855.28,834.23,855.23,827.14,841.81,42402.9,35714212.2,3915
2021-04-27,841.81,854.88,869.29,847.01,863.75,32235.25,27764713.85,2344
2021-04-28,863.75,876.48,922.24,868.7,896.19,37415.98,33645684.2,3649
2021-04-29,896.19,905.05,1008.13,853.15,934.03,114754.53,108070473.1,8056
2021-04-30,934.03,945.03,983.66,934.33,937.2,47453.41,45552430.55,3720
2021-05-03,937.2,945.03,975.73,937.2,969.84,21513.38,20727490.8,2030
2021-05-04,969.84,978.56,981.38,932.15,936.8,14796.19,14087035.3,1669
2021-05-05,936.8,937.1,967.41,937.1,951.91,16283.18,15562611.9,1612
2021-05-06,951.91,951.96,960.87,923.63,927.24,14584.2,13637049.5,1856
2021-05-07,927.24,929.18,939.78,911.35,918.23,10441.22,9656949.4,1456
2021-05-10,918.23,937.7,937.7,906.39,914.61,34043.26,31211233.7,2280
2021-05-11,914.61,905.5,926.2,897.48,908.62,16859.6,15385280.9,1371
2021-05-12,908.62,910.35,918.28,857.21,875.63,75142.89,67012624.75,4961
2021-05-14,875.63,878.66,878.66,834.43,843.04,46705.37,39629171.9,5288
2021-05-17,843.04,875.54,878.66,851.02,855.23,13882.6,12004102.0,1626
2021-05-18,855.23,855.18,873.7,846.91,852.7,27514.84,23732703.8,1871
2021-05-19,852.7,845.37,906.39,845.37,878.75,37562.36,33355898.7,3675
2021-05-20,878.75,893.71,905.1,856.91,864.89,19541.84,17263631.95,1541
2021-05-21,864.89,881.58,896.49,865.78,886.98,47647.23,42280836.45,1781
2021-05-24,886.98,893.22,896.49,876.67,884.15,20098.07,17896144.25,1492
2021-05-25,884.15,895.99,895.99,866.77,874.1,14568.05,12854077.15,1541
2021-05-26,874.1,861.82,891.53,861.82,876.08,13664.55,12061626.65,1441
2021-05-27,876.08,876.08,926.2,876.08,908.87,40692.81,36785283.95,3139
2021-05-28,908.87,916.94,933.14,908.08,914.56,17733.83,16276856.75,1937
2021-05-31,914.56,914.56,924.02,893.51,899.95,16291.26,14813941.7,2183
2021-06-01,899.95,891.53,916.3,876.67,878.41,21075.26,18734103.75,2053
2021-06-02,878.41,878.41,890.54,868.75,872.96,12937.71,11319049.45,1789
2021-06-03,872.96,889.55,920.26,877.42,887.92,38289.2,34515560.7,3290
2021-06-04,887.92,901.44,915.56,882.62,893.81,23472.82,21260068.65,2160
2021-06-07,893.81,905.4,953.74,891.53,931.11,55083.19,51553834.1,5262
2021-06-08,931.11,948.99,950.97,911.35,938.54,35695.8,33434140.3,3943
2021-06-09,938.54,950.97,970.78,928.28,955.28,59814.7,56776328.75,4479
2021-06-10,955.28,960.87,1050.03,947.4,1013.08,137550.99,138363584.35,11012
2021-06-11,1013.08,1028.14,1035.17,981.68,991.63,28321.43,28458848.3,3182
2021-06-14,991.63,992.57,1004.46,952.5,959.39,37537.12,36152774.25,4079
2021-06-15,959.39,971.67,1000.5,958.89,977.57,55520.3,54379173.6,3114
2021-06-16,977.57,983.71,999.56,941.41,954.49,14375.23,13938451.6,2400
2021-06-17,954.49,963.85,993.61,961.12,972.02,21248.9,20809483.3,2614
2021-06-18,972.02,969.79,987.62,932.59,957.56,12929.63,12364835.9,1814
2021-06-21,957.56,943.04,976.97,934.18,966.32,5671.35,5425833.2,910
2021-06-22,966.32,979.6,979.7,950.92,954.58,12211.88,11752551.35,3318
2021-06-23,954.58,963.1,967.12,926.2,933.44,11628.39,10952596.4,1689
2021-06-24,933.44,928.19,950.97,928.19,942.75,5812.68,5483540.3,1007
2021-06-25,942.75,944.03,988.61,944.03,953.3,26259.03,25519005.3,2704
2021-06-28,953.3,960.83,973.11,949.48,953.1,6862.56,6564520.7,1004
2021-06-29,953.1,952.16,985.64,950.97,969.99,18213.34,17658019.55,1728
2021-06-30,969.99,978.71,978.71,950.97,954.39,7349.14,7049396.9,971
2021-07-01,954.39,955.92,975.19,946.02,955.43,12171.5,11723266.9,1423
2021-07-02,955.43,969.79,969.79,936.11,940.86,27816.68,26403436.15,2295
2021-07-05,940.86,955.92,955.92,941.06,947.7,15953.08,15119805.3,1222
2021-07-06,947.7,946.02,1019.22,946.02,994.41,105062.36,104333433.6,8129
2021-07-07,994.41,1017.34,1073.8,991.58,1048.79,168579.89,175645522.0,17248
2021-07-08,1048.79,1050.03,1088.66,1041.36,1077.86,83131.04,88530852.5,10759
2021-07-09,1077.86,1088.66,1099.56,1040.17,1056.71,67771.55,72516908.0,5534
2021-07-12,1056.71,1066.87,1128.78,1040.42,1092.87,84693.74,93507844.5,8536
2021-07-13,1092.87,1107.19,1108.28,1065.43,1076.43,98470.34,107642959.65,2414
2021-07-14,1076.43,1074.79,1100.75,1074.79,1079.99,69791.55,75478248.75,4634
2021-07-15,1079.99,1079.75,1108.47,1062.66,1095.5,30425.22,33283781.75,3599
2021-07-16,1095.5,1114.42,1114.42,1085.69,1098.57,14541.8,15956192.5,1979
2021-07-19,1098.57,1114.42,1114.42,1079.75,1084.55,14999.1,16397872.55,1793
2021-07-20,1084.55,1065.88,1089.8,1042.45,1063.85,22571.34,23951996.3,2830
2021-07-22,1063.85,1063.9,1088.81,1034.23,1048.39,14236.93,15122571.85,1771
2021-07-23,1048.39,1061.32,1066.03,1028.43,1045.47,10315.04,10797227.7,2182
2021-07-26,1045.47,1049.63,1119.42,1049.63,1062.21,402077.48,441906674.2,13261
2021-07-27,1062.21,1118.38,1118.38,1072.61,1099.11,100888.09,110977979.15,10312
2021-07-28,1099.11,1124.32,1137.2,1081.73,1097.87,73119.86,81108404.55,5409
2021-07-29,1097.87,1111.05,1193.66,1105.15,1171.97,132961.82,153809476.75,9416
2021-07-30,1171.97,1190.69,1203.57,1115.01,1142.05,133847.15,158034457.05,13741
2021-08-02,1142.05,1151.66,1170.58,1136.85,1142.25,32643.08,37772785.9,2662
2021-08-03,1142.25,1158.99,1168.9,1129.28,1142.2,43949.45,50857417.1,3603
2021-08-04,1142.2,1152.65,1164.94,1100.85,1116.0,112009.71,127524097.7,9396
2021-08-05,1116.0,1119.96,1126.3,1065.04,1084.6,72863.45,79949961.5,8748
2021-08-06,1084.6,1087.27,1129.28,1083.61,1107.23,30493.87,33699576.5,5669
2021-08-09,1107.23,1114.81,1151.76,1100.9,1116.99,44613.7,50076967.2,9388
2021-08-10,1116.99,1112.44,1147.55,1063.7,1076.58,32503.77,36033955.7,4762
2021-08-11,1076.58,1086.68,1086.83,995.5,1032.0,47240.41,48665059.05,8835
2021-08-12,1032.0,1074.5,1172.37,1035.17,1118.73,252732.54,283572988.8,30793
2021-08-13,1118.73,1129.28,1183.46,1103.62,1113.38,124987.8,142151353.35,22182
2021-08-16,1113.38,1125.66,1125.66,1064.89,1068.8,46698.31,50585366.55,8858
2021-08-17,1068.8,1078.76,1100.3,1064.0,1078.06,42397.85,46026537.2,8974
2021-08-18,1078.06,1098.57,1161.47,1080.74,1113.92,87488.03,98754290.45,10902
2021-08-20,1113.92,1089.65,1110.21,1059.93,1077.91,54731.88,59058760.55,9921
2021-08-23,1077.91,1077.91,1134.23,1030.22,1035.52,69946.01,73684526.35,6794
2021-08-24,1035.52,1035.17,1071.62,1017.39,1039.33,40300.12,41979256.6,4934
2021-08-25,1039.33,1059.93,1061.87,1019.22,1021.75,58059.18,60647960.1,3918
2021-08-26,1021.75,1032.99,1032.99,1006.89,1012.83,12209.86,12456563.45,3047
2021-08-27,1012.83,1029.23,1042.1,968.7,985.39,69299.93,70196920.0,4712
2021-08-30,985.39,996.24,996.24,978.06,989.3,30148.62,29810919.55,2978
2021-08-31,989.3,995.55,1025.26,980.93,1011.44,49424.96,49130717.65,3927
2021-09-01,1011.44,1022.89,1053.0,1012.24,1022.14,32763.21,33811621.4,4294
2021-09-02,1022.14,1012.48,1045.08,1002.68,1013.33,33770.69,34623282.05,4424
2021-09-03,1013.33,1013.38,1031.11,999.51,1006.0,18387.98,18622409.1,3116
2021-09-06,1006.0,1014.96,1016.84,980.59,990.0,37875.31,37708742.8,4223
2021-09-07,990.0,995.55,1014.96,987.62,1003.72,27388.65,27506924.05,3204
2021-09-08,1003.72,1011.35,1028.83,995.55,1008.18,141690.93,143925940.9,4889
2021-09-09,1008.18,1007.43,1040.42,1004.02,1019.17,45508.11,46654411.05,4766
2021-09-13,1019.17,1019.17,1037.94,1004.46,1019.37,16988.82,17423470.55,2604
2021-09-14,1019.37,1032.79,1032.79,1004.91,1012.93,33526.39,34106738.55,4657
2021-09-15,1012.93,1007.43,1048.84,1007.43,1021.05,41145.07,42446582.7,5020
2021-09-16,1021.05,1024.87,1049.04,1008.72,1022.99,35904.77,37100059.45,4260
2021-09-17,1022.99,1028.93,1043.09,1010.4,1037.5,61804.42,63669452.65,8025
2021-09-20,1037.5,1034.18,1040.07,995.55,1004.41,16425.52,16705284.3,3045
2021-09-21,1004.41,999.51,1003.92,975.83,990.49,31638.64,31319312.95,4631
2021-09-22,990.49,994.46,1003.97,989.01,994.51,16668.81,16566802.25,3002
2021-09-23,994.51,995.55,1011.4,990.54,996.93,15481.64,15487848.8,2274
2021-09-24,996.93,999.51,1014.12,982.67,988.36,18211.32,18091271.5,3945
2021-09-27,988.36,1000.5,1008.67,971.72,987.27,20536.19,20277758.2,4448
2021-09-28,987.27,987.27,998.02,960.87,968.06,26848.57,26157668.75,6595
2021-09-29,968.06,974.74,999.36,947.01,976.13,33723.25,32761360.15,9306
2021-09-30,976.13,976.13,984.05,955.92,962.36,20958.16,20233381.15,3943
2021-10-01,962.36,956.52,980.69,950.97,968.85,16346.78,15784706.6,3011
2021-10-04,968.85,974.35,1011.05,972.76,997.82,24391.46,24233998.0,4049
2021-10-05,997.82,1002.43,1006.44,987.62,1001.29,10227.21,10220977.7,1749
2021-10-06,1001.29,1004.46,1019.72,989.55,993.02,36087.49,36324304.95,3194
2021-10-07,993.02,997.53,1010.4,982.67,984.9,16119.64,16011141.2,2447
2021-10-08,984.9,993.42,1000.5,979.65,985.44,13042.7,12881890.65,2742
2021-10-11,985.44,990.15,995.55,960.87,971.47,25386.82,24873021.45,4102
2021-10-12,971.47,973.06,989.6,960.87,978.16,13467.7,13154879.8,2201
2021-10-13,978.16,985.94,997.53,973.16,991.73,25320.2,25044212.1,2753
2021-10-14,991.73,992.57,1010.4,991.73,1001.19,17317.92,17339819.95,2847
2021-10-18,1001.19,1005.45,1015.85,986.63,995.4,53438.72,53173737.35,4507
2021-10-19,995.4,990.59,1031.55,990.59,1005.2,43468.93,44018541.1,3582
2021-10-20,1005.2,1005.4,1042.1,993.56,1007.23,170757.37,171569682.55,7916
2021-10-21,1007.23,1007.23,1029.08,986.43,989.11,95634.67,95773143.65,3870
2021-10-22,989.11,1010.4,1012.39,953.99,960.53,76095.86,75213002.3,5029
2021-10-25,960.53,955.97,975.04,930.56,967.76,19467.13,18590508.8,4037
2021-10-26,967.76,962.86,993.66,962.46,979.6,16968.63,16648493.85,2339
2021-10-27,979.6,983.36,1000.35,965.83,994.11,18215.36,17876483.4,2282
2021-10-28,994.11,994.56,1000.0,958.89,967.66,11702.09,11469810.05,1937
2021-10-29,967.66,967.66,974.79,916.5,940.67,31650.75,29807161.95,4190
2021-11-01,940.67,949.04,958.89,923.38,948.74,54269.53,50816553.8,6218
2021-11-02,948.74,952.26,1015.65,946.02,981.48,33026.69,32582836.25,5404
2021-11-03,981.48,987.62,1003.87,972.81,981.08,11647.57,11515529.3,2192
2021-11-04,981.08,1000.4,1005.45,972.32,988.76,4162.15,4129305.2,593
2021-11-08,988.76,990.59,998.52,969.84,990.94,9169.26,9060449.35,1171
2021-11-09,990.94,980.69,1000.35,976.92,996.04,7087.68,7046255.25,1045
2021-11-10,996.04,994.16,1023.88,979.94,1014.07,23615.16,23714374.7,2135
2021-11-11,1014.07,1013.38,1038.14,975.73,1015.65,165868.38,166647236.45,9066
2021-11-12,1015.65,1024.27,1074.79,996.24,1038.34,101593.73,106025805.75,14741
2021-11-15,1038.34,1050.03,1054.98,992.57,1000.35,41022.92,41257544.0,7040
2021-11-16,1000.35,1015.36,1015.36,965.83,977.57,54496.67,53650781.25,8522
2021-11-17,977.57,980.24,997.53,970.78,973.8,20687.62,20304817.15,3333
2021-11-18,973.8,986.93,986.93,950.97,970.53,17407.76,16829391.05,3080
2021-11-22,970.53,979.7,989.55,903.77,928.38,23285.05,21791359.0,3866
2021-11-23,928.38,923.63,950.13,918.53,930.02,8591.83,8035052.45,1975
2021-11-24,930.02,941.06,950.97,922.34,926.3,19783.11,18526198.9,2901
2021-11-25,926.3,930.17,945.52,928.28,933.58,9532.68,8938695.8,1702
2021-11-26,933.58,931.16,946.02,923.73,928.83,13760.45,12901896.4,2026
2021-11-29,928.83,922.34,944.03,881.63,891.98,26642.64,24376094.7,4118
2021-11-30,891.98,899.01,933.14,879.0,928.58,15351.42,13987475.8,2441
2021-12-01,928.58,937.79,937.79,898.86,912.68,8859.34,8090583.8,1509
2021-12-02,912.68,917.14,920.21,896.83,912.98,9109.7,8274065.45,2038
2021-12-03,912.98,917.44,929.67,904.06,911.89,8375.79,7661126.05,1981
2021-12-06,911.89,915.16,920.06,881.78,906.74,6876.69,6235662.7,1470
2021-12-07,906.74,916.05,972.66,910.4,934.72,21321.58,19996027.3,2584
2021-12-08,934.72,941.06,959.09,917.24,927.54,17873.14,16783693.8,2222
2021-12-09,927.54,927.54,936.8,911.35,917.29,10775.37,9959972.65,1592
2021-12-10,917.29,908.72,931.75,908.72,924.12,58332.76,54167061.6,1398
2021-12-13,924.12,938.09,954.88,912.43,918.43,10234.28,9458266.65,1940
2021-12-14,918.43,915.31,920.06,903.42,911.59,6125.63,5591437.35,1036
2021-12-15,911.59,921.15,934.87,911.39,919.42,7077.58,6541900.35,1081
2021-12-16,919.42,930.17,931.16,901.49,911.84,8539.33,7802126.15,1335
2021-12-17,911.84,913.67,913.67,882.57,886.98,13320.31,11854093.3,2401
2021-12-20,886.98,899.46,911.35,824.27,839.58,25103.15,21225421.7,3573
2021-12-21,839.58,855.87,891.78,834.87,846.16,18369.81,15807775.2,2682
2021-12-22,846.16,849.68,851.91,825.16,830.27,23814.03,19821601.05,3066
2021-12-23,830.27,840.02,851.81,836.36,844.08,9647.76,8144956.5,1411
2021-12-24,844.08,848.94,848.94,834.08,837.94,3950.16,3316394.9,824
2021-12-27,837.94,838.04,846.96,823.18,843.79,6339.64,5316823.3,1059
2021-12-28,843.79,854.68,876.67,846.71,869.94,7779.18,6730826.65,1130
2021-12-29,869.94,864.99,891.53,856.86,880.29,61539.93,53503227.75,1474
2021-12-30,880.29,891.48,901.39,878.71,889.9,6859.53,6122210.5,1017
2021-12-31,889.9,889.9,926.2,886.58,918.33,17034.25,15587977.4,1433
2022-01-03,918.33,926.11,926.11,904.96,912.04,6125.63,5612370.9,818
2022-01-04,912.04,916.3,916.3,893.51,899.95,6700.03,6043061.45,754
2022-01-05,899.95,906.39,906.39,881.38,888.51,8654.42,7719262.7,1508
2022-01-06,888.51,885.59,892.42,878.66,884.55,3666.49,3249817.0,707
2022-01-07,884.55,869.69,892.47,869.69,878.21,10141.4,8971264.65,1468
2022-01-10,878.21,891.19,903.42,871.23,881.92,12068.53,10682955.05,1552
2022-01-11,881.92,891.48,891.48,876.67,880.39,9252.04,8176827.2,785
2022-01-12,880.39,889.55,891.53,878.41,883.16,5606.74,4963897.3,559
2022-01-13,883.16,884.1,886.58,873.75,878.9,5426.04,4770448.45,594
2022-01-14,878.9,884.9,890.25,873.65,880.04,6340.65,5586207.95,767
2022-01-17,880.04,886.58,886.58,849.93,857.21,27889.36,24089646.95,2668
2022-01-18,857.21,861.22,861.22,848.19,850.42,11545.61,9845899.65,1440
2022-01-19,850.42,843.49,855.77,841.06,847.11,15714.83,13296582.05,1222
2022-01-20,847.11,861.47,870.73,844.23,849.24,15493.75,13202484.15,1088
2022-01-21,849.24,840.57,861.82,840.02,847.25,8909.82,7579003.15,1176
2022-01-24,847.25,838.04,850.77,787.57,829.13,22303.82,18235095.5,3088
2022-01-25,829.13,827.14,827.99,802.08,806.79,17851.94,14446700.1,3822
2022-01-27,806.79,793.46,807.04,779.2,784.4,14450.94,11428997.25,1769
2022-01-28,784.4,784.55,817.24,784.55,809.91,15018.28,12115114.15,2143
2022-01-31,809.91,804.36,885.59,798.47,820.76,103662.19,89223621.65,8971
2022-02-01,820.76,822.19,834.33,819.12,828.28,12036.23,9942646.65,1060
2022-02-02,828.28,841.01,842.99,823.88,838.39,7594.44,6350534.75,790
2022-02-03,838.39,842.0,842.0,818.08,833.04,8215.28,6823038.35,874
2022-02-04,833.04,829.13,846.96,823.68,827.99,7251.21,6044467.9,861
2022-02-07,827.99,832.05,839.97,819.27,828.28,6856.5,5674296.95,801
2022-02-08,828.28,839.97,839.97,813.28,826.01,7272.41,5993241.9,685
2022-02-09,826.01,826.15,834.03,798.42,818.72,9278.28,7560690.4,1631
2022-02-10,818.72,822.19,827.14,783.56,798.52,19186.49,15525098.3,1749
2022-02-11,798.52,792.47,812.29,785.54,788.17,11710.16,9330860.35,1384
2022-02-14,788.17,760.68,803.47,733.19,745.82,15373.62,11836390.25,2223
2022-02-15,745.82,745.82,792.38,724.12,766.47,13239.55,10005735.55,1408
2022-02-16,766.47,784.1,784.1,760.23,769.05,55470.83,42885539.0,760
2022-02-17,769.05,772.81,779.6,747.8,751.17,8929.0,6816995.45,1037
2022-02-18,751.17,737.99,760.73,737.99,746.06,5605.74,4210412.7,821
2022-02-21,746.06,746.06,750.37,718.18,729.22,12704.52,9251997.05,1409
2022-02-22,729.22,696.88,754.04,696.88,745.57,11358.86,8304372.5,1363
2022-02-23,745.57,756.81,778.8,752.8,762.9,111938.04,85399190.6,789
2022-02-24,762.9,757.36,757.36,711.25,714.17,14237.94,10362649.6,1858
2022-02-25,714.17,724.12,774.54,706.29,712.19,16218.57,11705829.8,1759
2022-02-28,712.19,698.37,725.26,698.37,714.81,14621.55,10443228.15,1221
2022-03-02,714.81,714.81,729.08,704.61,712.09,7800.38,5591305.5,967
2022-03-03,712.09,727.59,731.06,714.07,721.65,5505.79,3976433.15,771
2022-03-04,721.65,715.21,721.84,683.16,698.37,24680.17,17152728.15,3184
2022-03-07,698.37,679.6,714.56,674.64,693.46,14525.65,10090636.65,2129
2022-03-08,693.46,697.23,712.24,681.68,692.67,8052.75,5616185.5,1669
2022-03-09,692.67,705.85,713.18,695.4,698.42,10922.75,7686959.7,857
2022-03-10,698.42,705.3,723.23,705.3,707.98,13193.11,9401867.1,1345
2022-03-11,707.98,708.22,717.49,690.69,696.19,13986.58,9821764.25,1199
2022-03-14,696.19,702.33,702.33,683.51,693.61,17794.4,12279464.35,1843
2022-03-15,693.61,695.3,702.23,688.46,689.75,7310.77,5091669.7,839
2022-03-16,689.75,700.3,700.3,669.05,690.49,6728.3,4640317.2,886
2022-03-17,690.49,691.43,700.35,688.46,691.38,11945.37,8288746.35,1562
2022-03-21,691.38,691.38,698.76,669.69,675.58,14471.13,9875543.95,1801
2022-03-22,675.58,688.41,688.66,670.63,680.98,14233.9,9676584.2,1489
2022-03-23,680.98,680.98,695.35,678.56,682.27,18505.08,12662998.4,1933
2022-03-24,682.27,682.27,717.34,666.97,687.27,34790.28,24038103.35,3604
2022-03-25,687.27,680.69,704.31,678.56,683.66,16863.64,11589608.9,1913
2022-03-28,683.66,674.59,706.29,654.78,689.25,120013.0,80787212.4,4088
2022-03-29,689.25,703.32,706.69,680.24,684.4,67581.76,46847130.65,6564
2022-03-30,684.4,686.53,690.99,671.23,678.41,23729.23,16164906.65,3630
2022-03-31,678.41,683.51,683.51,655.52,664.44,27210.98,18191972.45,2374
2022-04-01,664.44,663.7,698.27,656.76,687.77,30549.39,20907069.6,2724
2022-04-04,687.77,701.83,714.86,693.46,706.44,33972.59,23945927.4,3683
2022-04-05,706.44,717.04,746.86,711.25,720.31,55014.54,39805082.35,6181
2022-04-06,720.31,727.94,731.16,713.42,718.33,23856.43,17259812.35,2977
2022-04-07,718.33,721.15,736.01,698.57,703.87,20081.92,14375603.8,2947
2022-04-08,703.87,701.34,717.39,693.61,699.41,27502.73,19317025.6,5532
2022-04-11,699.41,728.09,728.09,706.64,722.79,16729.38,11995758.75,1839
2022-04-12,722.79,728.04,741.46,708.27,715.46,23789.8,17218560.9,2645
2022-04-13,715.46,715.46,730.86,704.36,717.44,17475.4,12560345.9,1595
2022-04-18,717.44,727.1,742.94,711.34,732.39,27426.01,20115065.35,2499
2022-04-19,732.39,742.65,742.94,709.26,716.79,34098.78,25136946.7,3235
2022-04-20,716.79,720.31,732.59,691.73,700.7,21084.35,14959299.55,2460
2022-04-21,700.7,709.81,777.62,693.56,768.6,177323.14,131218201.3,10217
2022-04-22,768.6,768.7,792.38,738.19,750.72,51660.99,39884441.25,4648
2022-04-25,750.72,746.91,753.25,728.18,732.0,16512.34,12269813.9,2183
2022-04-26,732.0,742.99,772.66,738.09,746.02,37606.78,28242507.65,4867
2022-04-27,746.02,736.51,748.94,715.55,725.51,17469.34,12742475.05,3360
2022-04-28,725.51,729.18,731.31,713.23,715.51,18057.88,12946002.65,2880
2022-04-29,715.51,723.08,736.11,705.25,710.01,18769.57,13478656.4,2684
2022-05-02,710.01,705.3,716.59,694.55,699.01,12109.92,8508091.5,2334
2022-05-04,699.01,695.5,707.63,683.51,693.41,13457.6,9285079.85,2315
2022-05-05,693.41,748.89,748.89,708.77,726.35,121228.44,88227087.45,10438
2022-05-06,726.35,717.49,737.0,709.36,730.51,27395.72,19928268.05,3519
2022-05-09,730.51,730.51,730.51,708.82,719.96,14748.75,10582588.75,1469
2022-05-10,719.96,727.14,728.04,705.7,712.24,7172.47,5133013.95,1045
2022-05-11,712.24,712.24,719.42,693.51,699.9,23090.22,16346472.85,2073
2022-05-12,699.9,703.32,717.19,639.28,664.39,22255.36,15186850.1,2201
2022-05-13,664.39,742.94,784.8,704.66,759.04,909617.08,693081278.7,53082
2022-05-16,759.04,780.59,780.59,742.99,760.48,88184.58,67373998.65,8118
2022-05-17,760.48,767.56,767.56,748.89,759.49,21449.79,16198821.55,4238
2022-05-18,759.49,766.62,766.62,746.91,752.26,23885.7,17961745.85,4920
2022-05-19,752.26,749.04,757.21,748.15,755.77,26473.04,19940826.7,5566
2022-05-20,755.77,750.87,764.94,750.37,760.73,15690.61,11939058.75,3788
2022-05-23,760.73,768.11,777.27,755.82,759.14,16702.12,12788282.5,3015
2022-05-24,759.14,766.62,766.67,754.68,756.66,9295.45,7073987.1,2801
2022-05-25,756.66,768.11,768.11,752.9,759.24,9474.13,7186504.25,3729
2022-05-26,759.24,752.9,758.79,746.06,753.59,9047.11,6817323.95,1914
2022-05-27,753.59,767.71,767.71,742.94,747.8,10462.42,7869010.1,2600
2022-05-30,747.8,755.18,765.23,750.18,763.1,8123.42,6185619.55,2524
2022-05-31,763.1,769.59,778.16,764.74,773.21,10080.83,7787821.9,3221
2022-06-01,773.21,779.6,833.78,779.1,824.82,81700.58,66350193.35,8557
2022-06-02,824.82,821.55,836.46,813.87,825.41,25459.51,21035962.65,4461
2022-06-03,825.41,841.81,841.81,823.83,828.09,17027.18,14130933.8,1804
2022-06-06,828.09,828.14,830.07,795.0,804.96,16921.18,13650375.75,2610
2022-06-07,804.96,796.63,821.0,792.72,812.09,6349.73,5153140.55,1291
2022-06-08,812.09,803.97,857.85,803.97,850.67,27238.24,22815894.75,2835
2022-06-09,850.67,847.95,867.66,829.13,842.0,48705.19,41365380.85,5608
2022-06-10,842.0,834.97,834.97,803.57,807.98,10229.23,8353992.95,1677
2022-06-13,807.98,807.33,807.33,760.78,766.03,23043.78,17900589.8,3129
2022-06-14,766.03,767.71,785.89,763.15,767.36,7761.01,5976923.2,1417
2022-06-15,767.36,767.71,781.58,764.74,776.13,3813.88,2943974.2,691
2022-06-16,776.13,799.41,799.41,773.75,779.4,10155.54,7913828.55,1651
2022-06-17,779.4,788.51,799.41,749.04,778.8,33051.93,25473950.4,3503
2022-06-20,778.8,778.61,778.61,742.94,756.57,11630.41,8811207.4,1851
2022-06-21,756.57,763.3,777.62,756.17,764.19,4651.76,3572942.55,922
2022-06-22,764.19,764.19,869.69,764.19,815.16,641101.05,532413431.75,43714
2022-06-23,815.16,817.34,823.18,802.63,806.34,53917.22,43711555.0,6189
2022-06-24,806.34,812.29,838.04,808.32,810.8,126245.64,103267895.25,7970
2022-06-27,810.8,822.19,822.19,812.39,814.66,19260.19,15735552.65,2323
2022-06-28,814.66,812.29,822.19,803.47,806.34,39871.08,32361055.4,4070
2022-06-29,806.34,812.29,817.24,788.21,791.68,41060.27,32870498.8,4157
2022-06-30,791.68,794.36,810.65,792.47,804.01,45634.3,36584314.2,4650
2022-07-01,804.01,788.51,788.56,757.85,768.7,33603.12,25912196.45,4641
2022-07-04,768.7,782.32,788.51,760.13,781.63,9443.84,7310833.55,1525
2022-07-05,781.63,772.96,777.62,768.95,770.83,7708.52,5955656.8,1640
2022-07-06,770.83,764.74,773.36,762.11,764.39,15143.46,11612808.1,1620
2022-07-07,764.39,766.72,771.97,757.8,762.11,6739.4,5145365.9,943
2022-07-08,762.11,759.78,769.44,758.45,762.76,6167.02,4713898.8,493
2022-07-11,762.76,751.32,762.76,751.32,757.56,7357.21,5568744.15,936
2022-07-12,757.56,749.93,756.42,744.53,748.64,3795.71,2849914.0,528
2022-07-13,748.64,755.77,791.48,744.23,746.21,5123.2,3863399.05,661
2022-07-14,746.21,748.89,754.83,735.52,740.67,2967.92,2212153.85,466
2022-07-15,740.67,752.85,793.46,748.89,764.19,16789.95,12966546.15,2416
2022-07-18,764.19,770.68,771.32,746.56,765.78,14423.69,11022262.3,2407
2022-07-19,765.78,762.81,771.32,762.76,762.9,3234.43,2475621.45,626
2022-07-20,762.9,766.72,771.32,759.83,761.12,4558.89,3481901.0,488
2022-07-21,761.12,762.76,766.57,755.92,763.75,3408.06,2598103.7,522
2022-07-22,763.75,766.37,770.98,760.92,766.62,2474.28,1897314.8,389
2022-07-25,766.62,760.87,781.43,760.78,774.69,8086.07,6217934.85,1344
2022-07-26,774.69,778.61,782.37,762.76,769.1,4591.19,3529602.3,537
2022-07-27,769.1,769.69,777.62,767.71,772.37,3172.85,2448657.8,467
2022-07-28,772.37,777.62,784.85,767.81,769.05,5043.45,3899534.75,436
2022-07-29,769.05,773.7,784.8,762.76,765.33,9526.62,7352767.55,899
2022-08-01,765.33,770.58,779.6,765.73,770.53,5431.09,4187968.8,567
2022-08-02,770.53,777.57,782.37,763.75,778.46,13624.17,10550835.95,1670
2022-08-03,778.46,786.18,786.18,763.35,780.44,10229.23,7907931.65,1598
2022-08-04,780.44,788.51,805.25,768.95,800.0,17855.98,14128744.3,2073
2022-08-05,800.0,798.42,805.3,792.57,799.66,6031.74,4817309.2,712
2022-08-08,799.66,797.43,803.37,791.58,801.04,15617.92,12439088.5,1611
2022-08-10,801.04,803.37,817.19,787.52,795.3,5731.92,4597062.5,967
2022-08-11,795.3,795.45,828.33,784.95,817.88,16271.07,13120829.7,1414
2022-08-12,817.88,817.73,817.73,782.67,786.18,19723.55,15762157.8,2702
2022-08-16,786.18,792.38,794.9,773.65,777.02,8407.09,6542148.5,821
2022-08-17,777.02,784.7,784.7,763.85,766.12,8281.91,6367260.35,1941
2022-08-18,766.12,775.58,775.58,762.76,766.72,4954.61,3796027.7,605
2022-08-19,766.72,764.84,769.15,743.59,746.66,8179.95,6186631.2,1244
2022-08-22,746.66,740.52,740.52,713.23,716.84,18368.8,13289956.1,2280
2022-08-23,716.84,703.32,712.83,690.29,694.5,36590.22,25546016.35,4465
2022-08-24,694.5,693.41,709.96,689.45,693.22,20598.78,14383463.5,1433
2022-08-25,693.22,697.38,703.67,692.67,694.41,12756.0,8883272.65,1458
2022-08-26,694.41,695.4,713.72,693.37,695.25,18395.05,12909051.55,2031
2022-08-29,695.25,681.53,694.31,678.21,684.8,8241.53,5665326.55,1146
2022-08-30,684.8,689.7,710.6,685.54,705.9,10512.9,7359256.6,1417
2022-09-01,705.9,711.15,716.2,695.69,711.64,106483.73,75893275.8,3913
2022-09-02,711.64,716.84,716.84,694.5,696.09,16837.4,11852838.2,1422
2022-09-05,696.09,702.33,703.32,692.67,695.59,9528.64,6656576.6,1153
2022-09-06,695.59,701.24,701.24,688.51,690.94,8377.81,5810673.75,1116
2022-09-07,690.94,683.56,694.85,683.56,686.83,7628.77,5255204.75,686
2022-09-08,686.83,693.66,698.71,684.65,688.41,12209.86,8446361.65,1181
2022-09-09,688.41,689.65,697.33,685.49,688.36,13216.33,9134904.15,1398
2022-09-12,688.36,698.12,698.12,689.5,691.38,10719.85,7419122.2,518
2022-09-13,691.38,692.08,696.39,684.4,688.31,14296.49,9843670.35,1054
2022-09-14,688.31,683.56,688.76,681.53,683.06,12566.21,8606791.85,829
2022-09-15,683.06,689.75,695.4,668.7,670.88,12899.35,8719588.4,1446
2022-09-16,670.88,673.55,673.6,649.88,653.05,21749.61,14400177.35,2372
2022-09-19,653.05,665.93,671.82,654.48,666.27,8622.11,5732079.5,973
2022-09-20,666.27,672.61,677.52,645.87,649.98,26562.89,17532332.45,3041
2022-09-21,649.98,649.98,654.34,629.03,633.98,116724.06,74152160.55,4757
2022-09-22,633.98,639.92,645.77,618.13,620.06,19374.26,12135455.45,2045
2022-09-23,620.06,624.07,624.07,604.46,606.14,24192.59,14755276.15,2205
2022-09-26,606.14,604.31,604.36,580.44,591.24,34564.16,20367439.05,8401
2022-09-27,591.24,594.36,602.68,581.13,589.25,11403.27,6736300.45,985
2022-09-28,589.25,586.43,605.95,570.14,600.79,39312.83,22975005.15,3436
2022-09-29,600.79,608.22,636.46,607.08,630.51,20570.51,12764672.8,2054
2022-09-30,630.51,629.03,630.46,609.21,613.42,14933.48,9220428.1,1830
2022-10-03,613.42,608.27,631.75,608.27,615.26,7320.87,4510863.05,1348
2022-10-04,615.26,621.1,639.92,614.42,635.81,10769.31,6757769.95,1568
2022-10-06,635.81,641.26,641.9,632.59,634.38,5490.65,3501049.9,1211
2022-10-07,634.38,634.33,634.33,618.33,628.09,6320.46,3945075.55,855
2022-10-10,628.09,630.02,633.98,607.23,614.17,14575.11,8970349.35,1512
2022-10-11,614.17,619.07,625.96,610.4,621.65,7792.3,4842605.7,868
2022-10-12,621.65,624.07,624.17,615.26,620.9,2587.34,1602994.1,515
2022-10-13,620.9,619.37,627.59,614.37,621.94,7193.67,4479397.15,806
2022-10-14,621.94,627.05,627.05,614.17,616.0,4362.04,2704122.3,603
2022-10-17,616.0,610.06,618.72,609.21,611.99,5419.99,3326832.45,995
2022-10-18,611.99,617.58,618.08,608.27,612.73,1850.41,1132627.2,290
2022-10-19,612.73,612.73,631.01,604.36,625.36,10868.24,6752052.3,1648
2022-10-20,625.36,623.33,628.09,618.08,623.97,2084.61,1300304.55,337
2022-10-21,623.97,618.13,631.01,614.37,617.49,5953.0,3704564.3,1848
2022-10-24,617.49,623.08,630.76,619.12,622.04,1500.11,934991.7,273
2022-10-25,622.04,619.62,621.05,609.21,613.62,4241.91,2602964.8,1050
2022-10-27,613.62,618.53,625.16,613.67,616.15,4618.45,2858700.4,741
2022-10-28,616.15,621.94,623.58,609.31,618.38,5753.12,3551968.75,754
2022-10-31,618.38,624.52,624.52,591.58,616.64,18715.06,11377363.95,1482
2022-11-01,616.64,622.04,624.96,609.21,616.2,5844.99,3607367.2,949
2022-11-02,616.2,621.55,622.29,607.78,608.72,6135.72,3757621.7,790
2022-11-03,608.72,607.33,615.95,595.45,602.63,55315.37,33438779.9,1183
2022-11-04,602.63,608.17,608.17,594.36,595.64,12916.51,7729293.6,1079
2022-11-07,595.64,595.64,603.67,595.35,596.78,6512.26,3896131.95,454
2022-11-09,596.78,602.73,611.74,599.61,609.66,5742.02,3489078.7,661
2022-11-10,609.66,609.66,632.84,599.31,613.28,35462.61,21566985.35,3106
2022-11-11,613.28,602.28,609.31,592.03,594.6,71675.27,42651068.7,2155
2022-11-14,594.6,600.55,600.55,592.37,595.64,98955.91,58838738.95,1285
2022-11-15,595.64,595.69,604.56,594.36,596.93,7415.76,4444865.1,781
2022-11-16,596.93,594.95,602.18,594.95,598.76,14859.79,8877731.6,587
2022-11-17,598.76,598.71,598.71,589.45,596.49,10298.89,6138369.9,1207
2022-11-18,596.49,601.29,603.96,595.2,602.78,33697.0,20103592.4,1353
2022-11-21,602.78,607.23,607.23,597.38,601.24,7281.5,4379196.15,1185
2022-11-22,601.24,606.24,606.24,594.36,599.26,4274.21,2561490.45,589
2022-11-23,599.26,601.29,602.18,582.77,592.77,12668.17,7480778.1,1662
2022-11-24,592.77,594.41,604.61,586.98,599.01,9917.3,5917160.95,1689
2022-11-25,599.01,603.57,608.57,595.69,606.29,4028.9,2430207.7,647
2022-11-28,606.29,597.38,618.53,591.93,612.73,11360.88,6887065.5,1802
2022-11-29,612.73,618.53,619.62,612.24,618.38,7152.28,4406909.95,748
2022-11-30,618.38,614.17,628.43,605.3,608.62,8766.47,5415119.9,2268
2022-12-01,608.62,614.12,620.16,610.3,616.64,5434.12,3343362.65,645
2022-12-02,616.64,620.51,634.57,615.26,618.77,15063.71,9362864.95,1846
2022-12-05,618.77,619.12,621.8,610.5,612.24,6330.55,3886717.85,938
2022-12-06,612.24,606.54,614.07,594.36,598.22,20028.41,12071654.95,2504
2022-12-07,598.22,600.3,610.16,592.87,593.96,10855.12,6482298.0,1353
2022-12-08,593.96,594.36,598.17,577.12,581.33,20053.65,11734962.05,2430
2022-12-09,581.33,582.91,585.34,561.77,572.51,23489.98,13435476.6,2636
2022-12-12,572.51,572.66,578.85,564.89,569.54,36662.9,20892510.1,1668
2022-12-13,569.54,578.06,578.11,565.93,569.15,55584.91,31641080.15,3590
2022-12-14,569.15,570.58,575.53,565.88,568.8,16496.19,9405828.65,946
2022-12-15,568.8,573.45,579.4,567.26,576.82,9223.77,5292615.95,1299
2022-12-16,576.82,571.08,576.87,569.84,572.02,4416.55,2530929.1,727
2022-12-19,572.02,567.86,574.54,564.64,566.72,9956.67,5650737.8,1212
2022-12-20,566.72,564.74,579.5,562.95,575.73,7510.66,4293459.3,941
2022-12-21,575.73,579.5,580.83,564.74,567.11,6300.27,3591264.75,1021
2022-12-22,567.11,561.67,570.93,558.89,567.02,23147.76,13060217.65,2038
2022-12-23,567.02,558.69,567.76,555.52,562.95,10477.57,5892630.0,1087
2022-12-26,562.95,566.92,569.54,558.0,560.48,9271.22,5218287.85,868
2022-12-27,560.48,566.02,566.02,552.75,557.01,12445.08,6934728.35,948
2022-12-28,557.01,559.59,563.0,552.75,559.73,10761.23,5997335.65,809
2022-12-29,559.73,554.78,561.27,551.56,554.73,11640.51,6459722.45,1419
2022-12-30,554.73,560.63,584.4,557.26,578.31,16258.95,9358531.7,1490
2023-01-02,578.31,587.32,594.36,575.24,589.45,14655.87,8612503.45,1072
2023-01-03,589.45,589.5,590.15,578.9,584.85,5302.89,3094076.75,828
2023-01-04,584.85,581.78,584.94,575.39,577.61,3881.51,2248532.5,494
2023-01-05,577.61,577.61,580.78,569.64,575.83,3038.58,1746155.0,652
2023-01-06,575.83,578.31,582.82,570.09,572.61,5371.53,3092324.6,398
2023-01-09,572.61,572.61,574.44,562.16,565.78,5108.05,2894979.25,995
2023-01-10,565.78,566.47,566.47,559.68,563.3,2997.2,1685607.3,329
2023-01-11,563.3,563.35,571.18,559.68,565.83,3758.36,2119315.65,399
2023-01-12,565.83,571.03,571.03,562.21,568.6,2301.65,1306112.4,311
2023-01-13,568.6,566.52,571.32,563.75,566.52,2350.11,1333867.15,403
2023-01-16,566.52,561.67,570.53,558.79,560.97,3128.43,1756754.6,450
2023-01-17,560.97,557.01,564.19,555.72,558.3,3085.02,1726793.8,344
2023-01-18,558.3,558.5,567.61,557.7,563.4,2640.84,1482546.0,233
2023-01-19,563.4,568.95,568.95,557.7,559.09,2088.65,1174212.7,186
2023-01-20,559.09,556.71,564.64,554.73,558.55,3965.3,2216632.65,403
2023-01-23,558.55,559.68,560.97,545.37,552.7,10875.31,6017040.4,925
2023-01-24,552.7,554.73,561.02,552.7,560.08,2774.1,1543747.45,358
2023-01-25,560.08,560.08,560.08,548.34,552.6,2817.51,1560146.6,499
2023-01-27,552.6,554.04,554.63,545.02,549.48,2538.88,1393225.1,630
2023-01-30,549.48,544.83,567.11,544.83,564.74,6332.57,3544184.8,650
2023-01-31,564.74,567.96,570.93,558.69,564.74,15082.89,8522533.85,1180
2023-02-01,564.74,570.53,585.24,568.55,575.09,68801.24,39818510.45,2665
2023-02-02,575.09,573.7,582.86,573.7,575.68,9142.0,5307007.75,939
2023-02-03,575.68,568.65,581.97,564.74,573.06,4328.72,2481657.9,739
2023-02-06,573.06,564.64,584.4,564.64,580.93,5958.05,3435128.25,831
2023-02-07,580.93,584.25,584.85,566.87,577.27,8756.37,5040488.7,975
2023-02-08,577.27,573.06,577.96,567.56,570.04,3419.17,1957798.45,556
2023-02-09,570.04,569.05,586.78,548.79,552.45,33686.9,19237166.6,2102
2023-02-10,552.45,551.76,554.14,546.81,547.95,6282.1,3453985.7,706
2023-02-13,547.95,548.29,549.78,529.47,530.56,13517.16,7271679.05,1521
2023-02-14,530.56,536.26,536.26,518.08,520.01,11782.85,6173992.1,1539
2023-02-15,520.01,515.11,518.33,503.52,508.82,15056.64,7689629.85,1590
2023-02-16,508.82,508.82,512.14,501.49,504.16,8463.62,4301407.35,777
2023-02-17,504.16,508.17,508.17,497.72,502.68,9273.24,4658679.2,1183
2023-02-20,502.68,502.68,502.68,495.4,496.78,4429.67,2204664.75,580
2023-02-21,496.78,496.29,527.0,496.29,518.03,8219.32,4199614.85,1341
2023-02-22,518.03,511.24,518.18,501.88,505.45,6966.54,3559734.95,1165
2023-02-23,505.45,505.7,510.16,499.31,508.37,4103.6,2069901.35,941
2023-02-24,508.37,508.22,524.37,504.21,522.44,7178.53,3678862.6,975
2023-02-27,522.44,515.5,521.4,505.35,510.45,9090.52,4635825.25,1250
2023-02-28,510.45,508.37,516.0,506.44,512.58,9294.44,4760757.0,1153
2023-03-01,512.58,512.33,522.04,507.38,511.1,4867.79,2513766.65,678
2023-03-02,511.1,512.98,532.29,507.73,523.68,17195.77,9049951.0,1249
2023-03-03,523.68,516.1,523.23,508.77,514.27,7199.73,3714200.95,1271
2023-03-06,514.27,515.11,527.0,515.11,525.66,7960.89,4157204.7,856
2023-03-08,525.66,525.66,526.45,518.18,521.6,20767.37,10833473.25,1158
2023-03-09,521.6,519.12,523.97,516.45,519.42,19855.79,10331496.55,1639
2023-03-10,519.42,515.16,522.04,510.11,520.85,7671.17,3976895.95,612
2023-03-13,520.85,521.99,521.99,510.4,518.58,9968.78,5155444.3,974
2023-03-14,518.58,517.09,524.02,509.46,519.66,7290.58,3749921.15,619
2023-03-15,519.66,515.85,523.83,511.24,518.18,4466.01,2307847.65,628
2023-03-16,518.18,512.83,520.31,509.41,519.47,6240.71,3208192.7,458
2023-03-17,519.47,524.57,524.57,510.11,518.67,4704.25,2439847.5,540
2023-03-20,518.67,507.18,521.05,501.74,511.64,8396.99,4258952.05,965
2023-03-21,511.64,510.2,512.83,497.28,503.02,8883.57,4486098.7,1150
2023-03-22,503.02,503.02,511.05,500.89,508.72,14618.52,7408700.05,786
2023-03-23,508.72,511.49,529.32,508.62,523.58,12106.89,6314894.7,1158
2023-03-24,523.58,519.12,527.99,515.11,516.0,7838.74,4096717.15,678
2023-03-27,516.0,508.17,521.05,501.69,505.2,15468.52,7826832.3,2224
2023-03-28,505.2,504.51,507.08,497.92,500.2,11638.49,5827642.15,1166
2023-03-29,500.2,499.26,510.3,499.26,505.95,11703.09,5911109.4,951
2023-03-31,505.95,505.99,515.06,504.21,506.19,13239.55,6722550.1,2014
2023-04-03,506.19,511.2,517.98,507.08,512.73,3268.75,1678953.75,550
2023-04-05,512.73,512.73,523.53,512.14,520.85,2561.09,1321511.8,380
2023-04-06,520.85,524.02,527.99,517.83,520.06,2050.29,1073354.9,409
2023-04-10,520.06,512.14,526.35,512.14,523.48,1190.2,621459.45,269
2023-04-11,523.48,518.72,527.54,511.24,513.67,3495.89,1810928.55,548
2023-04-12,513.67,515.06,522.39,514.17,518.13,3233.42,1674501.85,480
2023-04-13,518.13,515.85,526.0,510.16,513.13,5684.48,2954253.1,546
2023-04-17,513.13,513.28,527.79,513.28,520.9,4168.21,2166624.95,649
2023-04-18,520.9,516.15,524.37,511.15,512.58,3722.01,1919939.1,487
2023-04-19,512.58,509.16,519.02,508.42,511.34,1900.88,977183.6,425
2023-04-20,511.34,509.21,527.99,509.21,523.63,3688.7,1910836.3,321
2023-04-21,523.63,527.84,528.98,517.14,520.26,3270.77,1712066.35,363
2023-04-24,520.26,517.34,538.34,517.34,526.95,12849.88,6780458.9,932
2023-04-25,526.95,525.51,526.9,513.37,515.65,5525.98,2859513.45,565
2023-04-26,515.65,518.28,525.36,509.61,514.56,3044.64,1570584.45,321
2023-04-27,514.56,515.7,524.37,513.62,521.45,2281.46,1184867.9,226
2023-04-28,521.45,521.94,531.21,521.45,524.42,4830.44,2540012.15,470
2023-05-02,524.42,522.09,527.0,516.1,520.11,6891.83,3586566.75,1637
2023-05-03,520.11,515.36,526.9,513.37,514.71,4834.48,2508306.65,470
2023-05-04,514.71,515.01,526.0,515.01,524.02,5264.53,2746706.8,527
2023-05-05,524.02,520.06,529.97,520.06,526.55,4362.04,2286621.55,508
2023-05-08,526.55,522.04,539.38,522.04,536.85,18745.34,9916980.65,1742
2023-05-09,536.85,546.76,577.07,523.03,567.41,89402.04,49061908.3,3503
2023-05-10,567.41,579.5,592.28,567.46,574.4,38396.21,22156187.55,2381
2023-05-11,574.4,573.55,577.27,549.93,551.71,12815.56,7229880.0,1246
2023-05-12,551.71,554.48,564.64,542.84,549.33,54779.33,30426501.5,1279
2023-05-15,549.33,546.31,546.31,529.97,535.07,8377.81,4498483.2,1533
2023-05-16,535.07,537.64,554.09,532.15,545.87,20237.38,10936319.8,1542
2023-05-17,545.87,545.87,551.66,537.94,544.18,2941.67,1605265.0,548
2023-05-18,544.18,544.33,554.09,535.61,542.25,6577.88,3583423.35,762
2023-05-19,542.25,544.97,558.4,544.83,554.04,7855.9,4347443.2,694
2023-05-22,554.04,553.25,587.37,550.87,569.15,380229.95,211719355.25,2983
2023-05-23,569.15,579.6,600.05,579.6,583.76,88132.09,52048379.35,4658
2023-05-24,583.76,584.4,589.4,571.67,586.78,11701.08,6805237.15,1723
2023-05-25,586.78,586.78,599.26,574.59,577.91,16877.77,9885175.85,2143
2023-05-26,577.91,577.96,580.44,570.68,578.61,7233.04,4163576.15,1229
2023-05-29,578.61,577.52,603.62,577.52,594.26,33905.96,20098052.65,2912
2023-05-30,594.26,594.36,609.21,585.44,595.74,56793.27,34015925.95,2501
2023-05-31,595.74,590.05,618.48,590.05,616.45,28176.06,17262665.4,2388
2023-06-01,616.45,616.45,619.12,596.73,611.64,16612.28,10201713.45,1300
2023-06-02,611.64,612.88,630.02,602.23,627.69,22290.7,13836892.95,1644
2023-06-05,627.69,627.79,683.11,627.79,673.11,120573.27,80257043.6,8672
2023-06-06,673.11,679.84,680.04,654.04,656.96,16370.0,10809252.55,1845
2023-06-07,656.96,660.28,664.69,641.9,657.75,22186.72,14497753.05,3880
2023-06-08,657.75,661.07,661.07,632.49,638.83,11407.31,7392773.05,1553
2023-06-09,638.83,636.46,644.33,628.18,633.98,7106.86,4511690.25,1442
2023-06-12,633.98,627.64,651.31,627.64,643.49,9744.67,6280027.6,1234
2023-06-13,643.49,649.83,649.83,631.45,643.39,16733.42,10758860.3,1928
2023-06-14,643.39,639.72,647.65,629.03,637.64,12775.18,8138227.85,1170
2023-06-15,637.64,640.86,647.8,633.98,634.92,9954.65,6370049.6,2032
2023-06-16,634.92,638.14,647.1,636.31,639.48,5550.21,3565544.9,609
2023-06-19,639.48,648.84,648.84,634.97,636.6,3862.33,2478573.3,538
2023-06-20,636.6,629.13,639.38,629.13,635.02,3258.66,2071156.05,434
2023-06-21,635.02,637.94,639.92,623.08,625.81,15343.34,9740207.9,965
2023-06-22,625.81,628.98,629.47,613.87,616.54,17135.2,10669546.6,1525
2023-06-23,616.54,619.67,623.97,603.32,615.6,12341.1,7531685.1,1232
2023-06-26,615.6,606.29,620.01,604.26,606.59,10263.55,6301682.1,932
2023-06-27,606.59,608.27,632.84,607.38,627.94,14830.52,9213221.8,1412
2023-06-28,627.94,628.93,633.78,614.37,627.09,9693.19,6042789.95,1190
2023-06-30,627.09,627.09,633.09,620.95,628.83,6349.73,3982611.45,998
2023-07-03,628.83,628.83,633.98,620.36,629.82,7124.02,4483676.0,914
2023-07-04,629.82,629.82,646.96,628.13,640.32,21658.75,13799935.0,1471
2023-07-05,640.32,640.91,655.67,633.98,640.91,20736.07,13312082.15,2040
2023-07-06,640.91,640.27,643.64,629.13,633.34,8570.63,5452009.4,1082
2023-07-07,633.34,632.99,636.65,626.05,629.22,13868.47,8727193.0,1027
2023-07-10,629.22,632.39,633.98,613.28,616.99,8622.11,5373702.2,1196
2023-07-11,616.99,618.13,622.29,610.75,616.74,8329.36,5142181.95,983
2023-07-12,616.74,619.86,635.91,607.28,623.97,8871.46,5495311.05,1432
2023-07-13,623.97,625.41,634.77,609.46,618.38,12883.2,7986696.05,1478
2023-07-14,618.38,621.45,627.79,614.51,623.13,6213.45,3860854.05,808
2023-07-17,623.13,626.25,643.34,618.13,618.77,120809.5,76207913.2,3840
2023-07-18,618.77,621.84,630.36,621.6,624.02,39415.8,24590650.1,1661
2023-07-19,624.02,627.14,639.92,621.84,629.37,8008.34,5058402.15,986
2023-07-20,629.37,629.32,663.05,628.09,639.18,42717.86,27523913.1,3106
2023-07-21,639.18,636.21,646.21,630.26,638.29,46074.44,29412463.85,1871
2023-07-24,638.29,641.51,657.7,634.82,650.42,15482.65,10013497.35,2063
2023-07-25,650.42,653.69,659.29,648.84,650.37,5811.67,3793372.65,744
2023-07-26,650.37,653.64,660.68,643.98,647.95,5673.37,3689636.25,845
2023-07-27,647.95,649.88,656.32,634.18,644.97,8439.39,5455181.55,1221
2023-07-28,644.97,644.03,650.42,639.03,640.81,4863.75,3135961.6,481
2023-07-31,640.81,633.98,653.15,633.98,649.98,12406.71,7978573.5,830
2023-08-01,649.98,653.1,678.36,652.8,656.22,26977.79,17938296.65,2676
2023-08-02,656.22,658.69,674.54,646.26,651.22,17841.84,11768460.75,1906
2023-08-03,651.22,644.97,663.7,643.64,659.49,7327.94,4827524.35,839
2023-08-04,659.49,650.27,672.27,650.27,669.05,11102.44,7350547.65,1494
2023-08-07,669.05,669.05,672.07,659.29,662.41,5046.47,3347884.15,917
2023-08-08,662.41,665.73,670.58,653.74,656.47,10351.38,6810120.75,873
2023-08-09,656.47,659.78,707.28,659.78,693.76,93442.04,63597651.85,5272
2023-08-10,693.76,703.82,715.8,651.02,656.91,64647.16,43829931.2,7720
2023-08-11,656.91,664.14,666.77,629.97,635.61,144033.98,92719630.1,3894
2023-08-14,635.61,638.83,648.44,630.07,646.31,32522.95,20864297.8,1479
2023-08-16,646.31,644.93,649.83,636.55,643.84,14880.99,9577888.6,856
2023-08-17,643.84,642.94,647.06,623.68,627.05,9094.56,5748149.65,1667
2023-08-18,627.05,630.22,630.22,617.19,618.87,10470.5,6496432.05,1175
2023-08-21,618.87,618.13,655.72,618.13,633.88,34856.91,22316674.4,3478
2023-08-22,633.88,626.1,658.69,626.1,640.57,32382.63,20803656.4,4026
2023-08-23,640.57,637.2,653.74,637.2,648.89,10844.01,6995548.4,1936
2023-08-24,648.89,652.16,652.16,630.56,643.09,8997.64,5747557.9,1348
2023-08-25,643.09,639.87,641.9,629.57,631.26,5085.84,3237773.25,695
2023-08-28,631.26,633.98,638.29,628.04,630.66,4270.17,2702174.75,954
2023-08-29,630.66,628.63,650.18,623.48,636.31,6994.8,4435441.45,945
2023-08-30,636.31,639.23,643.89,632.59,635.27,3698.8,2365849.95,661
2023-08-31,635.27,632.25,638.44,632.25,635.51,2733.72,1734704.55,489
2023-09-01,635.51,638.73,638.73,623.13,629.77,16708.18,10503312.0,1447
2023-09-04,629.77,624.37,638.93,616.74,619.71,26087.41,16284662.45,1630
2023-09-05,619.71,622.84,635.96,622.09,624.77,10716.82,6732474.1,1156
2023-09-06,624.77,627.94,643.39,625.16,633.93,18017.5,11406528.25,1317
2023-09-07,633.93,634.97,647.35,630.61,642.15,16311.45,10454320.9,1336
2023-09-08,642.15,645.37,647.8,629.03,631.21,8508.04,5402498.7,1142
2023-09-11,631.21,632.99,634.33,616.84,623.08,17654.08,11062637.25,1765
2023-09-12,623.08,626.2,627.49,600.5,604.76,17169.52,10525856.35,2287
2023-09-13,604.76,607.83,610.5,582.72,588.31,52491.81,30957073.75,3884
2023-09-14,588.31,588.31,596.68,580.73,585.94,21010.65,12323399.4,2682
2023-09-15,585.94,586.78,587.42,580.73,586.28,15902.6,9300151.15,1593
2023-09-18,586.28,586.28,587.42,583.06,586.28,17032.23,9962212.1,1440
2023-09-20,586.28,584.45,596.29,582.17,583.26,29635.79,17391422.1,1512
2023-09-21,583.26,580.73,587.77,569.59,579.5,29273.38,16896276.55,1267
2023-09-22,579.5,580.83,584.4,572.56,576.33,13999.7,8061054.3,688
2023-09-25,576.33,578.85,585.69,575.53,583.11,6256.86,3635294.2,417
2023-09-26,583.11,580.73,594.65,580.73,592.13,5379.61,3178566.75,549
2023-09-27,592.13,592.13,594.11,580.78,584.3,8220.33,4809933.3,900
2023-09-28,584.3,587.22,587.22,574.54,576.62,7526.81,4376773.95,1017
2023-09-29,576.62,577.76,590.74,576.62,587.52,5543.15,3253356.2,523
2023-10-03,587.52,579.94,586.88,571.67,574.3,6411.31,3689201.55,1282
2023-10-04,574.3,576.18,590.74,574.3,579.15,10035.41,5819941.9,1304
2023-10-05,579.15,589.15,603.67,583.61,600.45,14098.63,8401243.45,1336
2023-10-06,600.45,603.47,605.05,595.49,600.05,8495.92,5107780.2,1047
2023-10-09,600.05,595.49,599.75,586.03,590.05,5721.83,3392417.55,1211
2023-10-10,590.05,588.46,589.15,575.48,577.71,13877.55,8061310.15,1168
2023-10-11,577.71,577.71,589.2,577.71,580.69,5257.46,3064697.65,997
2023-10-12,580.69,583.61,586.03,577.02,578.51,4874.86,2831223.25,820
2023-10-13,578.51,581.43,583.81,578.65,582.12,3321.24,1931089.4,412
2023-10-16,582.12,583.46,594.36,576.08,578.26,16812.16,9765597.2,859
2023-10-17,578.26,581.08,581.18,569.39,573.75,19600.39,11248010.2,1412
2023-10-18,573.75,575.53,575.53,568.6,574.1,13897.74,7946884.55,750
2023-10-19,574.1,578.85,581.18,560.87,573.16,40753.38,23246468.1,2080
2023-10-20,573.16,575.88,575.88,568.1,571.67,5246.35,3000853.65,1011
2023-10-23,571.67,574.35,574.54,556.71,559.04,8210.24,4621404.1,1258
2023-10-25,559.04,561.67,563.0,545.82,556.51,12915.5,7157553.0,1519
2023-10-26,556.51,556.51,570.63,554.29,567.61,13066.92,7333765.95,1319
2023-10-27,567.61,565.43,574.54,561.67,565.38,5324.09,3018673.7,803
2023-10-30,565.38,568.25,574.54,560.53,570.93,6796.94,3851935.2,818
2023-10-31,570.93,562.66,579.5,561.67,574.69,3032.53,1735762.45,449
2023-11-01,574.69,572.56,574.89,563.4,573.01,7165.41,4091978.8,552
2023-11-02,573.01,574.0,574.54,558.2,567.76,14833.54,8374303.05,1092
2023-11-03,567.76,564.64,584.45,564.64,569.24,16448.74,9432409.15,2022
2023-11-06,569.24,567.86,575.93,559.64,568.06,11854.52,6717796.45,1212
2023-11-07,568.06,568.3,573.7,565.68,569.49,4431.69,2524851.95,823
2023-11-08,569.49,569.24,584.1,567.16,573.7,10482.61,6020074.05,1370
2023-11-09,573.7,572.56,575.04,564.64,566.37,17719.7,10080022.45,1447
2023-11-10,566.37,569.24,574.54,561.67,567.61,8016.41,4550295.2,1015
2023-11-13,569.34,569.34,571.03,564.04,564.59,11098.41,6282166.4,644
2023-11-15,564.59,566.42,568.35,559.29,563.99,8979.47,5066560.35,983
2023-11-16,563.99,564.39,572.02,554.98,559.64,15488.71,8730605.35,1051
2023-11-17,559.64,557.8,561.32,536.55,540.57,57442.38,31225746.0,6565
2023-11-20,540.57,543.29,544.78,531.55,538.44,25047.63,13452952.7,2000
2023-11-21,538.44,541.11,543.29,533.58,534.97,11522.4,6183859.35,1411
2023-11-22,534.97,536.9,539.77,533.29,537.2,8214.27,4412539.65,713
2023-11-23,537.2,537.89,541.76,531.6,535.66,8966.35,4819327.65,924
2023-11-24,535.66,542.65,546.81,535.27,538.49,29553.02,16000372.05,1941
2023-11-28,538.49,544.83,544.83,532.99,534.62,14330.81,7713081.0,1817
2023-11-29,534.62,537.3,541.21,532.0,534.57,25337.36,13573865.25,1225
2023-11-30,534.57,535.61,535.71,531.21,533.14,10959.1,5844461.5,934
2023-12-01,533.14,535.17,535.81,529.97,532.44,11351.79,6051628.6,1487
2023-12-04,532.44,535.91,541.85,532.84,537.55,28925.11,15544370.6,1983
2023-12-05,537.55,536.9,541.31,533.53,535.17,28562.7,15327437.55,3181
2023-12-06,535.17,534.92,538.68,532.89,536.75,15416.02,8244500.2,1806
2023-12-07,536.75,539.48,550.77,534.42,540.67,39410.75,21269199.05,4019
2023-12-08,540.67,539.67,547.15,532.94,535.07,25948.1,13998911.45,3727
2023-12-11,535.07,537.79,541.31,531.65,533.93,17413.82,9311827.2,1202
2023-12-12,533.93,534.97,534.97,523.33,525.51,27866.15,14755401.25,2148
2023-12-13,525.51,525.51,536.21,519.81,530.56,31541.72,16664240.4,3759
2023-12-14,530.56,533.24,537.35,528.98,531.4,17529.91,9356269.75,2287
2023-12-15,531.4,531.21,538.88,531.21,536.41,18552.53,9946934.2,2448
2023-12-18,536.41,536.41,547.15,531.01,533.34,24714.5,13317785.25,1588
2023-12-19,533.34,533.34,536.41,530.96,535.22,14439.84,7715736.15,1910
2023-12-20,535.22,536.41,539.13,526.0,528.13,36263.14,19372109.05,3264
2023-12-21,528.13,525.26,535.37,520.06,532.54,18697.9,9913256.1,1504
2023-12-22,532.54,534.03,537.89,530.46,535.12,20547.3,10989636.1,1884
2023-12-26,535.12,539.82,539.82,532.94,534.92,25355.53,13587527.7,2364
2023-12-27,534.92,534.92,579.79,534.92,560.43,142767.06,79992361.2,13303
2023-12-28,560.43,562.26,562.26,549.83,557.21,33663.69,18684308.8,4058
2023-12-29,557.21,556.86,577.52,556.02,574.2,55518.28,31509696.4,5918
2024-01-01,574.2,579.3,583.81,568.65,574.49,26954.57,15561392.65,3195
2024-01-02,574.49,572.61,576.87,556.91,568.5,31950.57,18045118.7,2215
2024-01-03,568.5,568.5,582.32,560.43,572.96,26612.35,15196090.85,3225
2024-01-04,572.96,575.83,579.25,564.84,572.96,16591.08,9474542.9,1888
2024-01-05,572.96,575.39,575.39,564.79,568.8,53298.4,30417293.2,2591
2024-01-08,568.8,563.85,581.48,563.85,574.35,24371.27,13992162.8,2001
2024-01-09,574.35,578.85,589.35,572.81,574.15,42946.01,24990881.9,4191
2024-01-10,574.15,574.99,579.5,567.41,568.65,11244.78,6433826.5,1349
2024-01-11,568.65,568.65,589.4,562.76,566.87,55768.63,32091345.0,4559
2024-01-12,566.87,572.51,576.97,558.0,564.64,41458.01,23626639.7,4822
2024-01-15,564.64,567.46,571.32,559.83,561.32,67160.8,38016344.15,3319
2024-01-16,561.32,564.09,568.06,555.92,558.99,21295.33,11940327.8,1992
2024-01-17,558.99,558.99,567.31,555.33,558.05,36511.48,20530007.35,3998
2024-01-18,558.05,558.94,560.77,543.09,543.84,30589.77,16761022.4,2845
2024-01-19,543.84,549.88,549.88,539.87,544.53,36408.51,19874810.45,2502
2024-01-23,553.1,553.74,555.87,525.11,534.08,17294.7,9358048.65,1486
2024-01-24,534.08,534.08,541.8,529.97,534.62,23718.12,12694476.5,2887
2024-01-25,534.62,532.94,542.84,529.52,533.53,53724.4,28887320.9,3750
2024-01-29,533.53,533.88,544.83,530.91,536.36,31205.56,16741641.85,2048
2024-01-30,536.36,539.08,545.77,536.31,544.08,66356.24,35799633.7,1558
2024-01-31,544.08,548.14,553.1,539.43,549.73,26297.39,14369492.95,2372
2024-02-01,549.73,552.5,555.87,542.84,545.82,11697.04,6416945.4,1293
2024-02-02,545.82,548.59,554.73,539.87,545.57,11971.62,6542177.85,1828
2024-02-05,545.57,548.59,562.06,531.35,534.77,64795.55,34970670.65,2866
2024-02-06,534.77,536.9,548.84,527.19,529.57,30105.21,16103791.2,2027
2024-02-07,529.57,529.97,535.86,528.58,529.82,25755.29,13706742.6,1948
2024-02-08,529.82,529.82,536.26,527.99,529.03,30193.04,16018215.15,1745
2024-02-09,529.03,534.38,534.82,515.36,523.68,37974.24,19945351.05,3012
2024-02-12,523.68,525.01,545.82,510.4,536.75,154791.17,80591590.3,4441
2024-02-13,536.75,534.92,534.92,518.38,526.1,21600.2,11328126.9,2355
2024-02-14,526.1,523.43,535.91,521.94,529.17,38238.72,20226885.1,1648
2024-02-15,529.17,529.97,533.04,513.13,515.06,46939.58,24485371.45,4762
2024-02-16,515.06,517.63,523.83,499.26,504.95,193601.27,97950349.75,10558
2024-02-19,504.95,509.07,514.17,498.76,501.29,56300.64,28368599.3,5405
2024-02-20,501.29,503.82,510.16,494.55,500.55,158169.96,78936331.6,14301
2024-02-21,500.55,503.22,516.1,494.55,496.14,171596.26,86516349.9,9486
2024-02-22,496.14,503.12,511.15,494.8,497.28,72950.27,36651942.4,5360
2024-02-23,497.28,498.27,512.09,495.3,506.69,148006.35,74440551.65,12022
2024-02-26,506.69,508.17,525.76,508.17,512.53,68111.75,35230918.3,5494
2024-02-27,512.53,514.51,534.92,509.26,531.11,63722.46,33465675.0,5495
2024-02-28,531.11,533.29,540.86,520.06,532.99,67994.65,36039171.7,5158
2024-02-29,532.99,532.94,534.72,525.91,529.77,14147.09,7487784.7,1751
2024-03-01,529.77,530.41,544.43,515.36,541.56,177285.79,94265209.05,13942
2024-03-04,525.31,535.46,544.83,522.79,524.52,92585.99,49342623.4,9272
2024-03-05,524.52,527.14,528.93,508.22,520.41,116460.58,60554225.75,4578
2024-03-06,520.41,523.03,530.31,516.1,522.14,80023.81,41625610.05,5542
2024-03-07,522.14,516.2,527.64,515.36,522.29,122237.93,64228195.8,2724
2024-03-11,522.29,524.87,531.95,518.58,529.92,21653.7,11370424.25,2288
2024-03-12,529.92,521.99,531.5,518.08,519.27,31883.94,16775868.65,2862
2024-03-13,519.27,519.32,521.5,505.7,507.23,46904.24,24084404.2,3896
2024-03-14,507.23,512.33,516.54,505.2,510.2,19538.81,9974797.3,2287
2024-03-15,510.2,505.2,512.14,505.2,510.5,16060.08,8187408.15,1436
2024-03-18,510.5,506.89,511.49,502.73,506.99,37839.97,19133370.25,2704
2024-03-19,506.99,506.99,508.17,502.23,503.52,38910.04,19679344.15,3112
2024-03-20,503.52,505.99,507.13,501.74,504.61,36316.64,18337191.7,1753
2024-03-21,504.61,509.96,511.34,501.24,503.17,41924.4,21164689.05,1973
2024-03-22,503.17,502.18,505.7,502.13,505.0,56989.12,28773092.75,981
2024-03-26,505.0,505.25,524.82,503.32,507.23,73748.78,37646194.55,5418
2024-03-27,507.23,507.23,521.05,505.2,516.84,67175.95,34611149.9,5571
2024-03-28,516.84,509.07,525.01,509.07,520.9,38415.39,19957603.95,2939
2024-04-01,520.9,515.11,533.73,515.11,525.26,23009.46,12140729.25,2759
2024-04-02,525.26,525.26,552.8,524.96,545.77,47824.91,25895350.6,4465
2024-04-03,545.77,544.83,547.01,535.02,539.63,18684.77,10118430.55,2536
2024-04-04,539.63,538.88,549.33,538.88,544.23,37541.16,20437705.2,2313
2024-04-05,544.23,544.23,549.78,541.85,547.55,9278.28,5069216.4,1011
2024-04-08,547.55,552.9,554.19,544.83,549.93,17835.79,9818203.85,1856
2024-04-09,549.93,549.78,574.4,545.92,567.76,38895.91,21955722.25,4057
2024-04-10,567.76,567.76,577.86,554.98,564.79,28964.48,16321376.1,4165
2024-04-12,564.79,564.74,570.73,552.7,555.47,23272.94,13038088.7,3756
2024-04-15,555.47,544.83,553.99,541.41,547.45,14496.37,7952286.3,1428
2024-04-16,547.45,549.09,569.59,539.97,563.1,35254.65,19787172.8,3021
2024-04-18,563.1,564.09,572.07,555.67,563.05,11648.58,6553579.5,1517
2024-04-19,563.05,554.58,589.4,533.83,580.04,65856.53,37874947.1,5196
2024-04-22,580.04,589.4,600.65,569.59,583.21,73637.74,42860163.8,5288
2024-04-23,583.21,586.08,588.36,574.54,577.32,25385.81,14744846.0,2532
2024-04-24,577.32,570.63,578.46,568.1,571.57,9936.48,5703516.1,1351
2024-04-25,571.57,571.57,574.2,562.9,569.84,15773.39,8949115.7,1797
2024-04-26,569.84,571.52,572.66,559.68,562.46,9281.31,5225392.15,920
2024-04-29,562.46,562.46,566.07,550.77,553.25,12644.96,7031734.55,987
2024-04-30,553.25,554.73,562.51,553.74,556.56,8216.29,4578952.0,793
2024-05-02,556.56,555.72,558.69,548.0,556.32,11903.98,6603101.05,1378
2024-05-03,556.32,553.69,565.53,544.88,549.09,24839.68,13723778.8,2045
2024-05-06,549.09,551.76,563.99,547.45,559.88,11723.28,6496795.4,1114
2024-05-07,559.88,559.68,562.66,544.78,547.2,13148.69,7205774.3,1124
2024-05-08,547.2,546.86,552.21,541.16,546.46,7998.24,4379160.9,1400
2024-05-09,546.46,546.81,548.99,529.97,532.64,10068.72,5446703.9,1799
2024-05-10,532.64,529.97,544.23,528.53,540.86,5877.29,3155558.15,681
2024-05-13,540.86,543.59,543.59,531.11,536.16,8072.94,4319950.9,748
2024-05-14,536.16,529.22,555.08,517.39,523.13,76759.1,40749221.85,5650
2024-05-15,523.13,522.14,540.12,517.63,534.87,44786.32,23800357.15,2533
2024-05-16,534.87,537.55,551.76,535.07,548.49,89454.53,48716400.75,2340
2024-05-17,548.49,548.49,558.5,545.57,555.03,16941.37,9367260.15,1771
2024-05-21,547.75,552.8,552.8,539.13,543.44,11790.92,6411963.45,1206
2024-05-22,543.44,543.84,547.8,539.13,544.08,7325.92,3985074.75,1274
2024-05-23,544.08,546.81,546.81,537.15,542.55,16057.05,8682756.7,1788
2024-05-24,542.55,539.82,544.78,525.56,535.76,16444.7,8791678.2,1183
2024-05-27,535.76,538.44,553.0,533.88,546.86,10032.38,5451193.55,911
2024-05-28,546.86,547.2,547.25,537.15,546.01,8234.46,4485434.35,513
2024-05-29,546.01,546.06,548.69,541.46,546.91,5437.15,2967991.85,447
2024-05-30,546.91,541.85,546.81,537.94,538.93,12591.45,6813160.8,452
2024-05-31,538.93,537.94,543.93,535.17,540.72,6614.22,3573748.95,712
2024-06-03,540.72,544.93,600.79,538.09,582.91,274046.04,154229914.6,8184
2024-06-04,582.91,579.5,580.24,549.78,564.04,76724.78,43390805.55,4105
2024-06-05,564.04,559.73,591.28,549.09,583.26,39024.11,22481357.1,1997
2024-06-06,583.26,606.59,636.41,594.31,615.21,159707.42,98522539.3,11943
2024-06-07,615.21,623.88,648.84,616.35,624.17,106729.04,67654670.1,7928
2024-06-10,624.17,637.45,638.83,610.3,615.16,88652.99,55214328.15,4138
2024-06-11,615.16,621.25,621.25,593.71,599.26,64375.6,38975757.65,4152
2024-06-12,599.26,604.11,611.64,588.91,604.66,23495.03,14255310.2,2836
2024-06-13,604.66,610.55,638.29,606.0,623.23,409451.85,253686014.0,6943
2024-06-14,623.23,636.31,641.31,617.34,621.15,93510.69,58617958.8,5146
2024-06-18,621.15,627.05,628.73,613.62,625.31,25295.97,15730623.35,2883
2024-06-19,625.31,624.07,626.3,609.41,613.67,25492.82,15707519.15,2156
2024-06-20,613.67,616.74,618.92,607.48,612.78,21846.52,13408340.5,1456
2024-06-21,612.78,615.5,623.63,611.44,618.03,28005.46,17327520.05,2118
2024-06-24,618.03,619.17,638.93,618.08,628.83,62824.01,39296486.7,3924
2024-06-25,628.83,630.02,633.73,618.08,624.07,15846.07,9906384.15,2058
2024-06-26,624.07,624.42,626.01,616.15,618.92,38669.78,24016468.45,2648
2024-06-27,618.92,619.12,624.57,594.11,596.83,29189.6,17716672.8,3488
2024-06-28,596.83,596.83,623.03,596.83,618.28,171556.89,105688875.4,4379
2024-07-01,618.28,619.12,653.79,615.41,637.94,105460.1,67374708.0,9494
2024-07-02,637.94,637.55,645.67,626.1,631.75,25400.96,16098028.1,3130
2024-07-03,631.75,626.05,636.75,620.41,623.43,35318.25,22182590.75,4313
2024-07-04,623.43,629.32,633.98,621.6,630.36,29579.26,18606183.15,3405
2024-07-05,630.36,630.36,639.92,623.92,631.4,37589.62,23728531.05,3305
2024-07-08,631.4,627.54,632.89,609.21,613.33,35317.24,21772180.0,3353
2024-07-09,613.33,615.16,618.92,604.76,610.11,17366.37,10665615.8,1572
2024-07-10,610.11,606.49,619.17,606.49,614.46,42858.18,26275233.8,2908
2024-07-11,614.46,618.48,618.48,605.3,611.29,15431.17,9462678.7,1307
2024-07-12,611.29,611.29,619.32,597.33,600.65,21553.76,13132708.85,1926
2024-07-15,600.65,603.67,605.15,594.41,596.09,16985.79,10155265.25,1259
2024-07-16,596.09,596.09,605.85,596.09,600.2,7959.88,4783455.05,948
2024-07-18,600.2,600.94,603.22,572.51,575.68,95152.13,55118780.45,6736
2024-07-19,575.68,581.18,583.31,563.65,568.85,34508.63,19646810.9,3992
2024-07-22,568.85,568.85,577.02,559.93,568.25,25081.95,14169362.25,3223
2024-07-23,568.25,568.25,572.56,556.96,565.33,29222.91,16449869.0,3190
2024-07-24,565.33,564.14,575.68,564.14,570.23,8390.94,4793659.8,1390
2024-07-25,570.23,570.23,578.85,566.62,574.3,20215.17,11594384.5,1736
2024-07-26,574.3,578.26,602.08,575.73,596.24,19583.23,11553218.05,2077
2024-07-29,596.24,596.34,625.41,590.39,621.8,38321.5,23412084.35,3482
2024-07-30,621.8,622.19,640.27,617.68,635.66,40064.9,25366750.45,5046
2024-07-31,635.66,627.05,663.2,627.05,657.65,130300.78,85042195.55,8154
2024-08-01,657.65,662.51,711.79,656.76,701.39,227160.98,155490110.55,16789
2024-08-02,701.39,685.59,727.1,680.69,700.79,216144.34,152155034.8,16689
2024-08-05,700.79,698.37,698.37,649.93,660.48,79222.27,52998676.55,9037
2024-08-06,660.48,664.69,676.13,631.26,634.82,42608.84,27560838.75,4248
2024-08-07,634.82,634.82,644.13,626.05,631.9,14113.77,8980899.1,2576
2024-08-08,631.9,632.0,642.94,626.3,633.98,23001.38,14603595.5,3767
2024-08-09,633.98,637.15,648.59,623.33,630.12,82642.45,52363113.85,8633
2024-08-12,630.12,632.99,632.99,598.62,601.19,137397.55,82548875.3,6246
2024-08-13,601.19,602.97,606.34,594.36,597.08,32866.18,19588020.25,1470
2024-08-14,597.08,600.1,619.47,594.36,599.61,40058.85,24171086.85,3896
2024-08-16,599.61,602.63,609.02,602.03,606.19,9187.43,5562994.15,1345
2024-08-19,606.19,609.26,727.39,609.26,719.76,315155.78,220105761.15,17470
2024-08-20,719.76,721.15,773.65,686.13,699.26,650850.77,476759092.45,41905
2024-08-21,699.26,706.19,778.61,698.42,741.61,467838.11,347550395.4,32031
2024-08-22,741.61,741.61,750.57,719.37,727.54,96122.25,70631291.1,7113
2024-08-23,727.54,727.1,758.74,717.14,743.64,154043.14,114562719.25,10931
2024-08-26,743.64,767.71,770.33,735.76,748.99,89022.46,66637392.05,7732
2024-08-27,748.99,750.87,752.7,725.31,729.82,33150.86,24419126.25,2614
2024-08-28,729.82,728.09,749.23,726.35,732.59,44686.38,33019473.6,4889
2024-08-29,732.59,728.09,738.29,716.2,721.8,29505.57,21370759.1,3550
2024-08-30,721.8,723.13,761.77,720.8,745.02,83958.83,62384946.25,7657
2024-09-02,745.02,748.79,758.1,732.05,738.93,33325.5,24667088.0,4213
2024-09-03,738.93,831.4,838.98,779.79,791.58,3411124.6,2772579940.2,86477
2024-09-04,791.58,770.68,800.05,770.68,793.96,284255.08,223927059.75,22196
2024-09-05,793.96,799.51,815.21,793.96,800.05,285873.31,229375503.2,15257
2024-09-06,800.05,812.34,821.0,788.61,792.42,516458.5,414863558.4,29517
2024-09-09,792.42,798.42,802.73,782.47,787.92,136109.43,107954830.85,11719
2024-09-10,787.92,791.48,796.34,782.57,783.81,69910.67,55150444.1,5206
2024-09-11,783.81,788.51,795.25,782.17,783.41,60856.5,47910915.75,5557
2024-09-12,783.41,788.26,790.0,753.2,758.79,73500.44,56587648.45,6630
2024-09-13,758.79,765.68,775.98,761.22,768.5,51016.93,39223724.2,4862
2024-09-16,768.5,773.6,775.53,756.27,766.17,47871.34,36580683.2,5073
2024-09-17,766.17,767.71,775.63,761.62,774.3,30058.77,23130908.9,3514
2024-09-18,774.3,774.64,777.62,763.75,769.94,30014.36,23092979.55,4828
2024-09-19,769.94,773.65,776.97,754.83,767.66,31210.61,23847676.95,3431
2024-09-20,767.66,775.53,775.53,757.85,760.48,25716.93,19639238.9,3551
2024-09-23,760.48,774.49,785.54,758.05,763.25,71668.21,55167084.25,6979
2024-09-24,763.25,770.88,770.88,757.85,766.47,30448.44,23278541.7,2771
2024-09-25,766.47,770.14,770.14,752.85,757.51,31008.71,23500983.05,2767
2024-09-26,757.51,752.9,761.12,742.94,748.1,48064.16,36005450.6,4071
2024-09-27,748.1,745.12,751.81,741.26,749.88,47033.46,35178647.0,2041
2024-09-30,749.88,748.05,755.28,725.31,748.24,74785.53,55736085.4,3835
2024-10-01,748.24,752.36,753.49,740.96,748.54,60770.69,45475776.95,2118
2024-10-03,748.54,738.98,748.89,729.62,743.44,54346.25,40220575.75,3306
2024-10-04,743.44,739.03,761.77,733.83,753.59,93418.82,70298435.65,5960
2024-10-07,753.59,753.59,760.73,733.43,747.55,61667.12,45903729.0,3221
2024-10-08,747.55,750.87,777.62,739.53,770.09,44632.88,33869214.6,2753
2024-10-09,770.09,773.95,799.06,768.01,795.1,89322.28,70404969.3,4856
2024-10-10,795.1,794.36,799.85,780.88,795.0,63729.53,50416877.95,4036
2024-10-11,795.0,794.8,811.2,786.33,792.72,56408.66,45024184.55,3347
2024-10-14,792.72,796.14,797.38,788.61,793.81,31765.83,25190368.8,1767
2024-10-15,793.81,793.46,809.12,793.46,797.87,49253.34,39398087.25,3354
2024-10-16,797.87,805.85,817.24,794.46,805.6,98118.03,78877618.2,7814
2024-10-17,805.6,803.37,841.9,802.38,836.21,210953.51,174636263.6,11271
2024-10-18,836.21,836.21,839.28,807.58,820.16,76440.1,62825572.1,6166
2024-10-21,820.16,827.14,832.84,794.46,807.28,124772.78,100915875.85,7352
2024-10-22,807.28,808.18,809.81,789.5,794.55,65857.54,52381809.7,5992
2024-10-23,794.55,797.08,812.19,792.47,804.81,53212.59,42838660.95,3624
2024-10-24,804.81,808.87,810.3,794.46,801.04,54031.29,43378891.75,3468
2024-10-25,801.04,783.01,783.86,727.1,758.84,82880.69,61798367.85,4414
2024-10-28,758.84,741.95,760.97,733.04,752.95,29642.86,22116432.6,1821
2024-10-29,752.95,738.04,794.26,738.04,782.91,56743.81,43307493.95,2661
2024-10-30,782.91,786.53,796.88,768.7,786.38,24669.07,19332283.6,2102
2024-10-31,786.38,790.34,803.37,783.31,794.41,31997.01,25382831.1,3713
2024-11-01,794.41,797.38,802.28,792.47,794.01,4392.32,3496145.55,493
2024-11-04,794.01,797.08,812.29,784.75,805.45,17861.02,14251102.9,1788
2024-11-05,805.45,795.0,836.56,792.08,828.73,106165.74,87536793.65,4611
2024-11-06,828.73,817.24,839.18,805.9,825.66,36355.0,29986554.65,2789
2024-11-07,825.66,817.29,835.07,788.61,820.11,58372.13,47369500.75,5645
2024-11-08,820.11,813.28,813.28,713.23,727.19,134697.14,100781652.3,8544
2024-11-11,727.19,721.15,726.7,698.37,700.5,33428.47,23622822.95,3409
2024-11-12,700.5,700.84,718.87,685.99,690.69,25018.36,17588484.45,2746
2024-11-13,690.69,665.68,677.57,640.96,646.46,70859.6,46296379.15,5280
2024-11-14,646.46,646.46,674.54,640.27,663.55,38478.98,25550636.15,3085
2024-11-18,663.55,674.45,674.45,629.03,635.37,24606.48,15687183.1,2889
2024-11-19,635.37,632.0,650.62,632.0,641.9,17122.07,11040026.6,1591
2024-11-21,641.9,648.14,651.66,635.96,642.15,17597.55,11286455.65,1613
2024-11-22,642.15,640.57,653.74,636.51,648.49,11947.39,7704494.25,1514
2024-11-25,648.49,669.94,677.57,638.98,644.13,12232.07,7984881.65,2165
2024-11-26,644.13,644.28,659.98,637.59,643.84,17705.56,11463520.0,2346
2024-11-27,643.84,650.42,650.47,628.04,632.3,33708.1,21404671.3,2586
2024-11-28,632.3,639.43,643.84,623.08,625.06,19935.54,12561984.1,1764
2024-11-29,625.06,626.1,628.38,620.11,624.52,9727.51,6060311.95,1099
2024-12-02,624.52,624.07,638.88,616.54,635.86,11035.82,6946423.1,1271
2024-12-03,635.86,641.51,642.99,633.98,640.86,7922.53,5067570.9,926
2024-12-04,640.86,644.78,644.78,628.04,629.97,30629.14,19378389.35,2432
2024-12-05,629.97,630.02,643.49,629.13,634.82,29022.02,18441088.25,3253
2024-12-06,634.82,631.6,638.93,628.04,636.8,26991.92,17081684.25,2783
2024-12-09,636.8,637.55,703.32,637.55,687.77,101766.35,68602239.9,5788
2024-12-10,687.77,682.62,698.91,670.83,678.36,25717.94,17675926.3,3976
2024-12-11,678.36,675.58,676.53,663.7,665.23,11273.05,7539905.25,998
2024-12-12,665.23,662.71,666.77,659.83,664.59,9639.68,6394437.95,1053
2024-12-13,664.59,664.59,679.05,655.72,668.75,16029.8,10690899.7,1798
2024-12-16,668.75,668.65,681.53,668.65,674.49,12714.61,8597344.1,1078
2024-12-17,674.49,676.18,676.18,654.58,662.26,20531.14,13616685.1,1758
2024-12-18,662.26,667.36,667.36,649.88,657.01,6788.87,4451783.75,1250
2024-12-19,657.01,653.39,663.55,647.15,655.67,7475.32,4897300.5,1058
2024-12-20,655.67,655.67,655.67,631.11,634.92,21253.94,13675636.9,2150
2024-12-23,634.92,633.98,648.59,631.11,641.66,20819.86,13287381.1,1821
2024-12-24,641.66,641.9,668.65,641.9,659.69,11745.49,7696242.95,928
2024-12-26,659.69,664.59,670.63,654.19,659.34,9412.55,6216879.95,914
2024-12-27,659.34,662.56,665.58,658.4,659.54,6097.36,4027813.7,563
2024-12-30,659.54,659.78,667.07,644.93,659.69,9554.89,6275841.6,997
2024-12-31,659.69,644.93,662.66,644.93,661.27,5779.37,3800291.85,616
2025-01-01,661.27,655.97,663.65,655.72,659.29,4540.72,2996317.75,434
2025-01-02,659.29,658.74,672.41,655.77,667.41,5141.37,3415853.7,542
2025-01-03,667.41,659.78,671.92,658.74,659.29,10245.38,6781106.7,572
2025-01-06,659.29,659.69,668.65,644.28,651.12,17265.42,11272161.75,1536
2025-01-07,651.12,648.79,661.22,644.93,659.93,11247.81,7364583.65,1065
2025-01-08,659.93,653.25,662.66,648.89,657.65,8821.99,5782981.35,1009
2025-01-09,657.65,657.26,669.1,654.19,664.54,7429.9,4932222.1,706
2025-01-10,664.54,665.68,672.91,643.09,651.56,13354.63,8706103.1,1333
2025-01-13,651.56,604.46,693.56,604.46,634.03,29923.5,19025298.15,1392
2025-01-14,634.03,612.73,639.08,612.73,634.08,10122.22,6422529.5,758
2025-01-15,634.08,639.97,663.85,634.08,647.06,3740.19,2399891.35,387
2025-01-16,647.06,647.2,651.27,636.31,638.24,3889.59,2499114.5,430
2025-01-17,638.24,635.96,639.38,633.34,636.7,6666.72,4232307.65,384
2025-01-20,636.7,642.55,646.81,634.08,640.52,2549.99,1634072.4,344
2025-01-21,640.52,637.64,646.26,637.64,640.17,2965.9,1900072.75,254
2025-01-22,640.17,635.17,643.79,618.03,620.85,8465.64,5335301.45,598
2025-01-23,620.85,620.06,621.89,613.28,614.32,7269.39,4495231.85,417
2025-01-24,614.32,617.54,617.54,607.28,609.26,3786.62,2311926.45,314
2025-01-27,609.26,609.26,609.26,579.5,582.57,5502.77,3237341.35,627
2025-01-28,582.57,574.54,588.41,571.13,573.5,3716.97,2148857.05,417
2025-01-29,573.5,574.79,612.43,572.41,605.6,3956.22,2383121.3,515
2025-01-30,605.6,599.31,613.18,598.07,606.49,3833.06,2334907.8,478
2025-01-31,606.49,612.24,612.24,594.5,597.33,3743.21,2251558.05,547
2025-02-03,605.05,610.9,629.03,603.27,620.31,8641.29,5362351.8,692
2025-02-04,620.31,619.17,622.09,596.39,607.68,10870.26,6685828.05,554
2025-02-05,607.68,607.68,612.19,585.69,591.33,8758.39,5222728.95,670
2025-02-06,591.33,584.45,584.45,560.87,563.0,36107.68,20617637.65,1608
2025-02-07,563.0,561.67,563.65,549.68,552.01,8747.29,4860355.3,783
2025-02-10,552.01,550.72,552.4,534.03,535.51,8805.84,4752247.2,809
2025-02-11,535.51,541.76,541.76,525.01,529.32,6591.0,3502180.75,538
2025-02-12,529.32,534.13,534.57,520.71,521.55,8110.3,4264888.25,684
2025-02-13,521.55,521.55,536.36,513.13,515.31,10698.65,5575870.35,1067
2025-02-14,515.31,519.91,522.54,496.29,501.83,14672.02,7403270.65,1237
2025-02-17,501.83,501.54,504.56,486.38,495.59,16280.15,8040028.0,1741
2025-02-18,495.59,492.32,502.33,482.81,484.9,11650.6,5699374.2,982
2025-02-19,484.9,487.22,505.25,484.94,502.13,14540.79,7265961.4,2880
2025-02-20,502.13,497.33,524.92,497.33,522.09,14268.23,7390699.3,1047
2025-02-21,522.09,525.71,548.69,517.49,530.51,9752.75,5158367.25,1222
2025-02-24,530.51,511.99,550.22,511.99,535.96,8029.54,4320113.5,936
2025-02-25,535.96,534.92,544.73,531.75,540.47,8905.78,4781788.9,725
2025-02-27,540.47,545.52,545.52,520.06,530.61,11170.08,5959871.55,1001
2025-02-28,530.61,522.64,533.14,520.06,528.48,5630.97,2961050.15,767
2025-03-03,528.48,531.11,533.93,516.0,530.12,14494.35,7611983.35,1135
2025-03-04,530.12,527.09,533.73,520.71,525.41,9288.38,4882354.85,961
2025-03-05,525.41,530.66,543.84,525.01,525.46,6510.24,3477604.15,759
2025-03-06,525.46,531.5,535.37,521.0,523.92,16784.9,8810146.3,963
2025-03-07,523.92,526.05,531.7,520.06,523.38,12829.69,6776893.0,594
2025-03-10,523.38,523.38,549.78,523.33,530.36,19587.26,10506154.45,1338
2025-03-11,530.36,515.11,544.73,515.11,531.6,5497.72,2914270.3,609
2025-03-12,531.6,534.28,542.5,526.0,526.65,9653.82,5089899.55,460
2025-03-13,526.65,525.76,530.86,502.53,505.0,25592.76,13187592.15,1447
2025-03-17,505.0,503.47,547.8,503.47,515.5,41518.58,22182189.15,3775
2025-03-18,515.5,520.06,530.02,515.16,519.96,32438.16,16969789.0,3120
2025-03-19,519.96,521.05,542.84,519.27,527.59,21176.21,11242025.2,2005
2025-03-20,527.59,535.02,538.83,517.78,522.34,18668.62,9823901.75,2803
2025-03-21,522.34,524.62,536.26,520.01,530.66,18303.18,9689468.0,1990
2025-03-24,530.66,528.98,537.89,527.99,530.51,15304.98,8150542.85,1562
2025-03-25,530.51,534.92,544.68,527.99,530.61,20403.95,10867703.8,1888
2025-03-26,530.61,533.29,542.84,528.48,529.52,17732.82,9449621.1,1330
2025-03-27,529.52,529.52,534.28,525.01,526.5,10108.09,5335038.15,734
2025-03-28,531.5,527.0,533.9,504.0,510.65,18146.0,9405452.9,1858
2025-04-01,510.65,510.6,538.95,509.55,534.55,9327.0,4934527.55,972
2025-04-02,534.55,534.55,559.55,522.8,539.45,5475.0,2920259.45,577
2025-04-03,539.45,539.0,544.5,520.0,521.95,16876.0,8943111.75,1819
2025-04-04,521.95,529.5,529.5,512.4,516.5,4782.0,2475416.0,690
2025-04-07,516.5,491.2,514.75,487.0,504.6,17169.0,8548094.35,1429
2025-04-08,504.6,509.0,515.0,502.05,504.25,7961.0,4027631.85,1048
2025-04-09,504.25,505.0,505.0,498.1,500.0,15725.0,7877316.7,852
2025-04-11,500.0,500.05,511.45,495.25,499.8,19051.0,9527770.3,1888
2025-04-15,499.8,505.35,507.3,499.5,502.7,26771.0,13436122.65,1850
2025-04-16,502.7,503.3,510.0,498.9,500.9,22704.0,11405435.2,1622
2025-04-17,500.9,502.2,509.35,499.0,505.35,15622.0,7875619.45,1064
2025-04-21,505.35,509.95,510.05,501.0,503.3,39539.0,19906917.05,2865
2025-04-22,503.3,508.2,517.95,499.0,503.0,35703.0,17963328.5,2560
2025-04-23,503.0,503.0,507.6,495.5,500.85,45306.0,22712191.6,2130
2025-04-24,500.85,501.2,531.55,499.0,503.9,71958.0,36642155.65,4797
2025-04-25,503.9,501.2,514.0,495.65,499.85,19721.0,9857378.1,2117
2025-04-28,499.85,501.1,505.5,493.0,503.3,52624.0,26341081.6,3787
2025-04-29,503.3,507.0,508.4,497.6,501.25,77306.0,38732490.45,4052
2025-04-30,501.25,503.75,503.75,496.05,501.1,9123.0,4566710.1,1023
2025-05-02,501.1,501.0,508.95,497.95,504.2,8952.0,4506320.15,1165
2025-05-05,504.2,500.1,508.9,500.1,505.4,13220.0,6668081.95,714
2025-05-06,505.4,503.0,513.2,501.25,505.7,22713.0,11534247.1,1339
2025-05-07,505.7,500.0,506.95,493.1,506.05,16241.0,8171241.25,1984
2025-05-08,506.05,500.0,512.4,500.0,501.1,17033.0,8631731.5,1152
2025-05-09,501.1,490.05,513.4,490.05,502.45,17514.0,8808823.6,1532
2025-05-12,502.45,503.15,518.65,503.15,507.85,15917.0,8105518.65,1660
2025-05-13,507.85,512.95,513.0,506.1,507.5,21048.0,10714445.0,1693
2025-05-14,507.5,507.5,515.65,505.85,510.4,10708.0,5482371.4,1140
2025-05-15,510.4,512.95,513.7,505.0,507.2,23953.0,12188320.2,1648
2025-05-16,507.2,511.65,520.0,501.1,511.0,70898.0,36154271.3,4212
2025-05-19,511.0,507.05,515.45,501.0,502.75,24149.0,12233405.2,1460
2025-05-20,502.75,503.1,507.7,500.05,501.5,13612.0,6827096.8,921
2025-05-21,501.5,503.15,504.05,498.3,499.95,12887.0,6450478.1,940
2025-05-22,499.95,498.25,501.45,495.0,499.6,5181.0,2584532.6,578
2025-05-23,499.6,500.75,503.3,497.3,500.7,6757.0,3382151.4,464
2025-05-26,500.7,500.0,503.3,498.55,501.0,5970.0,2989436.05,508
2025-05-27,501.0,501.0,503.45,493.25,498.7,6115.0,3045312.1,656
2025-05-28,498.7,503.3,504.2,495.1,502.9,9893.0,4951451.95,1182
2025-05-29,502.9,500.25,504.1,495.05,497.7,7170.0,3579624.6,707
2025-05-30,497.7,494.5,502.95,494.5,500.0,11891.0,5948812.55,783
2025-06-02,500.0,504.8,504.8,496.0,501.2,5216.0,2612459.1,591
2025-06-03,501.2,502.45,502.95,499.5,500.15,6564.0,3286534.8,450
2025-06-04,500.15,502.65,504.35,498.0,500.85,10797.0,5411561.45,842
2025-06-05,500.85,503.35,508.95,500.65,503.1,15420.0,7766496.3,848
2025-06-06,503.1,503.2,505.0,501.3,503.55,6100.0,3070789.3,502
2025-06-09,503.55,504.8,534.9,503.35,515.65,53508.0,27880146.35,3671
2025-06-10,515.65,519.8,519.8,508.0,511.2,12704.0,6532363.5,1149
2025-06-11,511.2,512.0,524.8,508.65,512.4,13074.0,6764152.0,1178
2025-06-12,512.4,514.95,527.8,507.0,508.8,15526.0,8048626.55,1240
2025-06-13,508.8,509.0,514.0,499.95,511.55,9217.0,4677567.55,939
2025-06-16,511.55,514.1,559.8,508.0,555.0,106403.0,57845996.1,7952
2025-06-17,555.0,553.05,556.95,540.0,547.5,43314.0,23844946.1,2264
2025-06-18,547.5,542.0,555.0,540.0,549.95,25981.0,14272713.95,2242
2025-06-19,549.95,544.45,576.95,544.45,555.95,71482.0,40280560.15,5778
2025-06-20,555.95,558.95,558.95,539.35,547.85,27117.0,14891649.2,1457
2025-06-23,547.85,545.1,545.1,524.05,526.0,19907.0,10547940.95,2061
2025-06-24,526.0,527.3,532.8,519.75,527.9,13970.0,7353384.85,1354
2025-06-25,527.9,525.0,542.35,525.0,532.25,6205.0,3320349.35,755
2025-06-26,532.25,534.0,542.25,528.5,538.4,6587.0,3526800.4,705
2025-06-27,538.4,541.35,542.0,534.1,536.1,3659.0,1968336.4,360
2025-06-30,536.1,536.1,538.85,519.1,521.85,17958.0,9407431.15,1058
2025-07-01,521.85,520.0,531.85,519.0,525.9,6892.0,3629205.15,669
2025-07-02,525.9,524.8,530.8,523.05,529.15,4832.0,2543072.95,522
2025-07-03,529.15,528.3,531.4,516.75,522.55,12524.0,6538788.7,898
2025-07-04,522.55,527.4,527.4,521.85,525.55,3472.0,1824173.3,476
2025-07-07,525.55,525.0,529.8,520.4,525.35,4903.0,2579038.0,516
2025-07-08,525.35,525.0,526.0,520.0,521.55,3251.0,1699386.7,485
2025-07-09,521.55,524.8,534.9,520.0,527.7,8040.0,4227499.3,959
2025-07-10,527.7,529.0,530.05,511.5,516.5,18609.0,9624181.65,1166
2025-07-11,516.5,522.0,522.0,505.6,511.6,9449.0,4863382.55,699
2025-07-14,511.6,510.3,522.8,508.95,520.5,9565.0,4953968.9,800
2025-07-15,520.5,515.25,535.8,515.25,533.8,12848.0,6801024.35,922
2025-07-16,533.8,534.9,540.8,527.6,533.1,9101.0,4873702.05,876
2025-07-17,533.1,530.0,550.1,525.0,546.4,20329.0,11036120.45,1608
2025-07-18,546.4,550.5,551.8,531.6,537.95,6065.0,3269061.6,998
2025-07-21,537.95,534.05,534.95,519.0,521.85,14968.0,7836940.85,1192
2025-07-22,521.85,522.5,526.85,518.85,520.95,10090.0,5257524.8,749
2025-07-23,520.95,526.15,526.15,517.25,520.9,12377.0,6443179.45,710
2025-07-24,520.9,522.25,530.35,521.85,527.25,4631.0,2438652.25,531
2025-07-25,527.25,524.4,529.8,520.25,526.2,4504.0,2358521.4,605
2025-07-28,526.2,522.75,543.5,522.25,529.5,11365.0,6030869.0,1042
2025-07-29,529.5,531.0,531.4,521.7,528.75,6194.0,3262500.35,529
2025-07-30,528.75,532.35,532.4,526.05,531.3,5578.0,2956585.45,561
2025-07-31,531.3,529.9,532.95,520.25,531.35,6877.0,3643978.15,343
2025-08-01,531.35,530.95,589.8,526.65,546.55,172553.0,97879230.35,6959
2025-08-04,546.55,539.3,549.0,529.3,538.85,16975.0,9132547.1,1724
2025-08-05,538.85,539.0,555.8,530.6,542.75,19333.0,10558119.15,2024
2025-08-06,542.75,542.5,549.55,530.0,530.6,10861.0,5819769.35,1069
2025-08-07,530.6,534.95,538.95,524.25,531.7,10416.0,5557347.65,1184
2025-08-08,531.7,525.15,531.6,517.4,521.25,8844.0,4642295.85,810
2025-08-11,521.25,526.2,527.8,515.25,518.8,6762.0,3515883.6,760
2025-08-12,518.8,516.2,518.75,506.6,509.25,15250.0,7783013.2,1253
2025-08-13,509.25,504.1,538.8,488.2,524.75,68863.0,34875650.95,4744
2025-08-14,524.75,524.75,554.0,508.25,509.7,24717.0,13103277.0,2247
2025-08-18,509.7,520.0,521.7,501.55,502.0,24181.0,12237566.65,1760
2025-08-19,502.0,504.5,508.4,503.05,506.9,16150.0,8175081.25,554
2025-08-20,506.9,504.95,512.0,504.95,506.85,20322.0,10308533.2,909
2025-08-21,506.85,510.0,511.5,504.95,507.65,23900.0,12147495.9,688
2025-08-22,507.65,506.0,519.7,505.0,512.0,11996.0,6139587.1,1202
2025-08-25,512.0,517.1,517.1,510.0,513.6,6027.0,3094270.3,1270
2025-08-26,513.6,510.9,514.4,500.25,505.9,11035.0,5585993.05,1303
2025-08-28,505.9,510.6,515.0,502.45,509.75,8614.0,4375026.45,999
2025-08-29,509.75,509.0,511.1,503.0,509.05,4240.0,2153745.3,646
2025-09-01,509.05,504.05,510.9,500.1,505.95,13801.0,6959414.9,2123
2025-09-02,505.95,508.85,513.35,504.3,508.35,7351.0,3737693.95,1022
2025-09-03,508.35,505.85,511.15,505.05,506.8,4011.0,2034728.65,573
2025-09-04,506.8,510.05,510.05,503.25,506.55,6308.0,3193867.55,614
2025-09-05,506.55,504.6,519.8,500.1,510.75,22242.0,11331168.4,1987
2025-09-08,510.75,510.75,517.3,506.0,506.95,4920.0,2515438.45,582
2025-09-09,506.95,511.6,511.6,503.3,505.5,2352.0,1192752.25,316
2025-09-10,505.5,508.6,509.05,503.25,504.15,6339.0,3204479.9,919
2025-09-11,504.15,508.8,508.8,502.0,505.3,9029.0,4561687.3,1281
2025-09-12,505.3,501.3,517.15,501.05,514.25,23787.0,12151624.1,2129
2025-09-15,514.25,513.0,517.3,509.5,509.95,3587.0,1833935.1,376
2025-09-16,509.95,512.25,514.8,505.55,510.45,11488.0,5855071.75,1471
2025-09-17,510.45,514.4,514.4,507.25,509.9,4770.0,2434394.15,641
2025-09-18,509.9,509.9,518.65,509.9,513.65,10283.0,5287934.7,642
2025-09-19,513.65,511.95,516.2,509.55,513.1,4650.0,2383163.35,604
2025-09-22,513.1,513.1,515.4,505.5,507.05,4700.0,2394682.6,409
2025-09-23,507.05,507.05,511.55,504.05,507.8,6664.0,3375737.65,691
2025-09-24,507.8,512.4,546.95,504.05,523.35,128749.0,66145453.9,2168
2025-09-25,523.35,523.35,525.0,511.0,521.15,9126.0,4735534.6,905
2025-09-26,521.15,511.3,530.95,511.3,518.75,13607.0,7054088.6,1575
2025-09-29,518.75,509.9,555.0,507.25,550.25,75889.0,41275486.35,3820
2025-09-30,550.25,554.65,571.65,540.55,552.1,26211.0,14478270.05,2415
2025-10-01,552.1,546.6,546.6,525.05,526.5,9475.0,5064479.6,1703
2025-10-03,526.5,521.0,529.6,519.75,520.8,8214.0,4289905.85,1127
2025-10-06,520.8,525.0,525.45,518.25,520.6,3707.0,1934566.1,676
2025-10-07,520.6,524.85,524.85,515.0,516.5,4651.0,2404113.1,563
2025-10-08,516.5,512.25,520.95,510.45,512.65,3901.0,2005658.1,364
2025-10-09,512.65,512.65,517.4,510.3,512.75,5136.0,2633163.15,642
2025-10-10,512.75,512.05,517.85,510.25,511.2,8931.0,4574346.05,683
2025-10-13,511.2,512.1,520.15,509.0,513.05,8488.0,4368291.95,727
2025-10-14,513.05,510.0,513.85,506.55,510.0,6743.0,3433814.45,755
2025-10-15,510.0,508.05,516.0,505.25,511.75,6235.0,3168967.3,706
2025-10-16,511.75,510.25,513.0,500.15,509.05,8393.0,4244828.5,907
2025-10-17,509.05,505.0,509.0,503.25,505.8,5878.0,2969957.75,632
2025-10-20,505.8,505.25,513.35,505.0,511.2,5227.0,2656532.25,587
2025-10-21,511.2,513.65,514.8,505.0,509.25,2115.0,1077061.7,134
2025-10-23,509.25,503.35,513.35,503.35,508.6,6750.0,3420407.45,605
2025-10-24,508.6,508.35,508.35,500.55,501.7,10356.0,5214217.15,793
2025-10-27,501.7,500.6,509.9,500.25,508.0,18064.0,9121744.1,925
2025-10-28,508.0,512.25,512.25,504.0,506.8,3311.0,1676848.6,339
2025-10-29,506.8,503.35,512.95,503.35,510.75,7291.0,3710023.8,533
2025-10-30,510.75,505.0,512.35,505.0,508.9,2087.0,1063059.9,221
2025-10-31,508.9,512.0,512.0,505.0,509.95,2609.0,1327289.3,221
2025-11-03,509.95,509.95,526.0,504.7,522.95,14983.0,7791099.8,796
2025-11-04,522.95,522.95,527.8,517.1,522.8,3819.0,1995249.45,401
2025-11-06,522.8,520.0,521.95,509.0,509.75,3757.0,1932686.75,259
2025-11-07,509.75,507.25,517.95,507.25,513.15,2549.0,1306759.9,289
2025-11-10,513.15,507.6,520.75,507.6,515.9,4525.0,2326808.4,545
2025-11-11,515.9,510.0,520.0,507.25,517.0,6112.0,3147870.2,394
2025-11-12,517.0,508.3,518.75,506.25,516.5,8983.0,4604380.8,559
2025-11-13,516.5,511.0,545.0,497.2,502.7,45293.0,23129593.4,1787
2025-11-14,502.7,514.6,514.6,500.25,502.85,22459.0,11284343.9,940
2025-11-17,502.85,507.5,507.5,499.0,500.5,8000.0,4016397.95,450
2025-11-18,500.5,498.25,509.5,496.0,505.4,22927.0,11490333.2,982
2025-11-19,505.4,501.0,509.35,498.0,500.55,12150.0,6111933.2,369
2025-11-20,500.55,495.6,503.0,495.6,497.55,46021.0,23019283.55,452
2025-11-21,497.55,496.0,502.1,495.25,499.55,18831.0,9415248.15,346
2025-11-24,499.55,504.1,504.1,490.4,495.4,6933.0,3430319.6,454
2025-11-25,495.4,490.0,495.45,475.25,484.7,13773.0,6705326.45,929
2025-11-26,484.7,485.2,494.35,480.65,488.0,5824.0,2833683.6,468
2025-11-27,488.0,485.05,501.45,485.05,495.7,4476.0,2212806.05,358
2025-11-28,495.7,500.7,500.7,488.0,489.15,7002.0,3450292.05,670
2025-12-01,489.15,488.0,497.0,486.5,490.9,5954.0,2917786.7,418
2025-12-02,490.9,495.5,498.35,486.25,487.75,9933.0,4879161.15,514
2025-12-03,487.75,486.3,490.0,480.05,481.4,13025.0,6289134.4,679
2025-12-04,481.4,481.6,482.6,478.0,478.3,4779.0,2291661.5,409
2025-12-05,478.3,478.3,488.8,475.0,475.7,3184.0,1523894.85,350
2025-12-08,475.7,510.85,541.7,506.15,525.35,749772.0,394580026.35,22178
2025-12-09,525.35,526.0,532.0,520.0,528.45,139623.0,73452106.0,4469
2025-12-10,528.45,536.8,536.8,527.85,532.2,53460.0,28436758.6,1799
2025-12-11,532.2,536.5,551.5,532.15,549.2,105717.0,57307795.75,3115
2025-12-12,549.2,555.0,560.5,544.3,546.0,122169.0,67658201.65,3292
2025-12-15,546.0,551.15,559.4,515.25,518.45,443942.0,235512943.35,12240
2025-12-16,518.45,527.0,527.0,518.0,519.3,84127.0,43825923.1,3075
2025-12-17,519.3,524.4,524.4,516.65,517.9,33227.0,17218333.8,1590
2025-12-18,517.9,516.55,520.45,515.8,517.7,29070.0,15050698.95,1532
2025-12-19,517.7,517.1,520.0,516.1,517.05,41091.0,21276962.3,2443
2025-12-22,517.05,519.9,527.9,518.0,524.55,45494.0,23839579.3,2339
2025-12-23,524.55,525.0,534.65,523.65,531.45,61326.0,32492357.35,2660
2025-12-24,531.45,534.1,534.1,528.0,529.65,26195.0,13879689.2,923
2025-12-26,529.65,531.45,532.45,526.15,527.1,28338.0,14977359.8,1201
2025-12-29,527.1,529.4,529.4,524.0,526.95,24326.0,12791087.6,885
2025-12-30,526.95,527.55,529.95,524.8,529.2,31857.0,16760793.2,1104
2025-12-31,529.2,530.5,533.95,527.7,532.0,49838.0,26510168.15,1392
2026-01-01,532.0,534.0,548.7,533.85,541.7,113064.0,61211588.55,3510
2026-01-02,541.7,547.5,554.6,541.7,550.35,108056.0,59295882.05,2947
2026-01-05,550.35,550.3,550.4,545.15,546.65,51570.0,28269058.95,1739
2026-01-06,546.65,550.00,550.00,545.00,548.85,29022,15903129.85,1023
2026-01-07,548.85,548.85,549.55,546.10,547.45,29014,15882433.50,804
