Date,Prev Close,Open,High,Low,Close,Volume,Turnover,Trades
2023-08-18,741.0,900.05,987.7,900.05,942.8,24249334,22429740663.25,559976
2023-08-21,942.8,939.95,974.35,921.1,950.1,2494629,2366728103.7,93351
2023-08-22,950.1,944.05,1022.35,936.0,993.8,2928390,2889919310.2,91027
2023-08-23,993.8,994.9,1013.95,940.15,961.25,1045503,1034289236.9,36025
2023-08-24,961.25,964.85,981.0,955.1,961.35,444316,429887912.95,19567
2023-08-25,961.35,961.0,992.9,952.3,973.7,537121,523128516.55,21114
2023-08-28,973.7,979.9,1001.0,976.0,997.65,451817,447789327.35,18943
2023-08-29,997.65,997.65,1006.25,961.6,967.85,281398,275844232.0,17419
2023-08-30,967.85,969.85,979.25,958.0,961.3,163369,157674625.5,9017
2023-08-31,961.3,961.65,982.75,960.0,973.95,343212,332536471.95,17410
2023-09-01,973.95,973.95,981.0,965.0,971.05,145961,141346451.2,6280
2023-09-04,971.05,975.0,981.0,960.0,969.9,173558,168372495.95,11214
2023-09-05,969.9,969.9,993.35,965.4,989.35,302545,296333369.55,12758
2023-09-06,989.35,985.0,1075.0,985.0,1006.55,854857,880305960.25,36049
2023-09-07,1006.55,978.05,1009.75,970.05,984.2,266193,264339262.3,13724
2023-09-08,984.2,999.0,1026.65,994.0,1014.25,314107,318489294.8,14181
2023-09-11,1014.25,1020.0,1028.4,981.0,1000.5,191499,193511024.15,14972
2023-09-12,1000.5,1010.0,1013.0,973.0,1006.15,275450,274711767.35,17401
2023-09-13,1006.15,1006.15,1033.45,996.0,1020.75,148023,150314847.7,11317
2023-09-14,1020.75,1021.15,1047.6,1001.6,1004.75,358293,367397465.2,19478
2023-09-15,1004.75,1007.45,1024.8,1007.45,1013.85,77723,78907711.55,6133
2023-09-18,1013.85,1012.95,1027.5,996.25,1002.55,78672,79091358.55,8949
2023-09-20,1002.55,1002.9,1015.0,985.1,989.5,103220,102939698.3,8448
2023-09-21,989.5,989.5,1002.95,958.7,966.45,119783,117486270.15,10390
2023-09-22,966.45,980.4,1002.0,979.95,983.4,315833,312337560.5,23657
2023-09-25,983.4,990.0,1012.35,986.0,992.35,272126,270818901.45,37890
2023-09-26,992.35,992.4,1006.1,992.4,1002.55,79862,80014010.7,7113
2023-09-27,1002.55,1001.55,1024.4,997.85,1014.85,153734,155958440.45,18185
2023-09-28,1014.85,1019.45,1049.95,1018.75,1038.95,269446,279807831.0,17015
2023-09-29,1038.95,1047.3,1090.1,1043.1,1084.0,474584,506267233.3,21232
2023-10-03,1084.0,1090.0,1114.95,1066.55,1075.85,205871,223875047.35,12755
2023-10-04,1075.85,1073.7,1084.95,1051.0,1055.6,175029,185916001.3,9327
2023-10-05,1055.6,1066.0,1100.0,1054.05,1089.85,146603,157787519.8,7124
2023-10-06,1089.85,1125.0,1177.0,1112.05,1121.45,457088,522131352.35,33270
2023-10-09,1121.45,1090.1,1150.0,1082.0,1145.1,219186,247450888.2,14732
2023-10-10,1145.1,1150.0,1160.0,1131.35,1147.55,112513,128470025.55,8721
2023-10-11,1147.55,1153.6,1174.75,1149.0,1157.25,82097,95058331.7,7668
2023-10-12,1157.25,1170.25,1170.25,1144.5,1150.9,35227,40637002.2,4201
2023-10-13,1150.9,1153.6,1172.15,1129.0,1140.85,127980,148273030.65,7809
2023-10-16,1140.85,1152.3,1203.95,1145.0,1190.35,246386,290209575.65,15133
2023-10-17,1190.35,1201.15,1214.25,1163.9,1169.45,121468,144092629.5,11080
2023-10-18,1169.45,1178.6,1179.65,1155.3,1169.05,66850,78027439.35,7189
2023-10-19,1169.05,1157.0,1190.4,1148.05,1185.5,71854,84613255.6,8363
2023-10-20,1185.5,1188.5,1189.9,1159.9,1174.55,54332,63648895.45,6372
2023-10-23,1174.55,1162.0,1175.0,1152.05,1158.1,141576,163996276.8,8781
2023-10-25,1158.1,1158.75,1203.0,1158.0,1193.65,168682,199606565.2,18343
2023-10-26,1193.65,1189.6,1189.65,1136.1,1164.25,124140,144227570.9,13363
2023-10-27,1164.25,1180.0,1259.0,1171.55,1205.2,223192,272962252.7,19964
2023-10-30,1205.2,1219.65,1222.2,1169.0,1175.5,80362,95346434.7,10694
2023-10-31,1175.5,1194.65,1194.65,1142.0,1148.65,132773,154660435.95,10777
2023-11-01,1148.65,1155.0,1173.95,1125.55,1142.65,98207,112717449.2,20410
2023-11-02,1142.65,1145.05,1157.45,1127.9,1130.55,120987,137712757.55,16656
2023-11-03,1130.55,1133.0,1159.9,1129.65,1144.9,85404,97818861.5,10529
2023-11-06,1144.9,1149.95,1159.9,1133.95,1139.3,51250,58737311.2,8091
2023-11-07,1139.3,1143.0,1210.0,1133.05,1199.8,169091,200089549.35,19672
2023-11-08,1199.8,1209.9,1379.8,1196.25,1324.55,678690,874160157.25,50552
2023-11-09,1324.55,1370.0,1397.05,1315.35,1377.9,865715,1180976338.5,59365
2023-11-10,1377.9,1344.6,1344.6,1267.0,1302.6,423319,550117716.9,29061
2023-11-13,1330.7,1310.8,1324.65,1294.8,1303.1,160055,209192455.8,15169
2023-11-15,1303.1,1319.95,1377.0,1305.95,1362.8,282852,380151802.65,37062
2023-11-16,1362.8,1363.95,1372.6,1288.0,1305.9,260543,347186324.05,25770
2023-11-17,1305.9,1313.0,1314.9,1272.05,1280.2,186800,241154064.45,28000
2023-11-20,1280.2,1275.0,1279.65,1205.45,1232.55,418820,517970067.15,56993
2023-11-21,1232.55,1221.0,1288.0,1212.05,1276.55,512461,645686353.0,59906
2023-11-22,1276.55,1269.0,1310.95,1247.3,1261.7,216537,276812036.3,24550
2023-11-23,1261.7,1264.65,1293.5,1260.4,1276.65,178827,228595691.05,14166
2023-11-24,1276.65,1284.8,1312.5,1251.8,1257.85,113735,145614284.7,17528
2023-11-28,1257.85,1260.0,1282.0,1221.0,1253.1,407151,505463798.7,42685
2023-11-29,1253.1,1266.4,1336.0,1259.45,1285.85,295468,385060617.65,30714
2023-11-30,1285.85,1290.4,1353.0,1290.35,1336.85,788873,1050235112.4,45318
2023-12-01,1336.85,1344.95,1357.4,1299.0,1305.75,120853,159646159.7,13605
2023-12-04,1305.75,1322.65,1353.85,1300.1,1344.45,157460,209384521.85,16635
2023-12-05,1344.45,1348.0,1372.8,1334.05,1354.9,192384,261563086.65,16658
2023-12-06,1354.9,1354.9,1371.95,1318.05,1333.15,93944,126600661.35,10737
2023-12-07,1333.15,1345.65,1353.05,1315.05,1321.75,69316,92432657.75,8052
2023-12-08,1321.75,1321.75,1339.9,1305.25,1316.5,122643,163153198.8,5828
2023-12-11,1316.5,1316.55,1344.6,1311.0,1321.3,49780,66110273.65,5065
2023-12-12,1321.3,1321.3,1323.85,1289.0,1306.85,63075,82254071.75,7040
2023-12-13,1306.85,1314.05,1346.25,1306.05,1322.25,99764,132405976.65,11238
2023-12-14,1322.25,1342.45,1368.0,1315.05,1321.95,100413,134380575.85,12915
2023-12-15,1321.95,1337.9,1337.9,1313.0,1321.0,43506,57532245.2,5908
2023-12-18,1321.0,1341.0,1416.85,1316.9,1326.65,257193,348932706.85,26037
2023-12-19,1326.65,1326.05,1348.0,1314.0,1327.35,66413,88373195.45,10297
2023-12-20,1327.35,1339.35,1378.0,1328.55,1349.4,258743,349177785.6,21731
2023-12-21,1349.4,1354.95,1399.1,1322.3,1361.2,186979,255099829.7,23062
2023-12-22,1361.2,1379.0,1539.9,1370.0,1504.7,901703,1319892279.2,75509
2023-12-26,1504.7,1475.0,1513.0,1453.75,1506.1,226615,336831705.8,22262
2023-12-27,1506.1,1517.0,1523.95,1450.15,1483.5,193202,288862566.9,22408
2023-12-28,1483.5,1482.65,1497.35,1441.05,1449.45,78355,114449855.25,10105
2023-12-29,1449.45,1466.85,1488.0,1438.0,1471.8,83260,121990040.0,8698
2024-01-01,1471.8,1471.95,1490.0,1449.95,1479.4,53612,78941211.6,5386
2024-01-02,1479.4,1491.45,1525.0,1470.0,1512.8,125477,188039854.45,15597
2024-01-03,1512.8,1519.6,1587.0,1480.3,1552.7,222460,341324872.75,19883
2024-01-04,1552.7,1564.15,1577.5,1530.0,1547.75,123489,192309502.65,16808
2024-01-05,1547.75,1550.0,1583.0,1543.1,1549.95,116061,181329850.95,16268
2024-01-08,1549.95,1562.5,1576.3,1540.0,1549.7,68299,106661994.1,12022
2024-01-09,1549.7,1551.0,1578.0,1543.85,1557.6,67236,104984211.6,13519
2024-01-10,1557.6,1558.0,1607.0,1495.1,1506.95,186836,289391036.8,21718
2024-01-11,1506.95,1519.0,1524.55,1456.2,1470.7,358715,527156359.55,16741
2024-01-12,1470.7,1480.95,1490.95,1422.6,1428.85,113789,164131405.35,15367
2024-01-15,1428.85,1430.05,1455.0,1391.0,1396.5,100923,143447404.45,15900
2024-01-16,1396.5,1408.75,1448.95,1397.05,1433.4,122268,174555045.3,17057
2024-01-17,1433.4,1403.3,1421.3,1383.05,1387.9,73660,103088346.9,9795
2024-01-18,1387.9,1382.0,1389.0,1355.15,1366.65,66042,90615832.4,8813
2024-01-19,1366.65,1368.0,1410.0,1361.0,1389.85,78404,108925421.85,7489
2024-01-23,1395.0,1403.65,1431.0,1370.8,1396.55,77346,108519171.05,13459
2024-01-24,1396.55,1402.35,1430.0,1384.2,1421.7,48065,67684970.55,8913
2024-01-25,1421.7,1419.85,1424.55,1371.0,1386.1,64812,91014689.6,10127
2024-01-29,1386.1,1400.0,1419.0,1368.0,1385.7,59021,81799585.9,8099
2024-01-30,1385.7,1394.0,1440.0,1390.0,1431.1,144145,205196472.15,20765
2024-01-31,1431.1,1437.75,1460.0,1421.0,1455.9,65556,94714996.9,8864
2024-02-01,1455.9,1466.9,1492.6,1416.15,1452.65,78569,113742857.65,13122
2024-02-02,1452.65,1452.65,1476.0,1438.05,1464.2,47910,69875095.45,8065
2024-02-05,1464.2,1462.95,1463.9,1431.95,1445.35,132592,191851385.0,10476
2024-02-06,1445.35,1446.35,1512.15,1440.3,1490.45,90103,133693567.4,12777
2024-02-07,1490.45,1491.7,1510.0,1458.45,1472.6,46768,68946921.6,6932
2024-02-08,1472.6,1459.95,1490.0,1457.0,1475.3,46820,69173118.25,9643
2024-02-09,1475.3,1390.0,1468.8,1370.55,1457.1,640257,903369487.4,22801
2024-02-12,1457.1,1453.5,1459.45,1411.5,1436.1,121825,174547032.45,13694
2024-02-13,1436.1,1430.1,1442.9,1373.8,1398.85,69144,96434639.0,12337
2024-02-14,1398.85,1385.05,1414.6,1380.05,1400.1,82331,114834030.65,8677
2024-02-15,1400.1,1400.85,1429.05,1392.4,1403.4,96804,136464194.4,13955
2024-02-16,1403.4,1410.0,1478.95,1403.4,1464.0,125796,183281992.5,15681
2024-02-19,1464.0,1460.25,1460.55,1401.1,1408.45,194135,273950111.9,17636
2024-02-20,1408.45,1405.45,1413.4,1375.0,1387.3,88487,122790616.45,9153
2024-02-21,1387.3,1400.0,1472.6,1388.4,1443.4,147824,210915025.75,16354
2024-02-22,1443.4,1457.85,1457.85,1434.45,1443.0,73488,105942136.7,10142
2024-02-23,1443.0,1467.0,1487.85,1447.1,1475.25,493839,719130599.7,14054
2024-02-26,1475.25,1496.9,1535.65,1472.5,1504.45,203736,306424609.0,20509
2024-02-27,1504.45,1504.45,1505.45,1480.05,1499.45,53746,80409751.6,10672
2024-02-28,1499.45,1523.95,1523.95,1450.0,1471.55,63760,94364281.7,10344
2024-02-29,1471.55,1465.0,1482.0,1420.5,1456.0,68048,98620475.05,10183
2024-03-01,1456.0,1450.0,1485.0,1440.15,1478.8,43760,64302007.5,8067
2024-03-04,1469.4,1454.7,1477.95,1445.3,1455.65,76924,112497577.35,3639
2024-03-05,1455.65,1448.05,1460.9,1420.0,1441.8,47201,67881366.75,7850
2024-03-06,1441.8,1435.2,1435.25,1384.55,1390.05,60090,84179435.05,7966
2024-03-07,1390.05,1393.25,1597.8,1390.45,1532.3,251974,377644413.2,23464
2024-03-11,1532.3,1520.0,1523.0,1425.85,1446.15,108887,159136983.4,16924
2024-03-12,1446.15,1475.0,1502.2,1405.0,1418.25,80303,115055041.55,10358
2024-03-13,1418.25,1390.0,1418.3,1351.0,1373.1,255602,351599844.5,24423
2024-03-14,1373.1,1370.0,1440.0,1350.05,1395.95,74076,103378385.1,14358
2024-03-15,1395.95,1419.7,1422.95,1386.9,1401.85,94327,132409602.4,9862
2024-03-18,1401.85,1408.9,1479.8,1393.15,1470.05,203580,290364330.0,15444
2024-03-19,1470.05,1460.0,1489.9,1425.25,1461.1,70426,102928880.6,12270
2024-03-20,1461.1,1460.0,1474.0,1431.0,1456.4,40339,58580242.3,4701
2024-03-21,1456.4,1459.85,1524.5,1459.85,1466.6,44925,66779333.65,6904
2024-03-22,1466.6,1451.05,1505.0,1451.05,1493.1,48086,71664376.85,8115
2024-03-26,1493.1,1513.9,1513.9,1460.0,1497.3,47166,70364625.9,8968
2024-03-27,1497.3,1505.0,1515.0,1465.25,1498.25,60901,91289597.9,13504
2024-03-28,1498.25,1491.0,1559.75,1491.0,1520.8,104658,159722780.75,16767
2024-04-01,1520.8,1565.0,1565.0,1477.7,1488.15,62156,93914755.2,10240
2024-04-02,1488.15,1485.05,1520.0,1469.9,1488.55,48243,72116351.1,10043
2024-04-03,1488.55,1500.0,1515.0,1481.1,1508.95,29086,43652017.2,3919
2024-04-04,1508.95,1517.0,1534.35,1492.5,1513.65,75454,114157238.5,10453
2024-04-05,1513.65,1513.65,1550.0,1485.35,1536.35,133635,204181787.5,15845
2024-04-08,1536.35,1553.95,1555.0,1513.6,1525.55,113242,173052524.5,15002
2024-04-09,1525.55,1535.05,1541.4,1512.0,1527.4,39240,59944633.0,8099
2024-04-10,1527.4,1534.95,1534.95,1495.1,1510.45,27640,41876412.3,6514
2024-04-12,1510.45,1515.0,1660.0,1500.0,1560.0,750214,1204022899.15,48594
2024-04-15,1560.0,1540.0,1544.6,1487.05,1535.95,128614,196501214.45,19504
2024-04-16,1535.95,1518.5,1550.3,1512.55,1529.3,112492,171201797.8,18955
2024-04-18,1529.3,1524.55,1616.0,1511.4,1584.35,206466,326723443.8,24543
2024-04-19,1584.35,1575.05,1626.95,1545.2,1593.0,237485,376653371.15,20918
2024-04-22,1593.0,1607.35,1634.0,1571.2,1583.4,96969,153803877.95,9457
2024-04-23,1583.4,1588.9,1636.0,1585.0,1613.5,134813,217656681.15,15598
2024-04-24,1613.5,1616.55,1648.6,1610.0,1629.6,107045,173962535.8,7146
2024-04-25,1629.6,1642.7,1642.7,1610.0,1636.4,43083,70297794.8,5765
2024-04-26,1636.4,1649.9,1677.95,1641.05,1660.05,62274,103298322.8,9209
2024-04-29,1660.05,1684.5,1684.5,1631.65,1650.45,74102,122256393.2,6785
2024-04-30,1650.45,1655.0,1725.0,1645.05,1667.1,135856,228476967.2,17439
2024-05-02,1667.1,1661.35,1675.3,1650.1,1658.9,36414,60436745.8,7463
2024-05-03,1658.9,1655.0,1658.8,1609.95,1617.75,32866,53595750.85,6166
2024-05-06,1617.75,1641.0,1641.0,1560.0,1578.55,36004,57325352.7,8680
2024-05-07,1578.55,1563.0,1599.75,1530.0,1557.05,56233,87731029.0,12049
2024-05-08,1557.05,1557.0,1568.2,1540.0,1553.2,20868,32488483.35,5518
2024-05-09,1553.2,1550.0,1567.35,1491.4,1501.3,30416,46195521.75,5944
2024-05-10,1501.3,1515.0,1542.8,1495.15,1509.1,38415,58285860.1,8163
2024-05-13,1509.1,1517.0,1530.0,1485.4,1507.25,24540,37065217.2,4694
2024-05-14,1507.25,1529.85,1529.85,1500.0,1503.3,15879,23960825.85,3546
2024-05-15,1503.3,1506.0,1515.0,1470.2,1487.4,79241,117993527.05,5815
2024-05-16,1487.4,1488.1,1506.35,1453.05,1458.25,41170,60625095.85,6330
2024-05-17,1458.25,1452.05,1457.95,1422.65,1431.7,125052,179062300.35,12518
2024-05-21,1492.45,1492.0,1492.0,1430.15,1451.7,88232,128049316.4,12704
2024-05-22,1451.7,1450.05,1469.0,1435.2,1460.1,82206,119751527.65,12125
2024-05-23,1460.1,1462.1,1490.0,1431.0,1459.2,72431,105578395.45,11524
2024-05-24,1459.2,1459.2,1465.0,1431.2,1451.65,77451,112052333.9,9355
2024-05-27,1451.65,1450.0,1457.05,1413.2,1440.75,78197,112541941.5,12298
2024-05-28,1440.75,1387.5,1428.0,1355.0,1395.8,4968921,6810409667.8,48089
2024-05-29,1395.8,1450.2,1529.85,1426.05,1448.75,1270565,1885194488.7,77812
2024-05-30,1448.75,1443.0,1487.0,1432.8,1449.35,228090,331489990.75,22190
2024-05-31,1449.35,1449.0,1489.0,1423.3,1463.5,244318,355444060.5,19216
2024-06-03,1463.5,1478.0,1490.45,1434.65,1446.9,92182,134151605.2,11090
2024-06-04,1446.9,1450.0,1475.0,1327.05,1413.0,115463,162834413.25,15292
2024-06-05,1413.0,1456.85,1497.3,1397.05,1486.05,123783,180879413.2,13528
2024-06-06,1486.05,1506.0,1507.05,1447.75,1467.0,146451,215733204.0,15328
2024-06-07,1467.0,1465.0,1475.0,1450.05,1453.5,48040,70222489.6,6912
2024-06-10,1453.5,1461.9,1472.0,1441.1,1447.85,135781,197848778.35,14134
2024-06-11,1447.85,1445.0,1456.95,1442.05,1448.95,51485,74619417.35,5413
2024-06-12,1448.95,1449.45,1454.0,1426.05,1431.55,49844,71807877.95,6281
2024-06-13,1431.55,1452.95,1456.7,1432.0,1444.7,49398,71383484.15,5945
2024-06-14,1444.7,1444.0,1545.9,1441.4,1530.5,221609,331820281.65,22212
2024-06-18,1530.5,1534.9,1592.0,1526.65,1582.7,97548,152623406.95,12743
2024-06-19,1582.7,1585.25,1585.55,1541.65,1575.9,43629,68468846.0,8456
2024-06-20,1575.9,1576.5,1583.2,1557.55,1571.8,54011,84869434.95,6303
2024-06-21,1571.8,1574.75,1595.4,1547.55,1559.65,78790,123742039.3,7536
2024-06-24,1559.65,1541.3,1559.95,1516.0,1522.0,31956,48989832.05,5410
2024-06-25,1522.0,1509.0,1555.0,1489.25,1541.25,54993,83136362.65,9198
2024-06-26,1541.25,1520.0,1560.0,1460.5,1501.15,32629,49376717.3,3454
2024-06-27,1501.15,1485.0,1585.0,1481.15,1561.25,91786,141236438.4,8927
2024-06-28,1561.25,1575.0,1582.6,1527.0,1549.05,39342,60805740.85,6564
2024-07-01,1549.05,1544.05,1546.5,1520.0,1528.0,52119,79606312.05,6710
2024-07-02,1528.0,1536.55,1547.65,1513.8,1542.5,39357,60384937.15,6807
2024-07-03,1542.5,1557.9,1597.95,1550.0,1589.8,64359,101843605.25,7960
2024-07-04,1589.8,1591.75,1745.0,1551.05,1716.9,213822,358336390.95,22074
2024-07-05,1716.9,1715.05,1715.05,1665.1,1683.7,120079,203236348.65,16326
2024-07-08,1683.7,1694.9,1702.5,1655.0,1689.1,44187,74068441.35,8649
2024-07-09,1689.1,1689.1,1715.0,1675.0,1696.65,61141,103891175.2,13777
2024-07-10,1696.65,1682.75,1799.0,1666.8,1702.55,142564,244863024.15,18806
2024-07-11,1702.55,1703.1,1717.0,1672.75,1689.9,29685,50252719.6,5212
2024-07-12,1689.9,1676.0,1713.15,1669.25,1689.9,37920,64326671.3,7240
2024-07-15,1689.9,1700.0,1720.95,1677.5,1713.25,103468,177173779.65,12060
2024-07-16,1713.25,1738.95,1738.95,1679.0,1701.85,52663,89569771.7,8805
2024-07-18,1701.85,1701.85,1705.95,1680.05,1696.2,33841,57336378.9,6276
2024-07-19,1696.2,1706.2,1706.2,1631.3,1672.55,34139,57348874.85,7269
2024-07-22,1672.55,1636.95,1710.0,1636.95,1663.0,75460,126922928.25,12478
2024-07-23,1663.0,1661.0,1729.35,1653.25,1720.05,105573,179649200.95,13982
2024-07-24,1720.05,1730.0,1756.3,1695.05,1720.95,50479,86579337.4,9479
2024-07-25,1720.95,1720.95,1728.55,1690.05,1694.7,50917,86678064.8,6186
2024-07-26,1694.7,1705.0,1711.7,1687.05,1702.65,29036,49404718.75,4779
2024-07-29,1702.65,1711.0,1721.85,1670.0,1685.85,35781,60965323.95,5024
2024-07-30,1685.85,1689.6,1708.2,1638.15,1645.4,58687,97199337.5,10407
2024-07-31,1645.4,1663.4,1664.95,1626.15,1640.4,158890,260860987.95,24046
2024-08-01,1640.4,1651.65,1655.1,1580.55,1600.95,62113,99787261.05,11481
2024-08-02,1600.95,1604.9,1608.5,1568.75,1579.3,75538,119384149.55,11962
2024-08-05,1579.3,1540.0,1577.5,1515.9,1543.6,58733,91100760.3,14317
2024-08-06,1543.6,1560.0,1565.95,1479.45,1546.35,122665,186590677.35,14175
2024-08-07,1546.35,1640.0,1640.0,1525.0,1577.55,55272,87207685.35,10087
2024-08-08,1577.55,1570.1,1629.2,1570.1,1585.45,50212,80334162.95,12107
2024-08-09,1585.45,1587.3,1624.9,1543.45,1553.65,136520,216134690.65,18627
2024-08-12,1553.65,1546.35,1546.35,1478.7,1510.55,159933,240599582.05,24347
2024-08-13,1510.55,1502.45,1576.95,1472.7,1557.6,84487,128534139.8,14281
2024-08-14,1557.6,1561.0,1585.25,1548.45,1572.1,52266,81948623.95,10592
2024-08-16,1572.1,1577.75,1655.75,1573.3,1634.2,100537,163613517.9,18788
2024-08-19,1634.2,1634.0,1679.0,1609.8,1642.05,40395,66053142.1,9829
2024-08-20,1642.05,1645.55,1670.95,1623.45,1655.55,57968,95532410.95,10477
2024-08-21,1655.55,1686.95,1686.95,1601.05,1609.55,45853,74761797.65,9543
2024-08-22,1609.55,1595.8,1641.35,1592.0,1598.6,34058,54878997.8,7162
2024-08-23,1598.6,1585.25,1659.2,1585.25,1643.75,43710,70862939.0,8160
2024-08-26,1643.75,1640.0,1649.95,1586.05,1612.9,124761,199979020.35,15013
2024-08-27,1612.9,1612.9,1617.45,1570.0,1592.55,40635,64694635.8,7696
2024-08-28,1592.55,1604.0,1628.8,1584.5,1612.6,47377,76190808.2,8231
2024-08-29,1612.6,1629.95,1815.0,1582.0,1705.6,2265950,3903054389.4,142585
2024-08-30,1705.6,1705.6,1719.45,1645.05,1665.9,457144,764271531.3,34311
2024-09-02,1665.9,1700.0,1760.0,1694.75,1734.55,592587,1029881676.55,46045
2024-09-03,1734.55,1743.05,1777.5,1734.55,1768.65,251338,443099816.2,25860
2024-09-04,1768.65,1746.7,1803.65,1740.45,1787.45,187257,334629423.9,20116
2024-09-05,1787.45,1800.0,1900.0,1795.0,1853.7,714764,1328906964.5,64780
2024-09-06,1853.7,1864.0,1914.45,1825.0,1835.9,264402,492936502.35,27847
2024-09-09,1835.9,1829.95,1862.95,1821.65,1854.4,281657,520018187.3,12640
2024-09-10,1854.4,1860.0,1920.0,1843.35,1897.65,258849,483761311.3,21394
2024-09-11,1897.65,1897.65,1948.95,1879.0,1941.0,194126,374520084.25,17579
2024-09-12,1941.0,1956.95,2063.05,1926.1,2004.75,174125,342469630.7,16488
2024-09-13,2004.75,2000.0,2138.75,1988.45,2079.3,435094,908883336.0,46052
2024-09-16,2079.3,2050.0,2117.0,2035.4,2085.95,206071,430752913.15,23948
2024-09-17,2085.95,2086.05,2115.45,2025.6,2076.2,197963,408609345.8,20365
2024-09-18,2076.2,2075.75,2332.2,2040.0,2181.55,172976,367733338.7,20515
2024-09-19,2181.55,2197.2,2299.95,2132.5,2250.55,451684,1011090519.25,49421
2024-09-20,2250.55,2250.15,2664.0,2140.0,2601.1,4008375,10267979057.8,115814
2024-09-23,2601.1,2507.25,2609.6,2361.1,2382.35,838159,2072697539.85,90281
2024-09-24,2382.35,2370.0,2412.25,2210.0,2224.5,345040,787486304.15,21568
2024-09-25,2224.5,2249.95,2313.9,2184.55,2224.85,278050,626061446.35,17459
2024-09-26,2224.85,2225.0,2260.0,2115.0,2131.65,153149,330577019.05,12155
2024-09-27,2131.65,2151.4,2190.0,2030.0,2047.8,181039,377660216.55,16534
2024-09-30,2047.8,2048.1,2066.45,1949.6,2032.55,243676,486775540.6,21600
2024-10-01,2032.55,2035.35,2038.35,1962.25,1979.8,67646,134933872.85,6028
2024-10-03,1979.8,1960.0,1995.45,1910.05,1923.6,82006,159248549.05,7227
2024-10-04,1923.6,1925.0,1994.0,1872.05,1921.25,118885,231028540.95,11757
2024-10-07,1921.25,1921.9,1953.9,1826.05,1836.95,100362,188165024.2,10303
2024-10-08,1836.95,1831.0,1938.05,1820.0,1900.45,84530,159956291.65,9389
2024-10-09,1900.45,1939.95,1989.0,1915.05,1948.55,79768,155957154.05,11540
2024-10-10,1948.55,1963.65,1977.75,1868.0,1877.95,62758,119864261.45,7652
2024-10-11,1877.95,1890.0,1920.0,1861.05,1895.65,42788,80723232.7,4989
2024-10-14,1895.65,1899.95,1960.0,1877.05,1922.25,102209,196243767.25,5145
2024-10-15,1922.25,1952.9,1952.9,1920.85,1934.6,37350,72376810.55,4409
2024-10-16,1934.6,1934.65,2033.75,1922.95,1998.3,183155,365264089.4,8763
2024-10-17,1998.3,2034.0,2120.5,2000.0,2018.9,375127,771896758.25,39392
2024-10-18,2018.9,1996.0,2043.45,1958.1,2018.05,78649,158144352.4,18419
2024-10-21,2018.05,2018.05,2029.75,1930.3,1955.2,46320,91287869.6,8000
2024-10-22,1955.2,1953.8,1953.8,1818.2,1839.05,113073,211278964.05,15412
2024-10-23,1839.05,1837.0,1881.3,1801.25,1843.35,67039,123985693.55,14813
2024-10-24,1843.35,1845.85,1869.3,1803.8,1814.95,72162,131933776.05,10037
2024-10-25,1814.95,1824.2,1845.05,1773.6,1807.4,97504,175509878.45,18285
2024-10-28,1807.4,1780.3,1848.0,1761.6,1828.85,53402,96231186.45,12144
2024-10-29,1828.85,1825.0,1848.0,1795.0,1820.5,53829,97692945.15,9968
2024-10-30,1820.5,1820.5,1875.2,1793.3,1806.0,82741,150477912.4,17896
2024-10-31,1806.0,1810.2,1882.35,1810.2,1830.3,185703,340593592.3,9866
2024-11-01,1830.3,1832.35,1875.1,1832.35,1861.3,9377,17478607.7,1514
2024-11-04,1861.3,1875.3,1875.3,1795.0,1815.25,29733,54023568.1,6377
2024-11-05,1815.25,1815.25,1830.0,1802.15,1810.85,58030,105133875.95,9002
2024-11-06,1810.85,1810.05,1842.95,1810.05,1838.25,36096,66257516.6,8017
2024-11-07,1838.25,1838.3,1869.85,1824.05,1827.7,28769,52957157.15,7346
2024-11-08,1827.7,1827.7,1867.1,1804.5,1850.0,43172,79511180.4,7223
2024-11-11,1850.0,1849.95,1927.7,1823.05,1882.95,249836,469817366.3,32911
2024-11-12,1882.95,1912.0,1933.95,1858.05,1862.25,50673,94986004.55,8776
2024-11-13,1862.25,1895.0,1908.45,1836.05,1853.75,95313,177643164.4,16066
2024-11-14,1853.75,1835.5,1915.1,1834.0,1897.75,76738,145205072.85,12405
2024-11-18,1897.75,1929.95,1933.75,1844.95,1915.0,62414,118384595.85,11860
2024-11-19,1915.0,1915.0,1938.0,1872.05,1900.9,36596,70023174.9,7039
2024-11-21,1900.9,1905.95,2019.0,1905.0,1991.2,396104,786817746.3,48641
2024-11-22,1991.2,1992.15,2045.0,1959.15,2019.3,74968,150120524.0,13968
2024-11-25,2019.3,2073.0,2097.0,2004.45,2061.8,166279,342234853.85,24258
2024-11-26,2061.8,2070.0,2100.85,2011.8,2072.7,94373,193501512.1,16803
2024-11-27,2072.7,2088.9,2093.0,2014.15,2067.65,63758,131146455.85,14498
2024-11-28,2067.65,2066.0,2083.0,2023.8,2033.7,33801,69123974.55,7785
2024-11-29,2033.7,2040.0,2145.0,2031.05,2127.5,91057,190815846.7,13287
2024-12-02,2127.5,2145.0,2208.45,2129.9,2184.25,178038,388797763.55,24722
2024-12-03,2184.25,2220.0,2220.0,2167.0,2197.65,75806,166082690.4,12138
2024-12-04,2197.65,2199.0,2220.0,2135.1,2181.1,79147,172584413.35,13894
2024-12-05,2181.1,2161.0,2207.0,2140.35,2198.35,58728,127974008.4,8604
2024-12-06,2198.35,2195.1,2198.0,2136.1,2171.7,65346,141761262.5,12614
2024-12-09,2171.7,2185.0,2185.0,2090.0,2101.75,56040,119180715.85,10365
2024-12-10,2101.75,2090.0,2109.6,2072.6,2093.05,45558,95086960.4,11365
2024-12-11,2093.05,2124.8,2216.5,2071.05,2194.7,103440,225198438.4,19742
2024-12-12,2194.7,2199.35,2206.0,2130.0,2142.45,50781,110069833.9,8070
2024-12-13,2142.45,2139.85,2145.0,2095.8,2111.4,30840,65250597.95,5602
2024-12-16,2111.4,2117.45,2133.0,2080.85,2103.5,38276,80443232.5,8222
2024-12-17,2103.5,2103.5,2103.5,2035.5,2059.1,89415,183718593.35,16056
2024-12-18,2059.1,2078.0,2185.5,2050.05,2173.35,225175,484621313.55,28526
2024-12-19,2173.35,2130.35,2178.8,2110.05,2125.2,121853,262004482.95,21585
2024-12-20,2125.2,2150.0,2162.95,2096.05,2129.35,55257,117734355.0,10245
2024-12-23,2129.35,2125.0,2153.0,2062.0,2135.9,61779,130151863.05,10547
2024-12-24,2135.9,2128.25,2182.0,2099.9,2151.05,24792,53065835.8,5844
2024-12-26,2151.05,2153.8,2235.0,2115.05,2189.15,89816,195547049.6,16211
2024-12-27,2189.15,2202.55,2207.8,2148.0,2165.2,41423,90236156.1,9451
2024-12-30,2165.2,2151.05,2241.0,2141.65,2192.35,102803,226704968.6,19766
2024-12-31,2192.35,2217.5,2401.0,2192.35,2210.75,1261993,2919091417.35,108703
2025-01-01,2210.75,2211.1,2219.95,2131.05,2148.75,135544,295522068.35,19217
2025-01-02,2148.75,2164.9,2164.9,2094.25,2121.85,74186,157409499.9,10997
2025-01-03,2121.85,2128.4,2137.7,2075.55,2083.9,40195,84524647.75,8364
2025-01-06,2083.9,2114.0,2201.0,2086.55,2155.05,189345,404214688.25,33124
2025-01-07,2155.05,2173.8,2188.0,2143.75,2172.95,93785,203425158.7,17753
2025-01-08,2172.95,2175.0,2285.0,2152.3,2262.9,314790,699754290.4,44873
2025-01-09,2262.9,2262.0,2345.0,2246.2,2320.15,334251,772594529.15,40776
2025-01-10,2320.15,2310.05,2310.05,2184.75,2256.5,129599,290821586.95,28857
2025-01-13,2256.5,2255.9,2359.0,2187.25,2267.2,367096,838989554.25,44684
2025-01-14,2267.2,2301.85,2340.0,2276.1,2327.4,129256,299251253.95,24382
2025-01-15,2327.4,2327.4,2357.4,2215.1,2252.95,186728,425947794.35,22978
2025-01-16,2252.95,2261.75,2315.0,2225.1,2240.75,76577,172873575.05,18393
2025-01-17,2240.75,2236.0,2254.75,2173.8,2178.0,47326,104191974.6,11417
2025-01-20,2178.0,2208.0,2253.25,2154.95,2168.7,124160,272181402.4,18238
2025-01-21,2168.7,2170.1,2226.85,2150.0,2160.45,348210,768697575.95,17461
2025-01-22,2160.45,2160.45,2163.5,2095.0,2120.55,55846,118468962.1,13452
2025-01-23,2120.55,2101.0,2172.95,2101.0,2124.8,32973,70309530.8,11431
2025-01-24,2124.8,2127.7,2156.45,2076.7,2096.55,78190,164897612.35,14446
2025-01-27,2096.55,2087.4,2089.05,1951.0,1980.75,102902,204664029.05,25656
2025-01-28,1980.75,1980.0,2097.95,1945.05,2043.2,130706,262405503.85,36738
2025-01-29,2043.2,2012.55,2066.0,2003.0,2051.55,38008,77533474.75,12967
2025-01-30,2051.55,2052.25,2098.05,2038.5,2066.55,165638,340737950.55,13547
2025-01-31,2066.55,2057.95,2226.95,2057.95,2154.65,103664,223052055.95,21100
2025-02-03,2099.85,2050.0,2150.0,2050.0,2139.9,30183,63963584.6,7674
2025-02-04,2139.9,2172.0,2265.0,2156.8,2237.25,112855,251122576.25,17529
2025-02-05,2237.25,2278.7,2309.95,2233.55,2272.8,141113,323022590.85,12712
2025-02-06,2272.8,2245.55,2347.05,2245.0,2342.2,124229,288417133.6,11456
2025-02-07,2342.2,2349.1,2369.85,2313.9,2345.6,65795,154471482.75,9984
2025-02-10,2345.6,2350.0,2451.7,2215.45,2235.2,548445,1298305122.3,64646
2025-02-11,2235.2,2240.0,2253.95,2075.8,2131.2,124226,263699409.45,22445
2025-02-12,2131.2,2131.2,2156.8,2085.65,2119.0,56475,119429598.75,11197
2025-02-13,2119.0,2117.05,2184.9,2090.0,2111.7,60836,130106331.7,12213
2025-02-14,2111.7,2000.0,2000.0,1689.4,1692.3,1049039,1883316429.9,92013
2025-02-17,1692.3,1668.4,1728.95,1482.6,1682.4,1130976,1796444631.7,138760
2025-02-18,1682.4,1675.0,1841.0,1662.05,1758.4,645389,1142882787.15,35196
2025-02-19,1758.4,1754.9,1754.9,1660.0,1678.85,131473,223543017.4,11759
2025-02-20,1678.85,1655.0,1710.05,1622.0,1678.0,92052,153607648.35,8937
2025-02-21,1678.0,1677.0,1692.95,1632.0,1650.2,109044,180415085.4,12506
2025-02-24,1650.2,1640.0,1717.0,1550.1,1688.0,135314,223001959.2,19415
2025-02-25,1688.0,1699.0,1699.0,1615.1,1628.65,68533,113171549.85,10153
2025-02-27,1628.65,1628.65,1633.45,1557.85,1589.3,125156,198825174.3,18169
2025-02-28,1589.3,1577.05,1577.05,1480.05,1496.1,202243,304603582.95,36812
2025-03-03,1496.1,1510.0,1542.65,1510.0,1521.4,81181,123609892.75,21151
2025-03-04,1521.4,1521.4,1794.4,1506.05,1743.5,1857804,3188175590.2,144817
2025-03-05,1743.5,1684.6,1805.4,1684.6,1747.45,553263,974986661.25,61197
2025-03-06,1747.45,1747.45,1776.0,1731.1,1747.25,90536,158448463.05,14901
2025-03-07,1747.25,1747.25,1761.1,1710.05,1725.55,39561,68374100.6,8109
2025-03-10,1725.55,1749.9,1749.9,1669.5,1677.05,38065,64644997.75,8200
2025-03-11,1677.05,1670.0,1688.0,1631.25,1643.95,48249,79592712.85,11596
2025-03-12,1643.95,1660.2,1660.2,1571.0,1621.95,77112,123678911.0,12823
2025-03-13,1621.95,1646.9,1661.9,1600.1,1649.15,43839,71598324.7,10994
2025-03-17,1649.15,1640.0,1645.95,1580.0,1593.85,40871,65936487.1,8963
2025-03-18,1593.85,1593.9,1667.0,1593.9,1651.35,73056,119376908.7,13361
2025-03-19,1651.35,1678.7,1705.95,1618.05,1651.75,141998,235024539.45,28624
2025-03-20,1651.75,1676.95,1676.95,1595.4,1643.3,184649,303112396.0,28907
2025-03-21,1643.3,1651.95,1693.0,1640.05,1680.25,62058,103644838.45,11013
2025-03-24,1680.25,1680.0,1746.6,1646.15,1662.4,68474,114262878.65,13422
2025-03-25,1662.4,1686.9,1699.8,1626.8,1690.55,122651,204546909.35,20131
2025-03-26,1690.55,1705.0,1705.0,1642.2,1653.9,93716,156256510.6,11758
2025-03-27,1653.9,1675.0,1738.85,1637.15,1720.6,117074,198913080.0,22095
2025-03-28,1720.6,1746.4,1746.4,1661.5,1680.6,109738,184701650.15,13881
2025-04-01,1680.6,1655.4,1690.45,1649.0,1662.9,70893,117586473.1,14940
2025-04-02,1662.9,1658.1,1721.95,1640.05,1696.6,46411,78122395.25,9117
2025-04-03,1696.6,1696.6,1745.65,1696.2,1720.85,63751,109904775.95,13671
2025-04-04,1720.85,1736.0,1736.0,1636.55,1656.65,45652,75997201.05,9685
2025-04-07,1656.65,1570.0,1604.95,1550.0,1582.05,62971,99474630.25,12358
2025-04-08,1582.05,1605.8,1624.95,1585.0,1596.55,28028,45040858.8,5854
2025-04-09,1596.55,1617.0,1674.85,1580.65,1605.5,202911,329466719.95,33602
2025-04-11,1605.5,1643.45,1673.95,1622.0,1653.85,87950,145086871.9,15587
2025-04-15,1653.85,1700.0,1749.0,1674.5,1733.1,62133,107380013.6,13913
2025-04-16,1733.1,1730.0,1769.6,1722.6,1741.2,38239,66701942.5,9055
2025-04-17,1741.2,1741.3,1743.1,1708.6,1721.9,46757,80546471.2,6286
2025-04-21,1721.9,1749.0,1749.0,1701.0,1712.3,167961,289124917.9,14179
2025-04-22,1712.3,1737.8,1739.4,1669.3,1678.7,53564,90415101.8,9741
2025-04-23,1678.7,1692.0,1692.0,1641.6,1648.5,62037,102795865.9,10406
2025-04-24,1648.5,1664.0,1697.8,1618.9,1650.7,134575,223663453.7,14219
2025-04-25,1650.7,1643.0,1649.5,1580.0,1588.0,69980,111881759.7,14904
2025-04-28,1588.0,1585.0,1588.7,1543.4,1553.3,87592,136622656.6,12469
2025-04-29,1553.3,1576.6,1602.9,1540.3,1557.8,96390,151091740.7,20865
2025-04-30,1557.8,1583.0,1583.0,1510.1,1518.6,100275,154982765.7,17117
2025-05-02,1518.6,1518.6,1531.2,1478.2,1490.6,114337,170881134.5,19096
2025-05-05,1490.6,1505.0,1505.2,1432.7,1437.9,259726,379223311.9,33637
2025-05-06,1437.9,1435.0,1437.9,1351.6,1386.7,344463,480723857.2,35713
2025-05-07,1386.7,1386.7,1433.0,1375.0,1396.6,230750,324054002.0,36446
2025-05-08,1396.6,1409.9,1547.7,1406.6,1523.0,1712119,2598128383.7,126943
2025-05-09,1523.0,1470.0,1559.6,1345.0,1543.6,310839,472400621.6,37486
2025-05-12,1543.6,1552.0,1591.0,1495.6,1511.1,166473,253659165.4,23022
2025-05-13,1511.1,1523.2,1538.0,1500.1,1505.7,59506,90445303.6,9520
2025-05-14,1505.7,1509.9,1525.1,1491.1,1507.0,169010,254046176.3,19060
2025-05-15,1507.0,1513.0,1538.0,1506.6,1525.5,59707,91112722.5,7102
2025-05-16,1525.5,1530.0,1534.9,1491.1,1498.9,123720,186656059.0,13580
2025-05-19,1498.9,1509.9,1551.6,1496.8,1525.0,96891,148289120.3,11744
2025-05-20,1525.0,1540.0,1540.0,1503.2,1512.8,44938,68088205.6,8700
2025-05-21,1512.8,1524.0,1538.4,1503.0,1510.0,49800,75615912.0,6833
2025-05-22,1510.0,1501.0,1541.5,1496.0,1532.1,64687,98829870.9,9401
2025-05-23,1532.1,1528.9,1543.0,1510.0,1535.9,44432,68122481.7,6442
2025-05-26,1535.9,1544.0,1557.4,1520.2,1533.2,49532,76299639.6,7291
2025-05-27,1533.2,1537.8,1547.0,1526.1,1536.8,60377,92788855.3,7460
2025-05-28,1536.8,1565.0,1648.8,1531.7,1635.7,755172,1217340051.6,48291
2025-05-29,1635.7,1655.3,1688.8,1638.1,1666.9,237986,397312311.1,20116
2025-05-30,1666.9,1750.0,1784.9,1691.4,1748.5,1450214,2524926007.5,78903
2025-06-02,1748.5,1763.1,1834.9,1755.4,1819.4,446110,809296027.8,38378
2025-06-03,1819.4,1820.0,1848.6,1801.1,1834.9,152855,279559107.0,18244
2025-06-04,1834.9,1834.9,1898.4,1825.0,1876.0,174053,325063306.3,18336
2025-06-05,1876.0,1888.3,1923.4,1837.4,1850.7,130582,245009067.2,17988
2025-06-06,1850.7,1862.3,1965.5,1846.8,1926.6,163150,312400783.4,18553
2025-06-09,1926.6,1936.6,2058.0,1919.5,2013.0,324390,653317041.3,39680
2025-06-10,2013.0,2019.0,2124.9,2012.0,2099.7,404994,845583555.1,39559
2025-06-11,2099.7,2109.0,2150.4,2086.4,2130.4,229252,485642130.3,22908
2025-06-12,2130.4,2130.4,2136.2,2040.0,2063.6,178500,372080040.6,24461
2025-06-13,2063.6,2010.3,2123.0,1990.6,2109.7,166986,345768209.0,11821
2025-06-16,2109.7,2115.0,2146.0,2085.7,2095.8,141595,297815172.3,10113
2025-06-17,2095.8,2110.9,2110.9,2052.2,2071.0,100710,210705112.0,6594
2025-06-18,2071.0,2071.0,2083.4,1967.4,2008.9,150445,302408568.9,15324
2025-06-19,2008.9,2019.6,2059.5,1955.9,1973.3,97014,195542324.8,7249
2025-06-20,1973.3,2038.9,2038.9,1800.0,1837.3,1172717,2170413686.4,56070
2025-06-23,1837.3,1798.0,1843.6,1773.6,1821.8,238729,433100662.6,24498
2025-06-24,1821.8,1831.6,1836.4,1766.4,1780.4,259746,463825966.5,40775
2025-06-25,1780.4,1794.9,1852.3,1762.8,1814.9,268335,486463613.4,29723
2025-06-26,1814.9,1814.9,1839.8,1791.6,1798.6,131004,237607288.4,14094
2025-06-27,1798.6,1814.4,1838.3,1790.0,1823.5,117969,215057678.9,14552
2025-06-30,1823.5,1822.0,1858.7,1798.0,1839.6,133138,244276460.9,12097
2025-07-01,1839.6,1848.7,1848.9,1787.4,1795.3,55468,100447267.4,6402
2025-07-02,1795.3,1811.3,1811.3,1751.0,1757.2,100358,177537868.6,9374
2025-07-03,1757.2,1761.0,1773.1,1731.6,1750.2,120159,210296431.4,14656
2025-07-04,1750.2,1751.0,1763.8,1735.0,1737.7,66617,116214563.0,7743
2025-07-07,1737.7,1750.4,1818.0,1750.0,1760.8,284360,506962333.1,35518
2025-07-08,1760.8,1763.0,1814.4,1721.0,1793.0,298425,524001993.9,36705
2025-07-09,1793.0,1799.9,1874.7,1777.1,1819.9,410373,755745918.6,39976
2025-07-10,1819.9,1819.9,1827.9,1783.1,1808.5,114068,206209734.7,22269
2025-07-11,1808.5,1800.6,1822.0,1781.0,1803.3,124823,224579289.5,20625
2025-07-14,1803.3,1803.3,1852.4,1796.1,1836.8,183486,337250945.1,21685
2025-07-15,1836.8,1853.0,1853.0,1819.9,1835.2,107068,196889413.4,14137
2025-07-16,1835.2,1838.5,1868.0,1822.1,1838.6,241649,446546994.7,18830
2025-07-17,1838.6,1851.0,1942.9,1835.3,1920.5,624337,1181276932.8,58047
2025-07-18,1920.5,1925.0,1939.0,1885.1,1893.9,142352,271109869.6,17670
2025-07-21,1893.9,1898.0,1948.2,1877.7,1919.7,184371,354278294.1,24426
2025-07-22,1919.7,1919.7,1930.4,1875.5,1894.5,65350,124595327.9,10821
2025-07-23,1894.5,1889.8,1953.6,1870.1,1943.9,151465,291786490.1,17806
2025-07-24,1943.9,1952.7,1980.0,1922.0,1928.4,180397,351809860.5,24815
2025-07-25,1928.4,1935.2,1952.1,1865.0,1880.8,101577,193955399.3,12443
2025-07-28,1880.8,1887.7,1905.0,1850.0,1865.7,57086,107194635.9,11759
2025-07-29,1865.7,1865.7,1874.0,1812.1,1833.4,73960,136393688.2,12759
2025-07-30,1833.4,1835.0,1880.8,1815.2,1824.0,35254,64779999.2,6024
2025-07-31,1824.0,1814.8,1819.3,1760.1,1767.3,82947,148021655.5,12895
2025-08-01,1767.3,1758.6,1790.7,1735.0,1740.7,50248,88384874.4,11265
2025-08-04,1740.7,1732.1,1732.9,1686.6,1703.4,109006,185734037.4,17015
2025-08-05,1703.4,1694.8,1711.9,1669.3,1701.6,105246,178249093.3,18225
2025-08-06,1701.6,1735.0,1735.0,1634.0,1653.3,107831,179049031.3,18685
2025-08-07,1653.3,1666.5,1666.5,1616.3,1631.1,78384,128304706.3,16662
2025-08-08,1631.1,1634.9,1643.9,1590.0,1598.0,56811,91590147.8,11809
2025-08-11,1598.0,1486.1,1611.4,1479.9,1604.1,447644,697922751.1,39342
2025-08-12,1604.1,1607.2,1681.2,1583.8,1648.3,305842,500069181.3,28052
2025-08-13,1648.3,1645.0,1645.0,1615.1,1633.6,64789,105719259.4,16887
2025-08-14,1633.6,1633.6,1658.8,1625.1,1642.5,55589,91562483.0,5958
2025-08-18,1642.5,1640.0,1659.4,1620.5,1635.0,55696,91076209.1,9664
2025-08-19,1635.0,1635.0,1655.0,1627.7,1646.8,98607,162337382.6,20938
2025-08-20,1646.8,1648.6,1701.5,1646.7,1693.4,157951,266393018.1,17376
2025-08-21,1693.4,1715.0,1801.9,1708.0,1750.2,358111,629460208.9,40345
2025-08-22,1750.2,1750.0,1801.9,1727.9,1767.6,189046,335269120.2,28288
2025-08-25,1767.6,1767.6,1767.6,1708.1,1718.6,81604,141347630.6,13469
2025-08-26,1718.6,1718.6,1733.9,1688.6,1706.1,64094,109396299.2,12865
2025-08-28,1706.1,1700.5,1705.0,1671.7,1695.7,66789,113012267.8,9439
2025-08-29,1695.7,1694.0,1717.9,1675.8,1681.7,49952,84738361.1,9577
2025-09-01,1681.7,1675.0,1706.9,1669.1,1685.9,70991,119849884.5,13515
2025-09-02,1685.9,1714.0,1714.0,1670.1,1688.6,50765,85612627.0,7342
2025-09-03,1688.6,1675.0,1710.0,1649.0,1698.9,155966,260013820.1,18094
2025-09-04,1698.9,1700.1,1730.0,1658.4,1668.7,60787,101747850.1,9422
2025-09-05,1668.7,1662.3,1692.9,1650.3,1657.7,107671,179434035.4,14863
2025-09-08,1657.7,1670.0,1678.3,1603.6,1610.8,48893,79765049.5,6722
2025-09-09,1610.8,1615.0,1628.0,1573.8,1582.3,127714,203264640.1,16201
2025-09-10,1582.3,1605.0,1680.0,1605.0,1670.2,123535,204123288.8,16201
2025-09-11,1670.2,1679.9,1679.9,1632.1,1638.8,83177,136429741.4,13910
2025-09-12,1638.8,1654.0,1654.0,1625.1,1639.0,133050,218027204.7,8983
2025-09-15,1639.0,1642.0,1680.0,1631.4,1660.5,248183,410238283.5,11507
2025-09-16,1660.5,1668.0,1671.1,1611.6,1621.2,51292,83918793.7,9110
2025-09-17,1621.2,1629.0,1642.6,1607.0,1635.5,89485,145585299.8,9886
2025-09-18,1635.5,1628.0,1672.0,1626.0,1657.7,113142,185414043.4,9971
2025-09-19,1657.7,1667.8,1704.0,1657.7,1695.1,132296,223266551.2,13319
2025-09-22,1695.1,1695.0,1695.0,1617.0,1620.6,127084,207571472.7,11979
2025-09-23,1620.6,1620.6,1639.5,1609.7,1624.4,73974,120142500.1,10752
2025-09-24,1624.4,1630.0,1639.0,1613.0,1629.6,72033,117265697.7,8654
2025-09-25,1629.6,1635.0,1635.0,1583.0,1589.2,64382,103569190.2,11081
2025-09-26,1589.2,1568.0,1580.4,1523.9,1565.4,210631,328158795.1,20139
2025-09-29,1565.4,1565.4,1620.0,1541.0,1593.9,63784,101111127.6,11141
2025-09-30,1593.9,1620.0,1659.9,1586.0,1647.7,148785,241562892.7,17669
2025-10-01,1647.7,1647.7,1667.6,1623.3,1634.2,57986,94839856.2,9412
2025-10-03,1634.2,1633.0,1635.5,1591.4,1597.1,54957,88815202.6,8492
2025-10-06,1597.1,1605.0,1628.0,1578.2,1620.5,96463,155340404.2,16417
2025-10-07,1620.5,1629.9,1644.1,1617.9,1626.8,59814,97378559.4,8626
2025-10-08,1626.8,1625.1,1647.8,1596.0,1609.2,309042,500907774.3,7981
2025-10-09,1609.2,1604.0,1616.4,1580.1,1590.1,87488,139764483.0,7964
2025-10-10,1590.1,1588.1,1627.0,1579.2,1603.0,168044,267761238.7,7666
2025-10-13,1603.0,1604.0,1621.5,1557.5,1565.2,41935,66187932.6,5293
2025-10-14,1565.2,1570.9,1579.2,1511.6,1516.6,75265,116120589.9,9015
2025-10-15,1516.6,1515.1,1532.7,1494.1,1507.5,198073,298652836.8,19013
2025-10-16,1507.5,1507.5,1533.7,1500.4,1527.2,30125,45703234.6,6136
2025-10-17,1527.2,1532.9,1548.7,1507.5,1530.9,54181,82762334.0,10277
2025-10-20,1530.9,1530.9,1530.9,1489.0,1496.7,173718,260189932.6,25324
2025-10-21,1496.7,1508.8,1534.0,1508.8,1522.4,23606,35917480.5,1160
2025-10-23,1522.4,1533.7,1533.7,1505.0,1512.6,67232,101959620.3,11361
2025-10-24,1512.6,1512.0,1512.1,1464.0,1474.5,432905,642617244.1,20343
2025-10-27,1474.5,1472.2,1478.4,1452.0,1457.7,90302,131716689.7,12174
2025-10-28,1457.7,1457.7,1468.3,1425.2,1432.0,90056,129654210.1,12754
2025-10-29,1432.0,1435.6,1458.0,1432.6,1452.6,66598,96599215.5,7333
2025-10-30,1452.6,1455.2,1463.0,1440.1,1453.9,59865,86973464.6,8476
2025-10-31,1453.9,1458.3,1458.3,1437.5,1443.8,41125,59623804.1,5087
2025-11-03,1443.8,1443.8,1478.6,1439.1,1469.7,56016,82046237.7,6292
2025-11-04,1469.7,1469.7,1474.0,1452.2,1454.9,20379,29763644.1,3015
2025-11-06,1454.9,1455.0,1460.3,1407.0,1411.4,48058,68201112.6,11596
2025-11-07,1411.4,1411.0,1424.6,1383.0,1394.9,126310,176050283.7,10839
2025-11-10,1394.9,1399.0,1450.0,1398.1,1439.2,51714,73999602.9,7363
2025-11-11,1439.2,1444.8,1466.1,1407.2,1453.5,113717,164284193.1,11054
2025-11-12,1453.5,1456.9,1468.9,1451.1,1463.2,32042,46791872.6,4521
2025-11-13,1463.2,1485.1,1494.0,1448.3,1458.8,50129,74116060.8,7286
2025-11-14,1458.8,1390.0,1510.1,1389.9,1499.2,182690,270854190.4,16895
2025-11-17,1499.2,1513.0,1513.0,1473.1,1502.3,55533,83173858.2,10853
2025-11-18,1502.3,1500.0,1510.1,1493.0,1501.3,63607,95467820.1,11470
2025-11-19,1501.3,1500.0,1500.0,1444.0,1448.7,346596,509823181.6,14696
2025-11-20,1448.7,1429.0,1451.3,1424.7,1440.4,47660,68504265.8,7255
2025-11-21,1440.4,1441.8,1452.4,1415.0,1427.7,36418,52073603.4,7792
2025-11-24,1427.7,1425.0,1440.4,1407.9,1411.7,33578,47790932.4,6597
2025-11-25,1411.7,1429.8,1429.9,1392.0,1402.2,69850,98050859.1,12973
2025-11-26,1402.2,1402.7,1447.1,1400.8,1439.8,30142,43277045.5,3946
2025-11-27,1439.8,1439.9,1450.4,1420.2,1428.9,26951,38530863.7,4987
2025-11-28,1428.9,1439.0,1447.6,1404.0,1417.6,82980,117733828.9,13302
2025-12-01,1417.6,1417.6,1444.0,1415.5,1432.9,65962,94224272.1,7426
2025-12-02,1432.9,1433.0,1445.1,1420.0,1437.6,23896,34322356.6,4239
2025-12-03,1437.6,1431.0,1440.1,1395.1,1405.0,61190,86159357.6,12033
2025-12-04,1405.0,1400.2,1424.6,1392.4,1401.6,63061,89025077.7,13320
2025-12-05,1401.6,1402.5,1429.8,1392.0,1408.4,51263,72589827.6,11558
2025-12-08,1408.4,1408.4,1419.2,1350.2,1362.6,127746,176863025.7,11973
2025-12-09,1362.6,1362.6,1409.5,1334.2,1391.4,153622,208921819.6,15103
2025-12-10,1391.4,1375.0,1412.0,1359.9,1381.1,78865,109592857.6,11385
2025-12-11,1381.1,1380.0,1380.4,1361.5,1370.2,30781,42199761.3,4554
2025-12-12,1370.2,1371.0,1384.4,1354.6,1369.8,72706,99447289.4,7489
2025-12-15,1369.8,1375.1,1399.2,1355.0,1360.6,322169,439198935.8,10184
2025-12-16,1360.6,1360.6,1387.8,1354.4,1379.4,46583,63918482.0,5350
2025-12-17,1379.4,1379.4,1380.0,1325.0,1331.2,63699,85849687.2,11000
2025-12-18,1331.2,1328.1,1354.5,1314.9,1343.9,52102,69505806.4,10696
2025-12-19,1343.9,1348.9,1367.4,1325.6,1336.0,44041,58992419.8,8025
2025-12-22,1336.0,1346.7,1359.7,1318.0,1329.0,119085,159291803.4,12838
2025-12-23,1329.0,1331.1,1348.9,1327.0,1343.9,34848,46652093.9,4667
2025-12-24,1343.9,1367.1,1367.1,1332.1,1347.7,35741,48181205.4,4198
2025-12-26,1347.7,1341.7,1345.0,1336.6,1340.0,26331,35302985.3,2368
2025-12-29,1340.0,1341.9,1346.2,1330.0,1336.2,44017,58778554.6,4223
2025-12-30,1336.2,1334.0,1369.8,1325.5,1340.8,152310,206303349.1,15679
2025-12-31,1340.8,1341.1,1357.9,1340.8,1345.6,40821,55099683.4,4274
